{
  "scale": 0.04,
  "scene_to_metric": 0.04,
  "center": [
    1.5736372181609153,
    6.0096276746585735,
    13.04301701188505
  ],
  "near": 0.013029454292246886,
  "far": 1.0116793454445256
}