{
  "orientation": [
    [
      0.9973199963569641,
      0.028854837641119957,
      0.06723248958587646
    ],
    [
      -0.042856939136981964,
      0.9751845598220825,
      0.21720589697360992
    ],
    [
      -0.05929664522409439,
      -0.2195051610469818,
      0.973807692527771
    ]
  ],
  "position": [
    -2.562533140182495,
    0.05309129133820534,
    -1.3236050605773926
  ],
  "focal_length": 1474.2796630859375,
  "principal_point": [
    320.0,
    240.0
  ],
  "skew": 0.0,
  "pixel_aspect_ratio": 1.0,
  "radial_distortion": [
    0.057124994695186615,
    0.07796183973550797,
    0.0
  ],
  "tangential_distortion": [
    0.02577873319387436,
    -0.030609173700213432
  ],
  "image_size": [
    640,
    480
  ]
}