{
  "orientation": [
    [
      0.9946654438972473,
      0.1008344367146492,
      0.021749936044216156
    ],
    [
      -0.10299398750066757,
      0.9590792655944824,
      0.26374074816703796
    ],
    [
      0.005734235513955355,
      -0.26457393169403076,
      0.9643483757972717
    ]
  ],
  "position": [
    -3.388495683670044,
    0.3733856976032257,
    -1.2727563381195068
  ],
  "focal_length": 1474.2796630859375,
  "principal_point": [
    320.0,
    240.0
  ],
  "skew": 0.0,
  "pixel_aspect_ratio": 1.0,
  "radial_distortion": [
    0.057124994695186615,
    0.07796183973550797,
    0.0
  ],
  "tangential_distortion": [
    0.02577873319387436,
    -0.030609173700213432
  ],
  "image_size": [
    640,
    480
  ]
}