{
  "orientation": [
    [
      0.7873357534408569,
      -0.30833128094673157,
      0.5338859558105469
    ],
    [
      0.14454562962055206,
      0.9341413974761963,
      0.32632261514663696
    ],
    [
      -0.5993404388427734,
      -0.1797545850276947,
      0.7800508737564087
    ]
  ],
  "position": [
    4.712442874908447,
    -1.144889235496521,
    2.509115219116211
  ],
  "focal_length": 1474.2796630859375,
  "principal_point": [
    320.0,
    240.0
  ],
  "skew": 0.0,
  "pixel_aspect_ratio": 1.0,
  "radial_distortion": [
    0.057124994695186615,
    0.07796183973550797,
    0.0
  ],
  "tangential_distortion": [
    0.02577873319387436,
    -0.030609173700213432
  ],
  "image_size": [
    640,
    480
  ]
}