{
  "orientation": [
    [
      0.9318751096725464,
      -0.11490452289581299,
      0.3441013991832733
    ],
    [
      0.037005480378866196,
      0.9736744165420532,
      0.22491946816444397
    ],
    [
      -0.36088699102401733,
      -0.19686320424079895,
      0.9115949869155884
    ]
  ],
  "position": [
    0.35173100233078003,
    0.38034266233444214,
    -0.15021418035030365
  ],
  "focal_length": 1474.2796630859375,
  "principal_point": [
    320.0,
    240.0
  ],
  "skew": 0.0,
  "pixel_aspect_ratio": 1.0,
  "radial_distortion": [
    0.057124994695186615,
    0.07796183973550797,
    0.0
  ],
  "tangential_distortion": [
    0.02577873319387436,
    -0.030609173700213432
  ],
  "image_size": [
    640,
    480
  ]
}