{
  "orientation": [
    [
      0.9129729270935059,
      -0.19590657949447632,
      0.35791200399398804
    ],
    [
      0.0998125746846199,
      0.9577738642692566,
      0.2696417570114136
    ],
    [
      -0.3956233561038971,
      -0.21045152842998505,
      0.893975555896759
    ]
  ],
  "position": [
    1.2890126705169678,
    0.28271248936653137,
    0.2904615104198456
  ],
  "focal_length": 1474.2796630859375,
  "principal_point": [
    320.0,
    240.0
  ],
  "skew": 0.0,
  "pixel_aspect_ratio": 1.0,
  "radial_distortion": [
    0.057124994695186615,
    0.07796183973550797,
    0.0
  ],
  "tangential_distortion": [
    0.02577873319387436,
    -0.030609173700213432
  ],
  "image_size": [
    640,
    480
  ]
}