{
  "orientation": [
    [
      0.8402976989746094,
      -0.28164780139923096,
      0.4632216691970825
    ],
    [
      0.16324526071548462,
      0.9462524652481079,
      0.279208242893219
    ],
    [
      -0.516963005065918,
      -0.15899929404258728,
      0.841111421585083
    ]
  ],
  "position": [
    2.761583089828491,
    -0.7638229727745056,
    1.7342487573623657
  ],
  "focal_length": 1474.2796630859375,
  "principal_point": [
    320.0,
    240.0
  ],
  "skew": 0.0,
  "pixel_aspect_ratio": 1.0,
  "radial_distortion": [
    0.057124994695186615,
    0.07796183973550797,
    0.0
  ],
  "tangential_distortion": [
    0.02577873319387436,
    -0.030609173700213432
  ],
  "image_size": [
    640,
    480
  ]
}