{
  "orientation": [
    [
      0.9269466996192932,
      -0.1216001883149147,
      0.35494112968444824
    ],
    [
      0.04144973307847977,
      0.9734214544296265,
      0.2252388596534729
    ],
    [
      -0.3728964030742645,
      -0.1940722018480301,
      0.9073501229286194
    ]
  ],
  "position": [
    0.46581703424453735,
    0.29959654808044434,
    -0.0528494231402874
  ],
  "focal_length": 1474.2796630859375,
  "principal_point": [
    320.0,
    240.0
  ],
  "skew": 0.0,
  "pixel_aspect_ratio": 1.0,
  "radial_distortion": [
    0.057124994695186615,
    0.07796183973550797,
    0.0
  ],
  "tangential_distortion": [
    0.02577873319387436,
    -0.030609173700213432
  ],
  "image_size": [
    640,
    480
  ]
}