{
  "orientation": [
    [
      0.9580176472663879,
      -0.0775219202041626,
      0.276030033826828
    ],
    [
      0.006291888654232025,
      0.968204915523529,
      0.2500791847705841
    ],
    [
      -0.2866402566432953,
      -0.23784351348876953,
      0.9280451536178589
    ]
  ],
  "position": [
    0.6889150142669678,
    0.5078474283218384,
    -0.7933247685432434
  ],
  "focal_length": 1474.2796630859375,
  "principal_point": [
    320.0,
    240.0
  ],
  "skew": 0.0,
  "pixel_aspect_ratio": 1.0,
  "radial_distortion": [
    0.057124994695186615,
    0.07796183973550797,
    0.0
  ],
  "tangential_distortion": [
    0.02577873319387436,
    -0.030609173700213432
  ],
  "image_size": [
    640,
    480
  ]
}