{
  "orientation": [
    [
      0.9982888698577881,
      0.04903944209218025,
      0.031850263476371765
    ],
    [
      -0.05436450242996216,
      0.9789635539054871,
      0.19665935635566711
    ],
    [
      -0.02153618261218071,
      -0.19805437326431274,
      0.9799544215202332
    ]
  ],
  "position": [
    -4.504541873931885,
    -0.22556418180465698,
    -1.2888214588165283
  ],
  "focal_length": 1474.2796630859375,
  "principal_point": [
    320.0,
    240.0
  ],
  "skew": 0.0,
  "pixel_aspect_ratio": 1.0,
  "radial_distortion": [
    0.057124994695186615,
    0.07796183973550797,
    0.0
  ],
  "tangential_distortion": [
    0.02577873319387436,
    -0.030609173700213432
  ],
  "image_size": [
    640,
    480
  ]
}