{
  "orientation": [
    [
      0.9854118824005127,
      0.12572550773620605,
      -0.11470203846693039
    ],
    [
      -0.10230337828397751,
      0.9762165546417236,
      0.19114191830158234
    ],
    [
      0.1360054463148117,
      -0.17661911249160767,
      0.9748375415802002
    ]
  ],
  "position": [
    -7.042590141296387,
    -0.27644094824790955,
    -1.0263491868972778
  ],
  "focal_length": 1474.2796630859375,
  "principal_point": [
    320.0,
    240.0
  ],
  "skew": 0.0,
  "pixel_aspect_ratio": 1.0,
  "radial_distortion": [
    0.057124994695186615,
    0.07796183973550797,
    0.0
  ],
  "tangential_distortion": [
    0.02577873319387436,
    -0.030609173700213432
  ],
  "image_size": [
    640,
    480
  ]
}