{
  "orientation": [
    [
      0.9957103133201599,
      0.08609504997730255,
      0.0338914729654789
    ],
    [
      -0.09214843064546585,
      0.955771803855896,
      0.27930083870887756
    ],
    [
      -0.008346093818545341,
      -0.2812257707118988,
      0.95960533618927
    ]
  ],
  "position": [
    -4.584362983703613,
    0.6515503525733948,
    -0.9397311806678772
  ],
  "focal_length": 1474.2796630859375,
  "principal_point": [
    320.0,
    240.0
  ],
  "skew": 0.0,
  "pixel_aspect_ratio": 1.0,
  "radial_distortion": [
    0.057124994695186615,
    0.07796183973550797,
    0.0
  ],
  "tangential_distortion": [
    0.02577873319387436,
    -0.030609173700213432
  ],
  "image_size": [
    640,
    480
  ]
}