{
  "orientation": [
    [
      0.9838693737983704,
      0.129075825214386,
      -0.12385687232017517
    ],
    [
      -0.10448382049798965,
      0.9766327142715454,
      0.18780745565891266
    ],
    [
      0.1452040821313858,
      -0.1718369573354721,
      0.9743653535842896
    ]
  ],
  "position": [
    -7.202313423156738,
    -0.3120523989200592,
    -1.0353844165802002
  ],
  "focal_length": 1474.2796630859375,
  "principal_point": [
    320.0,
    240.0
  ],
  "skew": 0.0,
  "pixel_aspect_ratio": 1.0,
  "radial_distortion": [
    0.057124994695186615,
    0.07796183973550797,
    0.0
  ],
  "tangential_distortion": [
    0.02577873319387436,
    -0.030609173700213432
  ],
  "image_size": [
    640,
    480
  ]
}