{
  "orientation": [
    [
      0.8935494422912598,
      -0.2360498011112213,
      0.38190293312072754
    ],
    [
      0.12793605029582977,
      0.9492352604866028,
      0.28737565875053406
    ],
    [
      -0.43035072088241577,
      -0.2079252153635025,
      0.8783879280090332
    ]
  ],
  "position": [
    2.802830219268799,
    -0.25319966673851013,
    1.110753059387207
  ],
  "focal_length": 1474.2796630859375,
  "principal_point": [
    320.0,
    240.0
  ],
  "skew": 0.0,
  "pixel_aspect_ratio": 1.0,
  "radial_distortion": [
    0.057124994695186615,
    0.07796183973550797,
    0.0
  ],
  "tangential_distortion": [
    0.02577873319387436,
    -0.030609173700213432
  ],
  "image_size": [
    640,
    480
  ]
}