{
  "orientation": [
    [
      0.9567645192146301,
      -0.11411217600107193,
      0.26754453778266907
    ],
    [
      0.038326311856508255,
      0.9612678289413452,
      0.2729381322860718
    ],
    [
      -0.28832754492759705,
      -0.2508835196495056,
      0.9240804314613342
    ]
  ],
  "position": [
    -0.6358810067176819,
    0.5827040076255798,
    -0.5457161664962769
  ],
  "focal_length": 1474.2796630859375,
  "principal_point": [
    320.0,
    240.0
  ],
  "skew": 0.0,
  "pixel_aspect_ratio": 1.0,
  "radial_distortion": [
    0.057124994695186615,
    0.07796183973550797,
    0.0
  ],
  "tangential_distortion": [
    0.02577873319387436,
    -0.030609173700213432
  ],
  "image_size": [
    640,
    480
  ]
}