{
  "orientation": [
    [
      0.9797695875167847,
      0.13657499849796295,
      -0.14628328382968903
    ],
    [
      -0.10816852003335953,
      0.976370096206665,
      0.18708570301532745
    ],
    [
      0.1683778464794159,
      -0.16747763752937317,
      0.9713908433914185
    ]
  ],
  "position": [
    -7.5418548583984375,
    -0.3969048261642456,
    -1.0192431211471558
  ],
  "focal_length": 1474.2796630859375,
  "principal_point": [
    320.0,
    240.0
  ],
  "skew": 0.0,
  "pixel_aspect_ratio": 1.0,
  "radial_distortion": [
    0.057124994695186615,
    0.07796183973550797,
    0.0
  ],
  "tangential_distortion": [
    0.02577873319387436,
    -0.030609173700213432
  ],
  "image_size": [
    640,
    480
  ]
}