{
  "orientation": [
    [
      0.9955551028251648,
      0.09074608236551285,
      0.025203069671988487
    ],
    [
      -0.09417132288217545,
      0.9553283452987671,
      0.2801419794559479
    ],
    [
      0.001344580901786685,
      -0.28127020597457886,
      0.9596276879310608
    ]
  ],
  "position": [
    -4.666136264801025,
    0.6642920970916748,
    -0.9299520254135132
  ],
  "focal_length": 1474.2796630859375,
  "principal_point": [
    320.0,
    240.0
  ],
  "skew": 0.0,
  "pixel_aspect_ratio": 1.0,
  "radial_distortion": [
    0.057124994695186615,
    0.07796183973550797,
    0.0
  ],
  "tangential_distortion": [
    0.02577873319387436,
    -0.030609173700213432
  ],
  "image_size": [
    640,
    480
  ]
}