{
  "orientation": [
    [
      0.977321445941925,
      -0.027414780110120773,
      0.20997916162014008
    ],
    [
      -0.028798190876841545,
      0.9651658535003662,
      0.26004913449287415
    ],
    [
      -0.20979389548301697,
      -0.2601986229419708,
      0.9424877762794495
    ]
  ],
  "position": [
    -0.47390151023864746,
    0.6280043721199036,
    -0.8510833978652954
  ],
  "focal_length": 1474.2796630859375,
  "principal_point": [
    320.0,
    240.0
  ],
  "skew": 0.0,
  "pixel_aspect_ratio": 1.0,
  "radial_distortion": [
    0.057124994695186615,
    0.07796183973550797,
    0.0
  ],
  "tangential_distortion": [
    0.02577873319387436,
    -0.030609173700213432
  ],
  "image_size": [
    640,
    480
  ]
}