{
  "orientation": [
    [
      0.9978681802749634,
      0.044026557356119156,
      0.04817409813404083
    ],
    [
      -0.05277685448527336,
      0.9786068201065063,
      0.19885483384132385
    ],
    [
      -0.038388609886169434,
      -0.20097339153289795,
      0.9788442254066467
    ]
  ],
  "position": [
    -4.238481044769287,
    -0.16497258841991425,
    -1.2483022212982178
  ],
  "focal_length": 1474.2796630859375,
  "principal_point": [
    320.0,
    240.0
  ],
  "skew": 0.0,
  "pixel_aspect_ratio": 1.0,
  "radial_distortion": [
    0.057124994695186615,
    0.07796183973550797,
    0.0
  ],
  "tangential_distortion": [
    0.02577873319387436,
    -0.030609173700213432
  ],
  "image_size": [
    640,
    480
  ]
}