{
  "orientation": [
    [
      0.9191487431526184,
      -0.12886972725391388,
      0.3722340762615204
    ],
    [
      0.045503437519073486,
      0.9733811020851135,
      0.2246299684047699
    ],
    [
      -0.3912736177444458,
      -0.1895304173231125,
      0.9005460143089294
    ]
  ],
  "position": [
    0.622897207736969,
    0.17773739993572235,
    0.08678601682186127
  ],
  "focal_length": 1474.2796630859375,
  "principal_point": [
    320.0,
    240.0
  ],
  "skew": 0.0,
  "pixel_aspect_ratio": 1.0,
  "radial_distortion": [
    0.057124994695186615,
    0.07796183973550797,
    0.0
  ],
  "tangential_distortion": [
    0.02577873319387436,
    -0.030609173700213432
  ],
  "image_size": [
    640,
    480
  ]
}