{
  "orientation": [
    [
      0.8682560920715332,
      -0.2653942406177521,
      0.4191626012325287
    ],
    [
      0.14986594021320343,
      0.9457229375839233,
      0.28835445642471313
    ],
    [
      -0.47293928265571594,
      -0.18754731118679047,
      0.860903263092041
    ]
  ],
  "position": [
    3.3295328617095947,
    -0.7386580109596252,
    1.7141906023025513
  ],
  "focal_length": 1474.2796630859375,
  "principal_point": [
    320.0,
    240.0
  ],
  "skew": 0.0,
  "pixel_aspect_ratio": 1.0,
  "radial_distortion": [
    0.057124994695186615,
    0.07796183973550797,
    0.0
  ],
  "tangential_distortion": [
    0.02577873319387436,
    -0.030609173700213432
  ],
  "image_size": [
    640,
    480
  ]
}