{
  "orientation": [
    [
      0.9909656047821045,
      0.02571231685578823,
      0.13162840902805328
    ],
    [
      -0.060552943497896194,
      0.961499035358429,
      0.26805397868156433
    ],
    [
      -0.11966829746961594,
      -0.27360275387763977,
      0.9543694257736206
    ]
  ],
  "position": [
    -1.8887486457824707,
    0.7043237090110779,
    -0.8127022981643677
  ],
  "focal_length": 1474.2796630859375,
  "principal_point": [
    320.0,
    240.0
  ],
  "skew": 0.0,
  "pixel_aspect_ratio": 1.0,
  "radial_distortion": [
    0.057124994695186615,
    0.07796183973550797,
    0.0
  ],
  "tangential_distortion": [
    0.02577873319387436,
    -0.030609173700213432
  ],
  "image_size": [
    640,
    480
  ]
}