{
  "orientation": [
    [
      0.8442042469978333,
      -0.28736063838005066,
      0.45248544216156006
    ],
    [
      0.16092047095298767,
      0.9410855770111084,
      0.2974265515804291
    ],
    [
      -0.5112962126731873,
      -0.17827460169792175,
      0.8407106399536133
    ]
  ],
  "position": [
    3.796475648880005,
    -1.0065734386444092,
    2.0699503421783447
  ],
  "focal_length": 1474.2796630859375,
  "principal_point": [
    320.0,
    240.0
  ],
  "skew": 0.0,
  "pixel_aspect_ratio": 1.0,
  "radial_distortion": [
    0.057124994695186615,
    0.07796183973550797,
    0.0
  ],
  "tangential_distortion": [
    0.02577873319387436,
    -0.030609173700213432
  ],
  "image_size": [
    640,
    480
  ]
}