{
  "orientation": [
    [
      0.9562487006187439,
      -0.08141443133354187,
      0.2809985280036926
    ],
    [
      0.00915086641907692,
      0.9683516025543213,
      0.24942226707935333
    ],
    [
      -0.2924119234085083,
      -0.23593834042549133,
      0.9267299175262451
    ]
  ],
  "position": [
    0.760226845741272,
    0.4915129244327545,
    -0.7673466205596924
  ],
  "focal_length": 1474.2796630859375,
  "principal_point": [
    320.0,
    240.0
  ],
  "skew": 0.0,
  "pixel_aspect_ratio": 1.0,
  "radial_distortion": [
    0.057124994695186615,
    0.07796183973550797,
    0.0
  ],
  "tangential_distortion": [
    0.02577873319387436,
    -0.030609173700213432
  ],
  "image_size": [
    640,
    480
  ]
}