{
  "orientation": [
    [
      0.9625066518783569,
      -0.10750886052846909,
      0.24904370307922363
    ],
    [
      0.032371580600738525,
      0.9570697546005249,
      0.2880443036556244
    ],
    [
      -0.2693195044994354,
      -0.26918262243270874,
      0.9246662855148315
    ]
  ],
  "position": [
    0.3706783652305603,
    0.5582168698310852,
    -0.4969373941421509
  ],
  "focal_length": 1474.2796630859375,
  "principal_point": [
    320.0,
    240.0
  ],
  "skew": 0.0,
  "pixel_aspect_ratio": 1.0,
  "radial_distortion": [
    0.057124994695186615,
    0.07796183973550797,
    0.0
  ],
  "tangential_distortion": [
    0.02577873319387436,
    -0.030609173700213432
  ],
  "image_size": [
    640,
    480
  ]
}