{
  "orientation": [
    [
      0.8504319787025452,
      -0.21484875679016113,
      0.4802139699459076
    ],
    [
      0.08794127404689789,
      0.9580199718475342,
      0.2728811204433441
    ],
    [
      -0.5186827182769775,
      -0.18983620405197144,
      0.8336248993873596
    ]
  ],
  "position": [
    3.4968252182006836,
    -0.4494897425174713,
    1.3676220178604126
  ],
  "focal_length": 1474.2796630859375,
  "principal_point": [
    320.0,
    240.0
  ],
  "skew": 0.0,
  "pixel_aspect_ratio": 1.0,
  "radial_distortion": [
    0.057124994695186615,
    0.07796183973550797,
    0.0
  ],
  "tangential_distortion": [
    0.02577873319387436,
    -0.030609173700213432
  ],
  "image_size": [
    640,
    480
  ]
}