{
  "orientation": [
    [
      0.9959473013877869,
      0.08347337692975998,
      -0.03348356485366821
    ],
    [
      -0.07479550689458847,
      0.9754654765129089,
      0.20705723762512207
    ],
    [
      0.04994582757353783,
      -0.20371367037296295,
      0.9777556657791138
    ]
  ],
  "position": [
    -5.611961841583252,
    -0.2451515644788742,
    -1.1817054748535156
  ],
  "focal_length": 1474.2796630859375,
  "principal_point": [
    320.0,
    240.0
  ],
  "skew": 0.0,
  "pixel_aspect_ratio": 1.0,
  "radial_distortion": [
    0.057124994695186615,
    0.07796183973550797,
    0.0
  ],
  "tangential_distortion": [
    0.02577873319387436,
    -0.030609173700213432
  ],
  "image_size": [
    640,
    480
  ]
}