{
  "orientation": [
    [
      0.8986064791679382,
      -0.22000007331371307,
      0.3796134293079376
    ],
    [
      0.11929238587617874,
      0.9551184177398682,
      0.2711421847343445
    ],
    [
      -0.42222708463668823,
      -0.19836513698101044,
      0.8845199346542358
    ]
  ],
  "position": [
    1.5612093210220337,
    0.0868641659617424,
    0.6811544895172119
  ],
  "focal_length": 1474.2796630859375,
  "principal_point": [
    320.0,
    240.0
  ],
  "skew": 0.0,
  "pixel_aspect_ratio": 1.0,
  "radial_distortion": [
    0.057124994695186615,
    0.07796183973550797,
    0.0
  ],
  "tangential_distortion": [
    0.02577873319387436,
    -0.030609173700213432
  ],
  "image_size": [
    640,
    480
  ]
}