{
  "orientation": [
    [
      0.8783712387084961,
      -0.2532886266708374,
      0.4053502678871155
    ],
    [
      0.14116564393043518,
      0.9476901292800903,
      0.2862790524959564
    ],
    [
      -0.45665767788887024,
      -0.19423775374889374,
      0.8681793808937073
    ]
  ],
  "position": [
    3.115607500076294,
    -0.5487304329872131,
    1.4923313856124878
  ],
  "focal_length": 1474.2796630859375,
  "principal_point": [
    320.0,
    240.0
  ],
  "skew": 0.0,
  "pixel_aspect_ratio": 1.0,
  "radial_distortion": [
    0.057124994695186615,
    0.07796183973550797,
    0.0
  ],
  "tangential_distortion": [
    0.02577873319387436,
    -0.030609173700213432
  ],
  "image_size": [
    640,
    480
  ]
}