{
  "orientation": [
    [
      0.842221736907959,
      -0.22346918284893036,
      0.4906363785266876
    ],
    [
      0.09134268760681152,
      0.9560397863388062,
      0.2786475419998169
    ],
    [
      -0.5313370227813721,
      -0.18986697494983673,
      0.8256097435951233
    ]
  ],
  "position": [
    3.679417371749878,
    -0.542313277721405,
    1.484462022781372
  ],
  "focal_length": 1474.2796630859375,
  "principal_point": [
    320.0,
    240.0
  ],
  "skew": 0.0,
  "pixel_aspect_ratio": 1.0,
  "radial_distortion": [
    0.057124994695186615,
    0.07796183973550797,
    0.0
  ],
  "tangential_distortion": [
    0.02577873319387436,
    -0.030609173700213432
  ],
  "image_size": [
    640,
    480
  ]
}