{
  "orientation": [
    [
      0.9942115545272827,
      0.08950593322515488,
      -0.05943078547716141
    ],
    [
      -0.0743592157959938,
      0.9725041389465332,
      0.22069530189037323
    ],
    [
      0.07755022495985031,
      -0.21499858796596527,
      0.9735304713249207
    ]
  ],
  "position": [
    -4.755951881408691,
    0.0003574506554286927,
    -1.3701633214950562
  ],
  "focal_length": 1474.2796630859375,
  "principal_point": [
    320.0,
    240.0
  ],
  "skew": 0.0,
  "pixel_aspect_ratio": 1.0,
  "radial_distortion": [
    0.057124994695186615,
    0.07796183973550797,
    0.0
  ],
  "tangential_distortion": [
    0.02577873319387436,
    -0.030609173700213432
  ],
  "image_size": [
    640,
    480
  ]
}