{
  "orientation": [
    [
      0.9387292861938477,
      -0.1476200819015503,
      0.31144118309020996
    ],
    [
      0.06085209548473358,
      0.9604238271713257,
      0.27181440591812134
    ],
    [
      -0.33924078941345215,
      -0.23620828986167908,
      0.9105609655380249
    ]
  ],
  "position": [
    0.29876551032066345,
    0.4416371285915375,
    -0.21543990075588226
  ],
  "focal_length": 1474.2796630859375,
  "principal_point": [
    320.0,
    240.0
  ],
  "skew": 0.0,
  "pixel_aspect_ratio": 1.0,
  "radial_distortion": [
    0.057124994695186615,
    0.07796183973550797,
    0.0
  ],
  "tangential_distortion": [
    0.02577873319387436,
    -0.030609173700213432
  ],
  "image_size": [
    640,
    480
  ]
}