{
  "orientation": [
    [
      0.9736286997795105,
      -0.07822595536708832,
      0.21430779993534088
    ],
    [
      0.015101365745067596,
      0.959414541721344,
      0.2815949618816376
    ],
    [
      -0.22763805091381073,
      -0.2709325850009918,
      0.9352948665618896
    ]
  ],
  "position": [
    -0.08060993254184723,
    0.629787802696228,
    -0.7011832594871521
  ],
  "focal_length": 1474.2796630859375,
  "principal_point": [
    320.0,
    240.0
  ],
  "skew": 0.0,
  "pixel_aspect_ratio": 1.0,
  "radial_distortion": [
    0.057124994695186615,
    0.07796183973550797,
    0.0
  ],
  "tangential_distortion": [
    0.02577873319387436,
    -0.030609173700213432
  ],
  "image_size": [
    640,
    480
  ]
}