{
  "orientation": [
    [
      0.9980812072753906,
      0.037119060754776,
      0.04955890029668808
    ],
    [
      -0.0469510443508625,
      0.9755023121833801,
      0.2149205058813095
    ],
    [
      -0.04036717489361763,
      -0.21683496236801147,
      0.9753733277320862
    ]
  ],
  "position": [
    -2.917567014694214,
    -0.02307220734655857,
    -1.4297012090682983
  ],
  "focal_length": 1474.2796630859375,
  "principal_point": [
    320.0,
    240.0
  ],
  "skew": 0.0,
  "pixel_aspect_ratio": 1.0,
  "radial_distortion": [
    0.057124994695186615,
    0.07796183973550797,
    0.0
  ],
  "tangential_distortion": [
    0.02577873319387436,
    -0.030609173700213432
  ],
  "image_size": [
    640,
    480
  ]
}