{
  "orientation": [
    [
      0.9632715582847595,
      -0.05489177256822586,
      0.2628588378429413
    ],
    [
      -0.009893548674881458,
      0.9709646105766296,
      0.23901855945587158
    ],
    [
      -0.26834678649902344,
      -0.2328403890132904,
      0.9347594976425171
    ]
  ],
  "position": [
    -0.8832804560661316,
    0.5631188154220581,
    -0.8786814212799072
  ],
  "focal_length": 1474.2796630859375,
  "principal_point": [
    320.0,
    240.0
  ],
  "skew": 0.0,
  "pixel_aspect_ratio": 1.0,
  "radial_distortion": [
    0.057124994695186615,
    0.07796183973550797,
    0.0
  ],
  "tangential_distortion": [
    0.02577873319387436,
    -0.030609173700213432
  ],
  "image_size": [
    640,
    480
  ]
}