{
  "orientation": [
    [
      0.9970522522926331,
      0.07451142370700836,
      -0.018299587070941925
    ],
    [
      -0.06917944550514221,
      0.9761926531791687,
      0.20557737350463867
    ],
    [
      0.03318178653717041,
      -0.20370543003082275,
      0.978469729423523
    ]
  ],
  "position": [
    -5.3523383140563965,
    -0.26143667101860046,
    -1.2600600719451904
  ],
  "focal_length": 1474.2796630859375,
  "principal_point": [
    320.0,
    240.0
  ],
  "skew": 0.0,
  "pixel_aspect_ratio": 1.0,
  "radial_distortion": [
    0.057124994695186615,
    0.07796183973550797,
    0.0
  ],
  "tangential_distortion": [
    0.02577873319387436,
    -0.030609173700213432
  ],
  "image_size": [
    640,
    480
  ]
}