{
  "orientation": [
    [
      0.9450969696044922,
      -0.1423855870962143,
      0.2941395938396454
    ],
    [
      0.054296135902404785,
      0.9559950232505798,
      0.2883148193359375
    ],
    [
      -0.32224786281585693,
      -0.2565148174762726,
      0.911238968372345
    ]
  ],
  "position": [
    1.255768060684204,
    0.3712620139122009,
    -0.17173731327056885
  ],
  "focal_length": 1474.2796630859375,
  "principal_point": [
    320.0,
    240.0
  ],
  "skew": 0.0,
  "pixel_aspect_ratio": 1.0,
  "radial_distortion": [
    0.057124994695186615,
    0.07796183973550797,
    0.0
  ],
  "tangential_distortion": [
    0.02577873319387436,
    -0.030609173700213432
  ],
  "image_size": [
    640,
    480
  ]
}