{
  "orientation": [
    [
      0.9937763810157776,
      0.0932459607720375,
      -0.060940176248550415
    ],
    [
      -0.07889269292354584,
      0.9753832817077637,
      0.20592090487480164
    ],
    [
      0.07864131778478622,
      -0.19983160495758057,
      0.9766692519187927
    ]
  ],
  "position": [
    -6.046730995178223,
    -0.18816043436527252,
    -1.0236384868621826
  ],
  "focal_length": 1474.2796630859375,
  "principal_point": [
    320.0,
    240.0
  ],
  "skew": 0.0,
  "pixel_aspect_ratio": 1.0,
  "radial_distortion": [
    0.057124994695186615,
    0.07796183973550797,
    0.0
  ],
  "tangential_distortion": [
    0.02577873319387436,
    -0.030609173700213432
  ],
  "image_size": [
    640,
    480
  ]
}