{
  "orientation": [
    [
      0.9215502142906189,
      -0.13552138209342957,
      0.36383941769599915
    ],
    [
      0.04688311368227005,
      0.9690893292427063,
      0.24221448600292206
    ],
    [
      -0.3854181468486786,
      -0.20615488290786743,
      0.8994181752204895
    ]
  ],
  "position": [
    1.7874473333358765,
    0.0763460248708725,
    0.28888413310050964
  ],
  "focal_length": 1474.2796630859375,
  "principal_point": [
    320.0,
    240.0
  ],
  "skew": 0.0,
  "pixel_aspect_ratio": 1.0,
  "radial_distortion": [
    0.057124994695186615,
    0.07796183973550797,
    0.0
  ],
  "tangential_distortion": [
    0.02577873319387436,
    -0.030609173700213432
  ],
  "image_size": [
    640,
    480
  ]
}