{
  "orientation": [
    [
      0.7865462899208069,
      -0.3077642321586609,
      0.5353747606277466
    ],
    [
      0.1431690752506256,
      0.9342193007469177,
      0.32670608162879944
    ],
    [
      -0.6007059216499329,
      -0.1803203523159027,
      0.7788690328598022
    ]
  ],
  "position": [
    4.713379859924316,
    -1.1444050073623657,
    2.506989002227783
  ],
  "focal_length": 1474.2796630859375,
  "principal_point": [
    320.0,
    240.0
  ],
  "skew": 0.0,
  "pixel_aspect_ratio": 1.0,
  "radial_distortion": [
    0.057124994695186615,
    0.07796183973550797,
    0.0
  ],
  "tangential_distortion": [
    0.02577873319387436,
    -0.030609173700213432
  ],
  "image_size": [
    640,
    480
  ]
}