{
  "orientation": [
    [
      0.9951536059379578,
      0.09077746421098709,
      0.03779859095811844
    ],
    [
      -0.09752573072910309,
      0.9602960348129272,
      0.2613813579082489
    ],
    [
      -0.012570299208164215,
      -0.2638009488582611,
      0.9644952416419983
    ]
  ],
  "position": [
    -3.2413830757141113,
    0.34742090106010437,
    -1.28448486328125
  ],
  "focal_length": 1474.2796630859375,
  "principal_point": [
    320.0,
    240.0
  ],
  "skew": 0.0,
  "pixel_aspect_ratio": 1.0,
  "radial_distortion": [
    0.057124994695186615,
    0.07796183973550797,
    0.0
  ],
  "tangential_distortion": [
    0.02577873319387436,
    -0.030609173700213432
  ],
  "image_size": [
    640,
    480
  ]
}