{
  "orientation": [
    [
      0.998088002204895,
      0.04584208503365517,
      0.04145865887403488
    ],
    [
      -0.053174328058958054,
      0.9787868857383728,
      0.19786043465137482
    ],
    [
      -0.031508855521678925,
      -0.199686661362648,
      0.9793530702590942
    ]
  ],
  "position": [
    -4.356712341308594,
    -0.19285538792610168,
    -1.2658333778381348
  ],
  "focal_length": 1474.2796630859375,
  "principal_point": [
    320.0,
    240.0
  ],
  "skew": 0.0,
  "pixel_aspect_ratio": 1.0,
  "radial_distortion": [
    0.057124994695186615,
    0.07796183973550797,
    0.0
  ],
  "tangential_distortion": [
    0.02577873319387436,
    -0.030609173700213432
  ],
  "image_size": [
    640,
    480
  ]
}