{
  "orientation": [
    [
      0.7981148362159729,
      -0.3064192533493042,
      0.518767774105072
    ],
    [
      0.1643129140138626,
      0.9390761852264404,
      0.3018893599510193
    ],
    [
      -0.5796671509742737,
      -0.155702143907547,
      0.7998392581939697
    ]
  ],
  "position": [
    3.5234522819519043,
    -0.7645044326782227,
    2.041926860809326
  ],
  "focal_length": 1474.2796630859375,
  "principal_point": [
    320.0,
    240.0
  ],
  "skew": 0.0,
  "pixel_aspect_ratio": 1.0,
  "radial_distortion": [
    0.057124994695186615,
    0.07796183973550797,
    0.0
  ],
  "tangential_distortion": [
    0.02577873319387436,
    -0.030609173700213432
  ],
  "image_size": [
    640,
    480
  ]
}