{
  "orientation": [
    [
      0.9956726431846619,
      0.0832095518708229,
      -0.041378092020750046
    ],
    [
      -0.07203879952430725,
      0.9723876714706421,
      0.22197450697422028
    ],
    [
      0.058705948293209076,
      -0.21803312003612518,
      0.9741740822792053
    ]
  ],
  "position": [
    -4.471218109130859,
    -0.04493128880858421,
    -1.4552119970321655
  ],
  "focal_length": 1474.2796630859375,
  "principal_point": [
    320.0,
    240.0
  ],
  "skew": 0.0,
  "pixel_aspect_ratio": 1.0,
  "radial_distortion": [
    0.057124994695186615,
    0.07796183973550797,
    0.0
  ],
  "tangential_distortion": [
    0.02577873319387436,
    -0.030609173700213432
  ],
  "image_size": [
    640,
    480
  ]
}