{
  "orientation": [
    [
      0.9697532057762146,
      0.15000657737255096,
      -0.1925530880689621
    ],
    [
      -0.11336534470319748,
      0.9754208326339722,
      0.18895119428634644
    ],
    [
      0.2161642163991928,
      -0.16140718758106232,
      0.9629230499267578
    ]
  ],
  "position": [
    -8.322731971740723,
    -0.6820085644721985,
    -0.6288759708404541
  ],
  "focal_length": 1474.2796630859375,
  "principal_point": [
    320.0,
    240.0
  ],
  "skew": 0.0,
  "pixel_aspect_ratio": 1.0,
  "radial_distortion": [
    0.057124994695186615,
    0.07796183973550797,
    0.0
  ],
  "tangential_distortion": [
    0.02577873319387436,
    -0.030609173700213432
  ],
  "image_size": [
    640,
    480
  ]
}