{
  "orientation": [
    [
      0.9975218176841736,
      0.03784918785095215,
      0.05931029096245766
    ],
    [
      -0.04892615228891373,
      0.9789494276046753,
      0.19815222918987274
    ],
    [
      -0.050561875104904175,
      -0.200562983751297,
      0.9783751964569092
    ]
  ],
  "position": [
    -4.014256954193115,
    -0.14112775027751923,
    -1.2120306491851807
  ],
  "focal_length": 1474.2796630859375,
  "principal_point": [
    320.0,
    240.0
  ],
  "skew": 0.0,
  "pixel_aspect_ratio": 1.0,
  "radial_distortion": [
    0.057124994695186615,
    0.07796183973550797,
    0.0
  ],
  "tangential_distortion": [
    0.02577873319387436,
    -0.030609173700213432
  ],
  "image_size": [
    640,
    480
  ]
}