{
  "orientation": [
    [
      0.9829298257827759,
      0.13043318688869476,
      -0.12975434958934784
    ],
    [
      -0.10471031814813614,
      0.9764960408210754,
      0.1883912980556488
    ],
    [
      0.1512770801782608,
      -0.17158880829811096,
      0.9734847545623779
    ]
  ],
  "position": [
    -7.29880952835083,
    -0.311062216758728,
    -1.0284169912338257
  ],
  "focal_length": 1474.2796630859375,
  "principal_point": [
    320.0,
    240.0
  ],
  "skew": 0.0,
  "pixel_aspect_ratio": 1.0,
  "radial_distortion": [
    0.057124994695186615,
    0.07796183973550797,
    0.0
  ],
  "tangential_distortion": [
    0.02577873319387436,
    -0.030609173700213432
  ],
  "image_size": [
    640,
    480
  ]
}