{
  "orientation": [
    [
      0.784522533416748,
      -0.3073548376560211,
      0.5385698080062866
    ],
    [
      0.15567632019519806,
      0.9383264183998108,
      0.3087206184864044
    ],
    [
      -0.6002410650253296,
      -0.1583556979894638,
      0.7839860916137695
    ]
  ],
  "position": [
    3.659052610397339,
    -0.8769994974136353,
    2.1096746921539307
  ],
  "focal_length": 1474.2796630859375,
  "principal_point": [
    320.0,
    240.0
  ],
  "skew": 0.0,
  "pixel_aspect_ratio": 1.0,
  "radial_distortion": [
    0.057124994695186615,
    0.07796183973550797,
    0.0
  ],
  "tangential_distortion": [
    0.02577873319387436,
    -0.030609173700213432
  ],
  "image_size": [
    640,
    480
  ]
}