{
  "orientation": [
    [
      0.8268026113510132,
      -0.29232901334762573,
      0.4805634021759033
    ],
    [
      0.16878673434257507,
      0.9439137578010559,
      0.28379198908805847
    ],
    [
      -0.5365710258483887,
      -0.15352723002433777,
      0.8297716379165649
    ]
  ],
  "position": [
    2.9955224990844727,
    -0.7976368069648743,
    1.8706310987472534
  ],
  "focal_length": 1474.2796630859375,
  "principal_point": [
    320.0,
    240.0
  ],
  "skew": 0.0,
  "pixel_aspect_ratio": 1.0,
  "radial_distortion": [
    0.057124994695186615,
    0.07796183973550797,
    0.0
  ],
  "tangential_distortion": [
    0.02577873319387436,
    -0.030609173700213432
  ],
  "image_size": [
    640,
    480
  ]
}