{
  "orientation": [
    [
      0.8768613338470459,
      -0.18315374851226807,
      0.44448724389076233
    ],
    [
      0.07259031385183334,
      0.9644250273704529,
      0.2541949450969696
    ],
    [
      -0.4752313494682312,
      -0.1906282603740692,
      0.8589621782302856
    ]
  ],
  "position": [
    2.7800190448760986,
    -0.1560482531785965,
    0.8848472237586975
  ],
  "focal_length": 1474.2796630859375,
  "principal_point": [
    320.0,
    240.0
  ],
  "skew": 0.0,
  "pixel_aspect_ratio": 1.0,
  "radial_distortion": [
    0.057124994695186615,
    0.07796183973550797,
    0.0
  ],
  "tangential_distortion": [
    0.02577873319387436,
    -0.030609173700213432
  ],
  "image_size": [
    640,
    480
  ]
}