{
  "orientation": [
    [
      0.9845236539840698,
      0.12742114067077637,
      -0.12032076716423035
    ],
    [
      -0.10331292450428009,
      0.9765598177909851,
      0.18883149325847626
    ],
    [
      0.14156155288219452,
      -0.173478364944458,
      0.974610447883606
    ]
  ],
  "position": [
    -7.137396812438965,
    -0.3013108968734741,
    -1.0352349281311035
  ],
  "focal_length": 1474.2796630859375,
  "principal_point": [
    320.0,
    240.0
  ],
  "skew": 0.0,
  "pixel_aspect_ratio": 1.0,
  "radial_distortion": [
    0.057124994695186615,
    0.07796183973550797,
    0.0
  ],
  "tangential_distortion": [
    0.02577873319387436,
    -0.030609173700213432
  ],
  "image_size": [
    640,
    480
  ]
}