{
  "orientation": [
    [
      0.9486383199691772,
      -0.13625365495681763,
      0.28551754355430603
    ],
    [
      0.04993440955877304,
      0.9556757211685181,
      0.29015591740608215
    ],
    [
      -0.3123970031738281,
      -0.26099589467048645,
      0.9133943915367126
    ]
  ],
  "position": [
    1.0471826791763306,
    0.4142052233219147,
    -0.25790920853614807
  ],
  "focal_length": 1474.2796630859375,
  "principal_point": [
    320.0,
    240.0
  ],
  "skew": 0.0,
  "pixel_aspect_ratio": 1.0,
  "radial_distortion": [
    0.057124994695186615,
    0.07796183973550797,
    0.0
  ],
  "tangential_distortion": [
    0.02577873319387436,
    -0.030609173700213432
  ],
  "image_size": [
    640,
    480
  ]
}