{
  "orientation": [
    [
      0.903078556060791,
      -0.22227324545383453,
      0.3674830198287964
    ],
    [
      0.11725576967000961,
      0.9507532715797424,
      0.28691351413726807
    ],
    [
      -0.4131588637828827,
      -0.21601592004299164,
      0.8846676349639893
    ]
  ],
  "position": [
    2.6275229454040527,
    -0.06361767649650574,
    0.8671260476112366
  ],
  "focal_length": 1474.2796630859375,
  "principal_point": [
    320.0,
    240.0
  ],
  "skew": 0.0,
  "pixel_aspect_ratio": 1.0,
  "radial_distortion": [
    0.057124994695186615,
    0.07796183973550797,
    0.0
  ],
  "tangential_distortion": [
    0.02577873319387436,
    -0.030609173700213432
  ],
  "image_size": [
    640,
    480
  ]
}