{
  "orientation": [
    [
      0.7815465331077576,
      -0.3054753839969635,
      0.5439391136169434
    ],
    [
      0.15131673216819763,
      0.938698410987854,
      0.3097555935382843
    ],
    [
      -0.6052175164222717,
      -0.1597813218832016,
      0.7798600196838379
    ]
  ],
  "position": [
    3.6439692974090576,
    -0.8919798731803894,
    2.1211836338043213
  ],
  "focal_length": 1474.2796630859375,
  "principal_point": [
    320.0,
    240.0
  ],
  "skew": 0.0,
  "pixel_aspect_ratio": 1.0,
  "radial_distortion": [
    0.057124994695186615,
    0.07796183973550797,
    0.0
  ],
  "tangential_distortion": [
    0.02577873319387436,
    -0.030609173700213432
  ],
  "image_size": [
    640,
    480
  ]
}