{
  "orientation": [
    [
      0.900722861289978,
      -0.22583378851413727,
      0.3710760772228241
    ],
    [
      0.11989246308803558,
      0.9502996802330017,
      0.28732624650001526
    ],
    [
      -0.4175214469432831,
      -0.21431207656860352,
      0.8830323815345764
    ]
  ],
  "position": [
    2.674607515335083,
    -0.10475140064954758,
    0.9226471185684204
  ],
  "focal_length": 1474.2796630859375,
  "principal_point": [
    320.0,
    240.0
  ],
  "skew": 0.0,
  "pixel_aspect_ratio": 1.0,
  "radial_distortion": [
    0.057124994695186615,
    0.07796183973550797,
    0.0
  ],
  "tangential_distortion": [
    0.02577873319387436,
    -0.030609173700213432
  ],
  "image_size": [
    640,
    480
  ]
}