{
  "orientation": [
    [
      0.7825244069099426,
      -0.3053642511367798,
      0.5425940155982971
    ],
    [
      0.1525455266237259,
      0.9389387369155884,
      0.30842161178588867
    ],
    [
      -0.6036434769630432,
      -0.15857714414596558,
      0.7813243865966797
    ]
  ],
  "position": [
    3.6539063453674316,
    -0.898331344127655,
    2.10749888420105
  ],
  "focal_length": 1474.2796630859375,
  "principal_point": [
    320.0,
    240.0
  ],
  "skew": 0.0,
  "pixel_aspect_ratio": 1.0,
  "radial_distortion": [
    0.057124994695186615,
    0.07796183973550797,
    0.0
  ],
  "tangential_distortion": [
    0.02577873319387436,
    -0.030609173700213432
  ],
  "image_size": [
    640,
    480
  ]
}