{
  "orientation": [
    [
      0.7899720072746277,
      -0.27890563011169434,
      0.5460364818572998
    ],
    [
      0.12839017808437347,
      0.9460554718971252,
      0.29748108983039856
    ],
    [
      -0.5995499491691589,
      -0.16489601135253906,
      0.7831661105155945
    ]
  ],
  "position": [
    3.6170389652252197,
    -0.7170923948287964,
    2.0033953189849854
  ],
  "focal_length": 1474.2796630859375,
  "principal_point": [
    320.0,
    240.0
  ],
  "skew": 0.0,
  "pixel_aspect_ratio": 1.0,
  "radial_distortion": [
    0.057124994695186615,
    0.07796183973550797,
    0.0
  ],
  "tangential_distortion": [
    0.02577873319387436,
    -0.030609173700213432
  ],
  "image_size": [
    640,
    480
  ]
}