{
  "orientation": [
    [
      0.8277531862258911,
      -0.2993491590023041,
      0.4745679795742035
    ],
    [
      0.16586586833000183,
      0.9385398030281067,
      0.30270707607269287
    ],
    [
      -0.536016047000885,
      -0.17185211181640625,
      0.8265311121940613
    ]
  ],
  "position": [
    4.072813034057617,
    -1.0617175102233887,
    2.2601802349090576
  ],
  "focal_length": 1474.2796630859375,
  "principal_point": [
    320.0,
    240.0
  ],
  "skew": 0.0,
  "pixel_aspect_ratio": 1.0,
  "radial_distortion": [
    0.057124994695186615,
    0.07796183973550797,
    0.0
  ],
  "tangential_distortion": [
    0.02577873319387436,
    -0.030609173700213432
  ],
  "image_size": [
    640,
    480
  ]
}