{
  "orientation": [
    [
      0.9982737898826599,
      0.04012535512447357,
      0.04288812354207039
    ],
    [
      -0.04839456081390381,
      0.9757286310195923,
      0.21356871724128723
    ],
    [
      -0.03327764943242073,
      -0.2152756154537201,
      0.9759861826896667
    ]
  ],
  "position": [
    -3.0368309020996094,
    -0.052242424339056015,
    -1.4539343118667603
  ],
  "focal_length": 1474.2796630859375,
  "principal_point": [
    320.0,
    240.0
  ],
  "skew": 0.0,
  "pixel_aspect_ratio": 1.0,
  "radial_distortion": [
    0.057124994695186615,
    0.07796183973550797,
    0.0
  ],
  "tangential_distortion": [
    0.02577873319387436,
    -0.030609173700213432
  ],
  "image_size": [
    640,
    480
  ]
}