{
  "orientation": [
    [
      0.8053256869316101,
      -0.3013646602630615,
      0.5105192065238953
    ],
    [
      0.16393539309501648,
      0.9407789707183838,
      0.29674917459487915
    ],
    [
      -0.5697154402732849,
      -0.15528757870197296,
      0.8070378303527832
    ]
  ],
  "position": [
    3.409057378768921,
    -0.7482704520225525,
    2.0301995277404785
  ],
  "focal_length": 1474.2796630859375,
  "principal_point": [
    320.0,
    240.0
  ],
  "skew": 0.0,
  "pixel_aspect_ratio": 1.0,
  "radial_distortion": [
    0.057124994695186615,
    0.07796183973550797,
    0.0
  ],
  "tangential_distortion": [
    0.02577873319387436,
    -0.030609173700213432
  ],
  "image_size": [
    640,
    480
  ]
}