{
  "orientation": [
    [
      0.9938210248947144,
      0.008441546000540257,
      0.1106729730963707
    ],
    [
      -0.037389978766441345,
      0.9642879366874695,
      0.26220372319221497
    ],
    [
      -0.1045072078704834,
      -0.2647216320037842,
      0.958645224571228
    ]
  ],
  "position": [
    -1.8031597137451172,
    0.7270600199699402,
    -1.1887577772140503
  ],
  "focal_length": 1474.2796630859375,
  "principal_point": [
    320.0,
    240.0
  ],
  "skew": 0.0,
  "pixel_aspect_ratio": 1.0,
  "radial_distortion": [
    0.057124994695186615,
    0.07796183973550797,
    0.0
  ],
  "tangential_distortion": [
    0.02577873319387436,
    -0.030609173700213432
  ],
  "image_size": [
    640,
    480
  ]
}