{
  "orientation": [
    [
      0.8658422827720642,
      -0.25870344042778015,
      0.42824020981788635
    ],
    [
      0.14890941977500916,
      0.9503992795944214,
      0.2730698883533478
    ],
    [
      -0.47764331102371216,
      -0.17266644537448883,
      0.8614192605018616
    ]
  ],
  "position": [
    2.243051528930664,
    -0.47280997037887573,
    1.4370721578598022
  ],
  "focal_length": 1474.2796630859375,
  "principal_point": [
    320.0,
    240.0
  ],
  "skew": 0.0,
  "pixel_aspect_ratio": 1.0,
  "radial_distortion": [
    0.057124994695186615,
    0.07796183973550797,
    0.0
  ],
  "tangential_distortion": [
    0.02577873319387436,
    -0.030609173700213432
  ],
  "image_size": [
    640,
    480
  ]
}