{
  "orientation": [
    [
      0.8375219106674194,
      -0.22815299034118652,
      0.4964908957481384
    ],
    [
      0.09331511706113815,
      0.9550269842147827,
      0.2814529240131378
    ],
    [
      -0.53837651014328,
      -0.18939287960529327,
      0.8211461901664734
    ]
  ],
  "position": [
    3.7740490436553955,
    -0.5901720523834229,
    1.555655837059021
  ],
  "focal_length": 1474.2796630859375,
  "principal_point": [
    320.0,
    240.0
  ],
  "skew": 0.0,
  "pixel_aspect_ratio": 1.0,
  "radial_distortion": [
    0.057124994695186615,
    0.07796183973550797,
    0.0
  ],
  "tangential_distortion": [
    0.02577873319387436,
    -0.030609173700213432
  ],
  "image_size": [
    640,
    480
  ]
}