{
  "orientation": [
    [
      0.8193042874336243,
      -0.29983577132225037,
      0.48871156573295593
    ],
    [
      0.1610560268163681,
      0.9383990168571472,
      0.30572575330734253
    ],
    [
      -0.5502739548683167,
      -0.17177246510982513,
      0.8171247243881226
    ]
  ],
  "position": [
    4.2482147216796875,
    -1.0604559183120728,
    2.340731382369995
  ],
  "focal_length": 1474.2796630859375,
  "principal_point": [
    320.0,
    240.0
  ],
  "skew": 0.0,
  "pixel_aspect_ratio": 1.0,
  "radial_distortion": [
    0.057124994695186615,
    0.07796183973550797,
    0.0
  ],
  "tangential_distortion": [
    0.02577873319387436,
    -0.030609173700213432
  ],
  "image_size": [
    640,
    480
  ]
}