{
  "orientation": [
    [
      0.9077934622764587,
      -0.13945020735263824,
      0.39555612206459045
    ],
    [
      0.05093149468302727,
      0.9727810621261597,
      0.22605957090854645
    ],
    [
      -0.4163135886192322,
      -0.18506914377212524,
      0.8901867270469666
    ]
  ],
  "position": [
    0.874435305595398,
    0.04146257042884827,
    0.19639351963996887
  ],
  "focal_length": 1474.2796630859375,
  "principal_point": [
    320.0,
    240.0
  ],
  "skew": 0.0,
  "pixel_aspect_ratio": 1.0,
  "radial_distortion": [
    0.057124994695186615,
    0.07796183973550797,
    0.0
  ],
  "tangential_distortion": [
    0.02577873319387436,
    -0.030609173700213432
  ],
  "image_size": [
    640,
    480
  ]
}