{
  "orientation": [
    [
      0.8091985583305359,
      -0.3041956126689911,
      0.5026556849479675
    ],
    [
      0.15797653794288635,
      0.9366770386695862,
      0.3125373423099518
    ],
    [
      -0.5658984780311584,
      -0.17349697649478912,
      0.8060134649276733
    ]
  ],
  "position": [
    4.440876007080078,
    -1.0498526096343994,
    2.432887315750122
  ],
  "focal_length": 1474.2796630859375,
  "principal_point": [
    320.0,
    240.0
  ],
  "skew": 0.0,
  "pixel_aspect_ratio": 1.0,
  "radial_distortion": [
    0.057124994695186615,
    0.07796183973550797,
    0.0
  ],
  "tangential_distortion": [
    0.02577873319387436,
    -0.030609173700213432
  ],
  "image_size": [
    640,
    480
  ]
}