{
  "orientation": [
    [
      0.9972155094146729,
      0.03501065820455551,
      0.06584426015615463
    ],
    [
      -0.047447871416807175,
      0.979048490524292,
      0.19802215695381165
    ],
    [
      -0.05753184109926224,
      -0.2005949467420578,
      0.9779835343360901
    ]
  ],
  "position": [
    -3.884413480758667,
    -0.11812043190002441,
    -1.1994229555130005
  ],
  "focal_length": 1474.2796630859375,
  "principal_point": [
    320.0,
    240.0
  ],
  "skew": 0.0,
  "pixel_aspect_ratio": 1.0,
  "radial_distortion": [
    0.057124994695186615,
    0.07796183973550797,
    0.0
  ],
  "tangential_distortion": [
    0.02577873319387436,
    -0.030609173700213432
  ],
  "image_size": [
    640,
    480
  ]
}