{
  "orientation": [
    [
      0.9520733952522278,
      -0.12980082631111145,
      0.2769619822502136
    ],
    [
      0.04587974399328232,
      0.9558493494987488,
      0.2902534008026123
    ],
    [
      -0.3024090826511383,
      -0.2636356055736542,
      0.9159939885139465
    ]
  ],
  "position": [
    0.8554887771606445,
    0.4455944299697876,
    -0.34141865372657776
  ],
  "focal_length": 1474.2796630859375,
  "principal_point": [
    320.0,
    240.0
  ],
  "skew": 0.0,
  "pixel_aspect_ratio": 1.0,
  "radial_distortion": [
    0.057124994695186615,
    0.07796183973550797,
    0.0
  ],
  "tangential_distortion": [
    0.02577873319387436,
    -0.030609173700213432
  ],
  "image_size": [
    640,
    480
  ]
}