{
  "orientation": [
    [
      0.9978271722793579,
      0.06581410765647888,
      -0.0030711095314472914
    ],
    [
      -0.0638040155172348,
      0.9768742918968201,
      0.2040727436542511
    ],
    [
      0.01643095351755619,
      -0.20343337953090668,
      0.9789509177207947
    ]
  ],
  "position": [
    -5.065083980560303,
    -0.21784628927707672,
    -1.2948850393295288
  ],
  "focal_length": 1474.2796630859375,
  "principal_point": [
    320.0,
    240.0
  ],
  "skew": 0.0,
  "pixel_aspect_ratio": 1.0,
  "radial_distortion": [
    0.057124994695186615,
    0.07796183973550797,
    0.0
  ],
  "tangential_distortion": [
    0.02577873319387436,
    -0.030609173700213432
  ],
  "image_size": [
    640,
    480
  ]
}