{
  "orientation": [
    [
      0.9903088808059692,
      0.028288649395108223,
      0.13597089052200317
    ],
    [
      -0.06231086701154709,
      0.9654680490493774,
      0.2529601454734802
    ],
    [
      -0.12411965429782867,
      -0.2589811384677887,
      0.9578742384910583
    ]
  ],
  "position": [
    -3.1575140953063965,
    0.5858878493309021,
    -0.7432377934455872
  ],
  "focal_length": 1474.2796630859375,
  "principal_point": [
    320.0,
    240.0
  ],
  "skew": 0.0,
  "pixel_aspect_ratio": 1.0,
  "radial_distortion": [
    0.057124994695186615,
    0.07796183973550797,
    0.0
  ],
  "tangential_distortion": [
    0.02577873319387436,
    -0.030609173700213432
  ],
  "image_size": [
    640,
    480
  ]
}