{
  "orientation": [
    [
      0.8020976185798645,
      -0.3091151714324951,
      0.5109668970108032
    ],
    [
      0.1573149710893631,
      0.9347618222236633,
      0.31854724884033203
    ],
    [
      -0.5761001110076904,
      -0.17512325942516327,
      0.7983986735343933
    ]
  ],
  "position": [
    4.5634965896606445,
    -1.0531858205795288,
    2.4480082988739014
  ],
  "focal_length": 1474.2796630859375,
  "principal_point": [
    320.0,
    240.0
  ],
  "skew": 0.0,
  "pixel_aspect_ratio": 1.0,
  "radial_distortion": [
    0.057124994695186615,
    0.07796183973550797,
    0.0
  ],
  "tangential_distortion": [
    0.02577873319387436,
    -0.030609173700213432
  ],
  "image_size": [
    640,
    480
  ]
}