{
  "orientation": [
    [
      0.9954496026039124,
      0.07283236086368561,
      0.061445340514183044
    ],
    [
      -0.08711779117584229,
      0.9568635821342468,
      0.2771688997745514
    ],
    [
      -0.038607943803071976,
      -0.2812606394290924,
      0.9588544368743896
    ]
  ],
  "position": [
    -4.335570335388184,
    0.6442894339561462,
    -0.9430845379829407
  ],
  "focal_length": 1474.2796630859375,
  "principal_point": [
    320.0,
    240.0
  ],
  "skew": 0.0,
  "pixel_aspect_ratio": 1.0,
  "radial_distortion": [
    0.057124994695186615,
    0.07796183973550797,
    0.0
  ],
  "tangential_distortion": [
    0.02577873319387436,
    -0.030609173700213432
  ],
  "image_size": [
    640,
    480
  ]
}