{
  "orientation": [
    [
      0.988599419593811,
      -0.020508281886577606,
      0.1491665095090866
    ],
    [
      -0.024608122184872627,
      0.9553537964820862,
      0.2944376766681671
    ],
    [
      -0.14854520559310913,
      -0.2947516143321991,
      0.943957507610321
    ]
  ],
  "position": [
    -2.4609827995300293,
    1.2378052473068237,
    -0.7844300270080566
  ],
  "focal_length": 1474.2796630859375,
  "principal_point": [
    320.0,
    240.0
  ],
  "skew": 0.0,
  "pixel_aspect_ratio": 1.0,
  "radial_distortion": [
    0.057124994695186615,
    0.07796183973550797,
    0.0
  ],
  "tangential_distortion": [
    0.02577873319387436,
    -0.030609173700213432
  ],
  "image_size": [
    640,
    480
  ]
}