{
  "orientation": [
    [
      0.897632360458374,
      -0.1555340439081192,
      0.41238969564437866
    ],
    [
      0.055917561054229736,
      0.9682924747467041,
      0.24348090589046478
    ],
    [
      -0.4371834099292755,
      -0.19549652934074402,
      0.8778677582740784
    ]
  ],
  "position": [
    2.307973623275757,
    -0.09787746518850327,
    0.5433093905448914
  ],
  "focal_length": 1474.2796630859375,
  "principal_point": [
    320.0,
    240.0
  ],
  "skew": 0.0,
  "pixel_aspect_ratio": 1.0,
  "radial_distortion": [
    0.057124994695186615,
    0.07796183973550797,
    0.0
  ],
  "tangential_distortion": [
    0.02577873319387436,
    -0.030609173700213432
  ],
  "image_size": [
    640,
    480
  ]
}