{
  "orientation": [
    [
      0.9394890069961548,
      -0.1531265527009964,
      0.30645179748535156
    ],
    [
      0.06202749162912369,
      0.9557915925979614,
      0.2874282896518707
    ],
    [
      -0.3369169533252716,
      -0.25102728605270386,
      0.907453715801239
    ]
  ],
  "position": [
    1.5333837270736694,
    0.34278857707977295,
    0.015877684578299522
  ],
  "focal_length": 1474.2796630859375,
  "principal_point": [
    320.0,
    240.0
  ],
  "skew": 0.0,
  "pixel_aspect_ratio": 1.0,
  "radial_distortion": [
    0.057124994695186615,
    0.07796183973550797,
    0.0
  ],
  "tangential_distortion": [
    0.02577873319387436,
    -0.030609173700213432
  ],
  "image_size": [
    640,
    480
  ]
}