{
  "orientation": [
    [
      0.9838225245475769,
      0.12429172545671463,
      -0.1290147453546524
    ],
    [
      -0.09668564796447754,
      0.974665105342865,
      0.2016923427581787
    ],
    [
      0.15081486105918884,
      -0.18595559895038605,
      0.9709147214889526
    ]
  ],
  "position": [
    -6.055091381072998,
    -0.0815371572971344,
    -1.4873319864273071
  ],
  "focal_length": 1474.2796630859375,
  "principal_point": [
    320.0,
    240.0
  ],
  "skew": 0.0,
  "pixel_aspect_ratio": 1.0,
  "radial_distortion": [
    0.057124994695186615,
    0.07796183973550797,
    0.0
  ],
  "tangential_distortion": [
    0.02577873319387436,
    -0.030609173700213432
  ],
  "image_size": [
    640,
    480
  ]
}