{
  "orientation": [
    [
      0.8407701849937439,
      -0.21755799651145935,
      0.49575603008270264
    ],
    [
      0.09492869675159454,
      0.9607608914375305,
      0.26062819361686707
    ],
    [
      -0.5330047607421875,
      -0.17206692695617676,
      0.8284316062927246
    ]
  ],
  "position": [
    2.4920287132263184,
    -0.3363388180732727,
    1.0922930240631104
  ],
  "focal_length": 1474.2796630859375,
  "principal_point": [
    320.0,
    240.0
  ],
  "skew": 0.0,
  "pixel_aspect_ratio": 1.0,
  "radial_distortion": [
    0.057124994695186615,
    0.07796183973550797,
    0.0
  ],
  "tangential_distortion": [
    0.02577873319387436,
    -0.030609173700213432
  ],
  "image_size": [
    640,
    480
  ]
}