{
  "orientation": [
    [
      0.8919069170951843,
      -0.15298056602478027,
      0.42555728554725647
    ],
    [
      0.05794030427932739,
      0.9719443917274475,
      0.22796285152435303
    ],
    [
      -0.4484919011592865,
      -0.17866472899913788,
      0.8757476210594177
    ]
  ],
  "position": [
    1.1803408861160278,
    -0.008380113169550896,
    0.3428986966609955
  ],
  "focal_length": 1474.2796630859375,
  "principal_point": [
    320.0,
    240.0
  ],
  "skew": 0.0,
  "pixel_aspect_ratio": 1.0,
  "radial_distortion": [
    0.057124994695186615,
    0.07796183973550797,
    0.0
  ],
  "tangential_distortion": [
    0.02577873319387436,
    -0.030609173700213432
  ],
  "image_size": [
    640,
    480
  ]
}