{
  "orientation": [
    [
      0.8942509889602661,
      -0.1597500443458557,
      0.4180850386619568
    ],
    [
      0.058371685445308685,
      0.9677805304527283,
      0.24493594467639923
    ],
    [
      -0.4437430799007416,
      -0.19462987780570984,
      0.874763548374176
    ]
  ],
  "position": [
    2.36590313911438,
    -0.1128389909863472,
    0.5931943655014038
  ],
  "focal_length": 1474.2796630859375,
  "principal_point": [
    320.0,
    240.0
  ],
  "skew": 0.0,
  "pixel_aspect_ratio": 1.0,
  "radial_distortion": [
    0.057124994695186615,
    0.07796183973550797,
    0.0
  ],
  "tangential_distortion": [
    0.02577873319387436,
    -0.030609173700213432
  ],
  "image_size": [
    640,
    480
  ]
}