{
  "orientation": [
    [
      0.9651474356651306,
      -0.06099884957075119,
      0.2544987201690674
    ],
    [
      -0.005761632230132818,
      0.9672690629959106,
      0.25368744134902954
    ],
    [
      -0.2616433799266815,
      -0.24631211161613464,
      0.933205783367157
    ]
  ],
  "position": [
    0.3391428291797638,
    0.5726861953735352,
    -0.8337397575378418
  ],
  "focal_length": 1474.2796630859375,
  "principal_point": [
    320.0,
    240.0
  ],
  "skew": 0.0,
  "pixel_aspect_ratio": 1.0,
  "radial_distortion": [
    0.057124994695186615,
    0.07796183973550797,
    0.0
  ],
  "tangential_distortion": [
    0.02577873319387436,
    -0.030609173700213432
  ],
  "image_size": [
    640,
    480
  ]
}