{
  "orientation": [
    [
      0.8133611679077148,
      -0.29643815755844116,
      0.5005676746368408
    ],
    [
      0.16389507055282593,
      0.942347526550293,
      0.29175248742103577
    ],
    [
      -0.5581952929496765,
      -0.15525957942008972,
      0.8150537014007568
    ]
  ],
  "position": [
    3.2600369453430176,
    -0.7436330318450928,
    1.980857253074646
  ],
  "focal_length": 1474.2796630859375,
  "principal_point": [
    320.0,
    240.0
  ],
  "skew": 0.0,
  "pixel_aspect_ratio": 1.0,
  "radial_distortion": [
    0.057124994695186615,
    0.07796183973550797,
    0.0
  ],
  "tangential_distortion": [
    0.02577873319387436,
    -0.030609173700213432
  ],
  "image_size": [
    640,
    480
  ]
}