{
  "orientation": [
    [
      0.8950247764587402,
      -0.1499243825674057,
      0.42006349563598633
    ],
    [
      0.05621121823787689,
      0.9722186923027039,
      0.22722484171390533
    ],
    [
      -0.4424601197242737,
      -0.17975957691669464,
      0.8785872459411621
    ]
  ],
  "position": [
    1.1102622747421265,
    0.00858826469630003,
    0.34528544545173645
  ],
  "focal_length": 1474.2796630859375,
  "principal_point": [
    320.0,
    240.0
  ],
  "skew": 0.0,
  "pixel_aspect_ratio": 1.0,
  "radial_distortion": [
    0.057124994695186615,
    0.07796183973550797,
    0.0
  ],
  "tangential_distortion": [
    0.02577873319387436,
    -0.030609173700213432
  ],
  "image_size": [
    640,
    480
  ]
}