{
  "orientation": [
    [
      0.9678856730461121,
      -0.09008056670427322,
      0.23469722270965576
    ],
    [
      0.02398574911057949,
      0.9624271988868713,
      0.27047836780548096
    ],
    [
      -0.2502438426017761,
      -0.25616276264190674,
      0.9336801767349243
    ]
  ],
  "position": [
    -1.129307746887207,
    0.6175063252449036,
    -0.6826703548431396
  ],
  "focal_length": 1474.2796630859375,
  "principal_point": [
    320.0,
    240.0
  ],
  "skew": 0.0,
  "pixel_aspect_ratio": 1.0,
  "radial_distortion": [
    0.057124994695186615,
    0.07796183973550797,
    0.0
  ],
  "tangential_distortion": [
    0.02577873319387436,
    -0.030609173700213432
  ],
  "image_size": [
    640,
    480
  ]
}