{
  "orientation": [
    [
      0.9964092373847961,
      0.027560409158468246,
      0.08005623519420624
    ],
    [
      -0.04312651976943016,
      0.9788929224014282,
      0.1997717320919037
    ],
    [
      -0.07286069542169571,
      -0.20250695943832397,
      0.9765665531158447
    ]
  ],
  "position": [
    -3.615664482116699,
    -0.05023093521595001,
    -1.1824965476989746
  ],
  "focal_length": 1474.2796630859375,
  "principal_point": [
    320.0,
    240.0
  ],
  "skew": 0.0,
  "pixel_aspect_ratio": 1.0,
  "radial_distortion": [
    0.057124994695186615,
    0.07796183973550797,
    0.0
  ],
  "tangential_distortion": [
    0.02577873319387436,
    -0.030609173700213432
  ],
  "image_size": [
    640,
    480
  ]
}