{
  "orientation": [
    [
      0.976284921169281,
      -0.06400120258331299,
      0.20681284368038177
    ],
    [
      0.00737428292632103,
      0.9645788669586182,
      0.26369157433509827
    ],
    [
      -0.21636387705802917,
      -0.25591301918029785,
      0.9421758055686951
    ]
  ],
  "position": [
    -1.4879539012908936,
    0.6565399169921875,
    -0.8033250570297241
  ],
  "focal_length": 1474.2796630859375,
  "principal_point": [
    320.0,
    240.0
  ],
  "skew": 0.0,
  "pixel_aspect_ratio": 1.0,
  "radial_distortion": [
    0.057124994695186615,
    0.07796183973550797,
    0.0
  ],
  "tangential_distortion": [
    0.02577873319387436,
    -0.030609173700213432
  ],
  "image_size": [
    640,
    480
  ]
}