{
  "orientation": [
    [
      0.8586134314537048,
      -0.27360501885414124,
      0.43350112438201904
    ],
    [
      0.15439200401306152,
      0.9444083571434021,
      0.2902686893939972
    ],
    [
      -0.4888210892677307,
      -0.18229950964450836,
      0.8531241416931152
    ]
  ],
  "position": [
    3.547722339630127,
    -0.9038858413696289,
    1.8609973192214966
  ],
  "focal_length": 1474.2796630859375,
  "principal_point": [
    320.0,
    240.0
  ],
  "skew": 0.0,
  "pixel_aspect_ratio": 1.0,
  "radial_distortion": [
    0.057124994695186615,
    0.07796183973550797,
    0.0
  ],
  "tangential_distortion": [
    0.02577873319387436,
    -0.030609173700213432
  ],
  "image_size": [
    640,
    480
  ]
}