{
  "orientation": [
    [
      0.8465953469276428,
      -0.21874752640724182,
      0.4852069914340973
    ],
    [
      0.08896543830633163,
      0.9569717645645142,
      0.2762067914009094
    ],
    [
      -0.5247489213943481,
      -0.1906687468290329,
      0.8296288251876831
    ]
  ],
  "position": [
    3.5887303352355957,
    -0.48883622884750366,
    1.4274417161941528
  ],
  "focal_length": 1474.2796630859375,
  "principal_point": [
    320.0,
    240.0
  ],
  "skew": 0.0,
  "pixel_aspect_ratio": 1.0,
  "radial_distortion": [
    0.057124994695186615,
    0.07796183973550797,
    0.0
  ],
  "tangential_distortion": [
    0.02577873319387436,
    -0.030609173700213432
  ],
  "image_size": [
    640,
    480
  ]
}