{
  "orientation": [
    [
      0.7939040660858154,
      -0.27140289545059204,
      0.5441110134124756
    ],
    [
      0.12326861172914505,
      0.9481140971183777,
      0.2930605113506317
    ],
    [
      -0.5954168438911438,
      -0.1655901074409485,
      0.7861670851707458
    ]
  ],
  "position": [
    3.5488531589508057,
    -0.675105094909668,
    1.9439276456832886
  ],
  "focal_length": 1474.2796630859375,
  "principal_point": [
    320.0,
    240.0
  ],
  "skew": 0.0,
  "pixel_aspect_ratio": 1.0,
  "radial_distortion": [
    0.057124994695186615,
    0.07796183973550797,
    0.0
  ],
  "tangential_distortion": [
    0.02577873319387436,
    -0.030609173700213432
  ],
  "image_size": [
    640,
    480
  ]
}