{
  "orientation": [
    [
      0.8580743074417114,
      -0.26470112800598145,
      0.4400475323200226
    ],
    [
      0.15283432602882385,
      0.9497203826904297,
      0.2732633352279663
    ],
    [
      -0.4902552366256714,
      -0.16722586750984192,
      0.8553860783576965
    ]
  ],
  "position": [
    2.419205904006958,
    -0.6155189275741577,
    1.5351864099502563
  ],
  "focal_length": 1474.2796630859375,
  "principal_point": [
    320.0,
    240.0
  ],
  "skew": 0.0,
  "pixel_aspect_ratio": 1.0,
  "radial_distortion": [
    0.057124994695186615,
    0.07796183973550797,
    0.0
  ],
  "tangential_distortion": [
    0.02577873319387436,
    -0.030609173700213432
  ],
  "image_size": [
    640,
    480
  ]
}