{
  "orientation": [
    [
      0.9808489680290222,
      0.1314714252948761,
      -0.14370319247245789
    ],
    [
      -0.10111363232135773,
      0.974311888217926,
      0.201227068901062
    ],
    [
      0.1664673388004303,
      -0.18284299969673157,
      0.9689463376998901
    ]
  ],
  "position": [
    -6.28476619720459,
    -0.14402885735034943,
    -1.4804677963256836
  ],
  "focal_length": 1474.2796630859375,
  "principal_point": [
    320.0,
    240.0
  ],
  "skew": 0.0,
  "pixel_aspect_ratio": 1.0,
  "radial_distortion": [
    0.057124994695186615,
    0.07796183973550797,
    0.0
  ],
  "tangential_distortion": [
    0.02577873319387436,
    -0.030609173700213432
  ],
  "image_size": [
    640,
    480
  ]
}