{
  "orientation": [
    [
      0.997931182384491,
      0.06397096067667007,
      -0.0064055295661091805
    ],
    [
      -0.06097271293401718,
      0.9733121395111084,
      0.2212369740009308
    ],
    [
      0.020387321710586548,
      -0.22038871049880981,
      0.9751990437507629
    ]
  ],
  "position": [
    -3.854583740234375,
    -0.03990500420331955,
    -1.5530802011489868
  ],
  "focal_length": 1474.2796630859375,
  "principal_point": [
    320.0,
    240.0
  ],
  "skew": 0.0,
  "pixel_aspect_ratio": 1.0,
  "radial_distortion": [
    0.057124994695186615,
    0.07796183973550797,
    0.0
  ],
  "tangential_distortion": [
    0.02577873319387436,
    -0.030609173700213432
  ],
  "image_size": [
    640,
    480
  ]
}