{
  "orientation": [
    [
      0.9544745087623596,
      -0.08494991809129715,
      0.2859404683113098
    ],
    [
      0.011856429278850555,
      0.9686375260353088,
      0.24819506704807281
    ],
    [
      -0.29805681109428406,
      -0.23350562155246735,
      0.9255470037460327
    ]
  ],
  "position": [
    0.8370179533958435,
    0.476619154214859,
    -0.7161271572113037
  ],
  "focal_length": 1474.2796630859375,
  "principal_point": [
    320.0,
    240.0
  ],
  "skew": 0.0,
  "pixel_aspect_ratio": 1.0,
  "radial_distortion": [
    0.057124994695186615,
    0.07796183973550797,
    0.0
  ],
  "tangential_distortion": [
    0.02577873319387436,
    -0.030609173700213432
  ],
  "image_size": [
    640,
    480
  ]
}