{
  "orientation": [
    [
      0.9933066368103027,
      0.0044321720488369465,
      0.11542237550020218
    ],
    [
      -0.0361517071723938,
      0.9609888792037964,
      0.2742142975330353
    ],
    [
      -0.10970424860715866,
      -0.27655157446861267,
      0.9547168016433716
    ]
  ],
  "position": [
    -1.7161458730697632,
    0.8909183740615845,
    -1.1338104009628296
  ],
  "focal_length": 1474.2796630859375,
  "principal_point": [
    320.0,
    240.0
  ],
  "skew": 0.0,
  "pixel_aspect_ratio": 1.0,
  "radial_distortion": [
    0.057124994695186615,
    0.07796183973550797,
    0.0
  ],
  "tangential_distortion": [
    0.02577873319387436,
    -0.030609173700213432
  ],
  "image_size": [
    640,
    480
  ]
}