{
  "orientation": [
    [
      0.9329309463500977,
      -0.17041407525539398,
      0.31717321276664734
    ],
    [
      0.07628514617681503,
      0.9544557332992554,
      0.288435161113739
    ],
    [
      -0.351881206035614,
      -0.24489450454711914,
      0.9034413695335388
    ]
  ],
  "position": [
    1.835532784461975,
    0.3214804232120514,
    0.1290235072374344
  ],
  "focal_length": 1474.2796630859375,
  "principal_point": [
    320.0,
    240.0
  ],
  "skew": 0.0,
  "pixel_aspect_ratio": 1.0,
  "radial_distortion": [
    0.057124994695186615,
    0.07796183973550797,
    0.0
  ],
  "tangential_distortion": [
    0.02577873319387436,
    -0.030609173700213432
  ],
  "image_size": [
    640,
    480
  ]
}