{
  "orientation": [
    [
      0.9951647520065308,
      0.08110605180263519,
      0.0553976371884346
    ],
    [
      -0.09279871731996536,
      0.9612002372741699,
      0.25977393984794617
    ],
    [
      -0.032178983092308044,
      -0.26365870237350464,
      0.9640791416168213
    ]
  ],
  "position": [
    -3.0824131965637207,
    0.3344763517379761,
    -1.2754660844802856
  ],
  "focal_length": 1474.2796630859375,
  "principal_point": [
    320.0,
    240.0
  ],
  "skew": 0.0,
  "pixel_aspect_ratio": 1.0,
  "radial_distortion": [
    0.057124994695186615,
    0.07796183973550797,
    0.0
  ],
  "tangential_distortion": [
    0.02577873319387436,
    -0.030609173700213432
  ],
  "image_size": [
    640,
    480
  ]
}