{
  "orientation": [
    [
      0.9196344017982483,
      -0.18663595616817474,
      0.3456003963947296
    ],
    [
      0.09264310449361801,
      0.9581374526023865,
      0.27090567350387573
    ],
    [
      -0.38169342279434204,
      -0.21711666882038116,
      0.8984266519546509
    ]
  ],
  "position": [
    1.103927493095398,
    0.35899198055267334,
    0.15397776663303375
  ],
  "focal_length": 1474.2796630859375,
  "principal_point": [
    320.0,
    240.0
  ],
  "skew": 0.0,
  "pixel_aspect_ratio": 1.0,
  "radial_distortion": [
    0.057124994695186615,
    0.07796183973550797,
    0.0
  ],
  "tangential_distortion": [
    0.02577873319387436,
    -0.030609173700213432
  ],
  "image_size": [
    640,
    480
  ]
}