{
  "orientation": [
    [
      0.9886762499809265,
      0.11355297267436981,
      -0.0981069803237915
    ],
    [
      -0.09038019180297852,
      0.9724736213684082,
      0.21477080881595612
    ],
    [
      0.1197943165898323,
      -0.20347186923027039,
      0.9717245101928711
    ]
  ],
  "position": [
    -5.471891403198242,
    0.04799767583608627,
    -1.3530709743499756
  ],
  "focal_length": 1474.2796630859375,
  "principal_point": [
    320.0,
    240.0
  ],
  "skew": 0.0,
  "pixel_aspect_ratio": 1.0,
  "radial_distortion": [
    0.057124994695186615,
    0.07796183973550797,
    0.0
  ],
  "tangential_distortion": [
    0.02577873319387436,
    -0.030609173700213432
  ],
  "image_size": [
    640,
    480
  ]
}