{
  "orientation": [
    [
      0.9941114187240601,
      0.018594415858387947,
      0.10675565153360367
    ],
    [
      -0.041278041899204254,
      0.9758716821670532,
      0.21440745890140533
    ],
    [
      -0.10019303858280182,
      -0.2175515741109848,
      0.9708927273750305
    ]
  ],
  "position": [
    -3.196786403656006,
    0.17480213940143585,
    -1.1560031175613403
  ],
  "focal_length": 1474.2796630859375,
  "principal_point": [
    320.0,
    240.0
  ],
  "skew": 0.0,
  "pixel_aspect_ratio": 1.0,
  "radial_distortion": [
    0.057124994695186615,
    0.07796183973550797,
    0.0
  ],
  "tangential_distortion": [
    0.02577873319387436,
    -0.030609173700213432
  ],
  "image_size": [
    640,
    480
  ]
}