{
  "orientation": [
    [
      0.9686473608016968,
      -0.052064526826143265,
      0.24292288720607758
    ],
    [
      -0.012220142409205437,
      0.9666260480880737,
      0.2558998763561249
    ],
    [
      -0.2481389045715332,
      -0.2508452832698822,
      0.93568354845047
    ]
  ],
  "position": [
    0.12166709452867508,
    0.5909613370895386,
    -0.8393204212188721
  ],
  "focal_length": 1474.2796630859375,
  "principal_point": [
    320.0,
    240.0
  ],
  "skew": 0.0,
  "pixel_aspect_ratio": 1.0,
  "radial_distortion": [
    0.057124994695186615,
    0.07796183973550797,
    0.0
  ],
  "tangential_distortion": [
    0.02577873319387436,
    -0.030609173700213432
  ],
  "image_size": [
    640,
    480
  ]
}