{
  "orientation": [
    [
      0.7963550686836243,
      -0.31274276971817017,
      0.5176973938941956
    ],
    [
      0.1555670201778412,
      0.9330544471740723,
      0.3243583142757416
    ],
    [
      -0.5844805836677551,
      -0.17776775360107422,
      0.7916950583457947
    ]
  ],
  "position": [
    4.638581275939941,
    -1.0842701196670532,
    2.4479598999023438
  ],
  "focal_length": 1474.2796630859375,
  "principal_point": [
    320.0,
    240.0
  ],
  "skew": 0.0,
  "pixel_aspect_ratio": 1.0,
  "radial_distortion": [
    0.057124994695186615,
    0.07796183973550797,
    0.0
  ],
  "tangential_distortion": [
    0.02577873319387436,
    -0.030609173700213432
  ],
  "image_size": [
    640,
    480
  ]
}