{
  "orientation": [
    [
      0.8733983039855957,
      -0.18857721984386444,
      0.44901448488235474
    ],
    [
      0.07595010101795197,
      0.9634500741958618,
      0.256896048784256
    ],
    [
      -0.48104777932167053,
      -0.19026988744735718,
      0.8557981252670288
    ]
  ],
  "position": [
    2.8837480545043945,
    -0.18447482585906982,
    0.9333655834197998
  ],
  "focal_length": 1474.2796630859375,
  "principal_point": [
    320.0,
    240.0
  ],
  "skew": 0.0,
  "pixel_aspect_ratio": 1.0,
  "radial_distortion": [
    0.057124994695186615,
    0.07796183973550797,
    0.0
  ],
  "tangential_distortion": [
    0.02577873319387436,
    -0.030609173700213432
  ],
  "image_size": [
    640,
    480
  ]
}