{
  "orientation": [
    [
      0.9293866753578186,
      -0.12730297446250916,
      0.34645968675613403
    ],
    [
      0.042541082948446274,
      0.9693300724029541,
      0.24205264449119568
    ],
    [
      -0.3666478097438812,
      -0.21022173762321472,
      0.9062981009483337
    ]
  ],
  "position": [
    1.6210658550262451,
    0.20485658943653107,
    0.1619752049446106
  ],
  "focal_length": 1474.2796630859375,
  "principal_point": [
    320.0,
    240.0
  ],
  "skew": 0.0,
  "pixel_aspect_ratio": 1.0,
  "radial_distortion": [
    0.057124994695186615,
    0.07796183973550797,
    0.0
  ],
  "tangential_distortion": [
    0.02577873319387436,
    -0.030609173700213432
  ],
  "image_size": [
    640,
    480
  ]
}