{
  "orientation": [
    [
      0.7920698523521423,
      -0.31030040979385376,
      0.5256795287132263
    ],
    [
      0.1635984629392624,
      0.937566339969635,
      0.3069280982017517
    ],
    [
      -0.5880993604660034,
      -0.1571081429719925,
      0.7933827638626099
    ]
  ],
  "position": [
    3.5900256633758545,
    -0.8114680647850037,
    2.0416018962860107
  ],
  "focal_length": 1474.2796630859375,
  "principal_point": [
    320.0,
    240.0
  ],
  "skew": 0.0,
  "pixel_aspect_ratio": 1.0,
  "radial_distortion": [
    0.057124994695186615,
    0.07796183973550797,
    0.0
  ],
  "tangential_distortion": [
    0.02577873319387436,
    -0.030609173700213432
  ],
  "image_size": [
    640,
    480
  ]
}