{
  "orientation": [
    [
      0.9614845514297485,
      -0.059427835047245026,
      0.268357515335083
    ],
    [
      -0.006479209288954735,
      0.9711746573448181,
      0.23828089237213135
    ],
    [
      -0.27478253841400146,
      -0.23084214329719543,
      0.9333844184875488
    ]
  ],
  "position": [
    -0.7821220755577087,
    0.5672440528869629,
    -0.8764024972915649
  ],
  "focal_length": 1474.2796630859375,
  "principal_point": [
    320.0,
    240.0
  ],
  "skew": 0.0,
  "pixel_aspect_ratio": 1.0,
  "radial_distortion": [
    0.057124994695186615,
    0.07796183973550797,
    0.0
  ],
  "tangential_distortion": [
    0.02577873319387436,
    -0.030609173700213432
  ],
  "image_size": [
    640,
    480
  ]
}