{
  "orientation": [
    [
      0.8776934146881104,
      -0.17032772302627563,
      0.44793155789375305
    ],
    [
      0.06855247914791107,
      0.9697167277336121,
      0.23441432416439056
    ],
    [
      -0.474293977022171,
      -0.17503710091114044,
      0.8627904057502747
    ]
  ],
  "position": [
    1.4549630880355835,
    -0.02019285038113594,
    0.5819804072380066
  ],
  "focal_length": 1474.2796630859375,
  "principal_point": [
    320.0,
    240.0
  ],
  "skew": 0.0,
  "pixel_aspect_ratio": 1.0,
  "radial_distortion": [
    0.057124994695186615,
    0.07796183973550797,
    0.0
  ],
  "tangential_distortion": [
    0.02577873319387436,
    -0.030609173700213432
  ],
  "image_size": [
    640,
    480
  ]
}