{
  "orientation": [
    [
      0.9414694309234619,
      -0.14898058772087097,
      0.30239057540893555
    ],
    [
      0.05893666297197342,
      0.9559690952301025,
      0.28748834133148193
    ],
    [
      -0.3319062292575836,
      -0.252839595079422,
      0.9087961316108704
    ]
  ],
  "position": [
    1.4393389225006104,
    0.3451094329357147,
    -0.04105383902788162
  ],
  "focal_length": 1474.2796630859375,
  "principal_point": [
    320.0,
    240.0
  ],
  "skew": 0.0,
  "pixel_aspect_ratio": 1.0,
  "radial_distortion": [
    0.057124994695186615,
    0.07796183973550797,
    0.0
  ],
  "tangential_distortion": [
    0.02577873319387436,
    -0.030609173700213432
  ],
  "image_size": [
    640,
    480
  ]
}