{
  "orientation": [
    [
      0.9243113994598389,
      -0.12433622032403946,
      0.3608170747756958
    ],
    [
      0.04310556873679161,
      0.9734032154083252,
      0.2250068485736847
    ],
    [
      -0.37919700145721436,
      -0.19242316484451294,
      0.9050872921943665
    ]
  ],
  "position": [
    0.5156317353248596,
    0.25930148363113403,
    0.006265695206820965
  ],
  "focal_length": 1474.2796630859375,
  "principal_point": [
    320.0,
    240.0
  ],
  "skew": 0.0,
  "pixel_aspect_ratio": 1.0,
  "radial_distortion": [
    0.057124994695186615,
    0.07796183973550797,
    0.0
  ],
  "tangential_distortion": [
    0.02577873319387436,
    -0.030609173700213432
  ],
  "image_size": [
    640,
    480
  ]
}