{
  "orientation": [
    [
      0.9793850183486938,
      -0.05727097764611244,
      0.19371375441551208
    ],
    [
      -0.0009817505488172174,
      0.9576066136360168,
      0.2880775034427643
    ],
    [
      -0.20200003683567047,
      -0.2823289930820465,
      0.9378093481063843
    ]
  ],
  "position": [
    -0.4086507260799408,
    0.826563835144043,
    -0.7340238690376282
  ],
  "focal_length": 1474.2796630859375,
  "principal_point": [
    320.0,
    240.0
  ],
  "skew": 0.0,
  "pixel_aspect_ratio": 1.0,
  "radial_distortion": [
    0.057124994695186615,
    0.07796183973550797,
    0.0
  ],
  "tangential_distortion": [
    0.02577873319387436,
    -0.030609173700213432
  ],
  "image_size": [
    640,
    480
  ]
}