{
  "orientation": [
    [
      0.7873618602752686,
      -0.30850377678871155,
      0.5337478518486023
    ],
    [
      0.15912644565105438,
      0.9381459951400757,
      0.30750757455825806
    ],
    [
      -0.5956006050109863,
      -0.1571863293647766,
      0.7877514362335205
    ]
  ],
  "position": [
    3.645260810852051,
    -0.87130206823349,
    2.0716872215270996
  ],
  "focal_length": 1474.2796630859375,
  "principal_point": [
    320.0,
    240.0
  ],
  "skew": 0.0,
  "pixel_aspect_ratio": 1.0,
  "radial_distortion": [
    0.057124994695186615,
    0.07796183973550797,
    0.0
  ],
  "tangential_distortion": [
    0.02577873319387436,
    -0.030609173700213432
  ],
  "image_size": [
    640,
    480
  ]
}