{
  "orientation": [
    [
      0.834314227104187,
      -0.296144038438797,
      0.4649930000305176
    ],
    [
      0.16524504125118256,
      0.9390212297439575,
      0.30155128240585327
    ],
    [
      -0.5259408950805664,
      -0.17475074529647827,
      0.8323751091957092
    ]
  ],
  "position": [
    3.9554831981658936,
    -1.0421761274337769,
    2.196840763092041
  ],
  "focal_length": 1474.2796630859375,
  "principal_point": [
    320.0,
    240.0
  ],
  "skew": 0.0,
  "pixel_aspect_ratio": 1.0,
  "radial_distortion": [
    0.057124994695186615,
    0.07796183973550797,
    0.0
  ],
  "tangential_distortion": [
    0.02577873319387436,
    -0.030609173700213432
  ],
  "image_size": [
    640,
    480
  ]
}