{
  "orientation": [
    [
      0.997042179107666,
      0.07370980829000473,
      -0.02176552452147007
    ],
    [
      -0.06707199662923813,
      0.9727683663368225,
      0.22186265885829926
    ],
    [
      0.037526264786720276,
      -0.21974657475948334,
      0.9748349785804749
    ]
  ],
  "position": [
    -4.137636184692383,
    -0.07137663662433624,
    -1.5325334072113037
  ],
  "focal_length": 1474.2796630859375,
  "principal_point": [
    320.0,
    240.0
  ],
  "skew": 0.0,
  "pixel_aspect_ratio": 1.0,
  "radial_distortion": [
    0.057124994695186615,
    0.07796183973550797,
    0.0
  ],
  "tangential_distortion": [
    0.02577873319387436,
    -0.030609173700213432
  ],
  "image_size": [
    640,
    480
  ]
}