{
  "orientation": [
    [
      0.8334622979164124,
      -0.2879765033721924,
      0.4716038405895233
    ],
    [
      0.16807043552398682,
      0.9451422095298767,
      0.28010454773902893
    ],
    [
      -0.5263962149620056,
      -0.1541939079761505,
      0.8361406922340393
    ]
  ],
  "position": [
    2.877535820007324,
    -0.8149586915969849,
    1.7992433309555054
  ],
  "focal_length": 1474.2796630859375,
  "principal_point": [
    320.0,
    240.0
  ],
  "skew": 0.0,
  "pixel_aspect_ratio": 1.0,
  "radial_distortion": [
    0.057124994695186615,
    0.07796183973550797,
    0.0
  ],
  "tangential_distortion": [
    0.02577873319387436,
    -0.030609173700213432
  ],
  "image_size": [
    640,
    480
  ]
}