{
  "orientation": [
    [
      0.9295591115951538,
      -0.1184423565864563,
      0.3491292893886566
    ],
    [
      0.03944604843854904,
      0.9735051989555359,
      0.2252369523048401
    ],
    [
      -0.3665567636489868,
      -0.1955992877483368,
      0.909602701663971
    ]
  ],
  "position": [
    0.41062453389167786,
    0.3458997905254364,
    -0.10458730161190033
  ],
  "focal_length": 1474.2796630859375,
  "principal_point": [
    320.0,
    240.0
  ],
  "skew": 0.0,
  "pixel_aspect_ratio": 1.0,
  "radial_distortion": [
    0.057124994695186615,
    0.07796183973550797,
    0.0
  ],
  "tangential_distortion": [
    0.02577873319387436,
    -0.030609173700213432
  ],
  "image_size": [
    640,
    480
  ]
}