{
  "orientation": [
    [
      0.9187901616096497,
      -0.13846702873706818,
      0.36966410279273987
    ],
    [
      0.04841727390885353,
      0.9689190983772278,
      0.24259331822395325
    ],
    [
      -0.3917658030986786,
      -0.20499421656131744,
      0.8969375491142273
    ]
  ],
  "position": [
    1.8454781770706177,
    0.03710798919200897,
    0.3249204456806183
  ],
  "focal_length": 1474.2796630859375,
  "principal_point": [
    320.0,
    240.0
  ],
  "skew": 0.0,
  "pixel_aspect_ratio": 1.0,
  "radial_distortion": [
    0.057124994695186615,
    0.07796183973550797,
    0.0
  ],
  "tangential_distortion": [
    0.02577873319387436,
    -0.030609173700213432
  ],
  "image_size": [
    640,
    480
  ]
}