{
  "orientation": [
    [
      0.9782127737998962,
      -0.013113408349454403,
      0.20719033479690552
    ],
    [
      -0.03890296071767807,
      0.9687455296516418,
      0.24498695135116577
    ],
    [
      -0.20392732322216034,
      -0.24770967662334442,
      0.9471291303634644
    ]
  ],
  "position": [
    -1.8798192739486694,
    0.5542064309120178,
    -0.8589572906494141
  ],
  "focal_length": 1474.2796630859375,
  "principal_point": [
    320.0,
    240.0
  ],
  "skew": 0.0,
  "pixel_aspect_ratio": 1.0,
  "radial_distortion": [
    0.057124994695186615,
    0.07796183973550797,
    0.0
  ],
  "tangential_distortion": [
    0.02577873319387436,
    -0.030609173700213432
  ],
  "image_size": [
    640,
    480
  ]
}