{
  "orientation": [
    [
      0.9596722722053528,
      -0.0634465143084526,
      0.27386802434921265
    ],
    [
      -0.0033861256670206785,
      0.9715194702148438,
      0.23693563044071198
    ],
    [
      -0.2811008393764496,
      -0.22830790281295776,
      0.932125449180603
    ]
  ],
  "position": [
    -0.681268036365509,
    0.5604590773582458,
    -0.8738542199134827
  ],
  "focal_length": 1474.2796630859375,
  "principal_point": [
    320.0,
    240.0
  ],
  "skew": 0.0,
  "pixel_aspect_ratio": 1.0,
  "radial_distortion": [
    0.057124994695186615,
    0.07796183973550797,
    0.0
  ],
  "tangential_distortion": [
    0.02577873319387436,
    -0.030609173700213432
  ],
  "image_size": [
    640,
    480
  ]
}