{
  "orientation": [
    [
      0.9933537244796753,
      0.09366542100906372,
      -0.06689627468585968
    ],
    [
      -0.07687557488679886,
      0.9724541306495667,
      0.22005242109298706
    ],
    [
      0.08566486090421677,
      -0.2134472131729126,
      0.9731915593147278
    ]
  ],
  "position": [
    -4.876547813415527,
    0.012257976457476616,
    -1.3295387029647827
  ],
  "focal_length": 1474.2796630859375,
  "principal_point": [
    320.0,
    240.0
  ],
  "skew": 0.0,
  "pixel_aspect_ratio": 1.0,
  "radial_distortion": [
    0.057124994695186615,
    0.07796183973550797,
    0.0
  ],
  "tangential_distortion": [
    0.02577873319387436,
    -0.030609173700213432
  ],
  "image_size": [
    640,
    480
  ]
}