{
  "orientation": [
    [
      0.9748287796974182,
      0.13957315683364868,
      -0.17386269569396973
    ],
    [
      -0.10340853780508041,
      0.9739049077033997,
      0.20202933251857758
    ],
    [
      0.19752360880374908,
      -0.17896512150764465,
      0.9638236165046692
    ]
  ],
  "position": [
    -6.773040294647217,
    -0.29054906964302063,
    -1.311726689338684
  ],
  "focal_length": 1474.2796630859375,
  "principal_point": [
    320.0,
    240.0
  ],
  "skew": 0.0,
  "pixel_aspect_ratio": 1.0,
  "radial_distortion": [
    0.057124994695186615,
    0.07796183973550797,
    0.0
  ],
  "tangential_distortion": [
    0.02577873319387436,
    -0.030609173700213432
  ],
  "image_size": [
    640,
    480
  ]
}