{
  "orientation": [
    [
      0.953747034072876,
      -0.12656934559345245,
      0.2726660370826721
    ],
    [
      0.043570395559072495,
      0.9556666016578674,
      0.2912095785140991
    ],
    [
      -0.29743602871894836,
      -0.26586011052131653,
      0.9169788360595703
    ]
  ],
  "position": [
    0.7661345601081848,
    0.48292261362075806,
    -0.3634951412677765
  ],
  "focal_length": 1474.2796630859375,
  "principal_point": [
    320.0,
    240.0
  ],
  "skew": 0.0,
  "pixel_aspect_ratio": 1.0,
  "radial_distortion": [
    0.057124994695186615,
    0.07796183973550797,
    0.0
  ],
  "tangential_distortion": [
    0.02577873319387436,
    -0.030609173700213432
  ],
  "image_size": [
    640,
    480
  ]
}