{
  "orientation": [
    [
      0.9985891580581665,
      0.04670821502804756,
      0.025259215384721756
    ],
    [
      -0.05107409879565239,
      0.9750135540962219,
      0.21619443595409393
    ],
    [
      -0.014530021697282791,
      -0.21717950701713562,
      0.9760235548019409
    ]
  ],
  "position": [
    -3.311570167541504,
    -0.03736887872219086,
    -1.4953839778900146
  ],
  "focal_length": 1474.2796630859375,
  "principal_point": [
    320.0,
    240.0
  ],
  "skew": 0.0,
  "pixel_aspect_ratio": 1.0,
  "radial_distortion": [
    0.057124994695186615,
    0.07796183973550797,
    0.0
  ],
  "tangential_distortion": [
    0.02577873319387436,
    -0.030609173700213432
  ],
  "image_size": [
    640,
    480
  ]
}