{
  "orientation": [
    [
      0.9772287011146545,
      -0.0605727843940258,
      0.20335939526557922
    ],
    [
      0.001984052360057831,
      0.9609552621841431,
      0.27669665217399597
    ],
    [
      -0.21217957139015198,
      -0.2699924111366272,
      0.9391932487487793
    ]
  ],
  "position": [
    -0.2440503090620041,
    0.6403094530105591,
    -0.7736833095550537
  ],
  "focal_length": 1474.2796630859375,
  "principal_point": [
    320.0,
    240.0
  ],
  "skew": 0.0,
  "pixel_aspect_ratio": 1.0,
  "radial_distortion": [
    0.057124994695186615,
    0.07796183973550797,
    0.0
  ],
  "tangential_distortion": [
    0.02577873319387436,
    -0.030609173700213432
  ],
  "image_size": [
    640,
    480
  ]
}