{
  "orientation": [
    [
      0.9920252561569214,
      0.04509010538458824,
      0.11769785732030869
    ],
    [
      -0.07533662766218185,
      0.9607729315757751,
      0.26690787076950073
    ],
    [
      -0.10104601085186005,
      -0.2736462950706482,
      0.9565079212188721
    ]
  ],
  "position": [
    -3.5761234760284424,
    0.6654009819030762,
    -0.7451784610748291
  ],
  "focal_length": 1474.2796630859375,
  "principal_point": [
    320.0,
    240.0
  ],
  "skew": 0.0,
  "pixel_aspect_ratio": 1.0,
  "radial_distortion": [
    0.057124994695186615,
    0.07796183973550797,
    0.0
  ],
  "tangential_distortion": [
    0.02577873319387436,
    -0.030609173700213432
  ],
  "image_size": [
    640,
    480
  ]
}