{
  "orientation": [
    [
      0.977678656578064,
      0.13986603915691376,
      -0.15678614377975464
    ],
    [
      -0.10945182293653488,
      0.9760178923606873,
      0.1881738156080246
    ],
    [
      0.17934520542621613,
      -0.1668129861354828,
      0.9695404767990112
    ]
  ],
  "position": [
    -7.6825079917907715,
    -0.4366942346096039,
    -0.9643965363502502
  ],
  "focal_length": 1474.2796630859375,
  "principal_point": [
    320.0,
    240.0
  ],
  "skew": 0.0,
  "pixel_aspect_ratio": 1.0,
  "radial_distortion": [
    0.057124994695186615,
    0.07796183973550797,
    0.0
  ],
  "tangential_distortion": [
    0.02577873319387436,
    -0.030609173700213432
  ],
  "image_size": [
    640,
    480
  ]
}