{
  "orientation": [
    [
      0.9636003375053406,
      -0.10016364604234695,
      0.24787412583827972
    ],
    [
      0.029946887865662575,
      0.9617677330970764,
      0.27222415804862976
    ],
    [
      -0.26566430926322937,
      -0.2548922598361969,
      0.9297593235969543
    ]
  ],
  "position": [
    -0.9408019781112671,
    0.6046044230461121,
    -0.6235475540161133
  ],
  "focal_length": 1474.2796630859375,
  "principal_point": [
    320.0,
    240.0
  ],
  "skew": 0.0,
  "pixel_aspect_ratio": 1.0,
  "radial_distortion": [
    0.057124994695186615,
    0.07796183973550797,
    0.0
  ],
  "tangential_distortion": [
    0.02577873319387436,
    -0.030609173700213432
  ],
  "image_size": [
    640,
    480
  ]
}