{
  "orientation": [
    [
      0.8861174583435059,
      -0.2446441501379013,
      0.39363065361976624
    ],
    [
      0.13422314822673798,
      0.948395848274231,
      0.28727951645851135
    ],
    [
      -0.4435988962650299,
      -0.20172904431819916,
      0.8732270002365112
    ]
  ],
  "position": [
    2.9514849185943604,
    -0.37705594301223755,
    1.3179811239242554
  ],
  "focal_length": 1474.2796630859375,
  "principal_point": [
    320.0,
    240.0
  ],
  "skew": 0.0,
  "pixel_aspect_ratio": 1.0,
  "radial_distortion": [
    0.057124994695186615,
    0.07796183973550797,
    0.0
  ],
  "tangential_distortion": [
    0.02577873319387436,
    -0.030609173700213432
  ],
  "image_size": [
    640,
    480
  ]
}