{
  "orientation": [
    [
      0.994213342666626,
      0.0913408100605011,
      -0.05653958022594452
    ],
    [
      -0.07793205976486206,
      0.9755284190177917,
      0.20559880137443542
    ],
    [
      0.07393553107976913,
      -0.20000283420085907,
      0.9770017266273499
    ]
  ],
  "position": [
    -5.978905200958252,
    -0.19854767620563507,
    -1.047170877456665
  ],
  "focal_length": 1474.2796630859375,
  "principal_point": [
    320.0,
    240.0
  ],
  "skew": 0.0,
  "pixel_aspect_ratio": 1.0,
  "radial_distortion": [
    0.057124994695186615,
    0.07796183973550797,
    0.0
  ],
  "tangential_distortion": [
    0.02577873319387436,
    -0.030609173700213432
  ],
  "image_size": [
    640,
    480
  ]
}