{
  "orientation": [
    [
      0.9307842254638672,
      -0.17483265697956085,
      0.3210517466068268
    ],
    [
      0.07968807965517044,
      0.9541401267051697,
      0.288559228181839
    ],
    [
      -0.35677793622016907,
      -0.24300238490104675,
      0.9020307064056396
    ]
  ],
  "position": [
    1.9324606657028198,
    0.30602771043777466,
    0.17118273675441742
  ],
  "focal_length": 1474.2796630859375,
  "principal_point": [
    320.0,
    240.0
  ],
  "skew": 0.0,
  "pixel_aspect_ratio": 1.0,
  "radial_distortion": [
    0.057124994695186615,
    0.07796183973550797,
    0.0
  ],
  "tangential_distortion": [
    0.02577873319387436,
    -0.030609173700213432
  ],
  "image_size": [
    640,
    480
  ]
}