{
  "orientation": [
    [
      0.9285928010940552,
      -0.18043425679206848,
      0.32428207993507385
    ],
    [
      0.08387736231088638,
      0.9532747268676758,
      0.2902272939682007
    ],
    [
      -0.36149683594703674,
      -0.2423030436038971,
      0.9003384113311768
    ]
  ],
  "position": [
    2.010328531265259,
    0.30351024866104126,
    0.23690836131572723
  ],
  "focal_length": 1474.2796630859375,
  "principal_point": [
    320.0,
    240.0
  ],
  "skew": 0.0,
  "pixel_aspect_ratio": 1.0,
  "radial_distortion": [
    0.057124994695186615,
    0.07796183973550797,
    0.0
  ],
  "tangential_distortion": [
    0.02577873319387436,
    -0.030609173700213432
  ],
  "image_size": [
    640,
    480
  ]
}