{
  "orientation": [
    [
      0.8662634491920471,
      -0.2673413157463074,
      0.4220382273197174
    ],
    [
      0.1507900506258011,
      0.9452903866767883,
      0.28928956389427185
    ],
    [
      -0.47628772258758545,
      -0.1869618147611618,
      0.8591828942298889
    ]
  ],
  "position": [
    3.3752453327178955,
    -0.7777346968650818,
    1.746680498123169
  ],
  "focal_length": 1474.2796630859375,
  "principal_point": [
    320.0,
    240.0
  ],
  "skew": 0.0,
  "pixel_aspect_ratio": 1.0,
  "radial_distortion": [
    0.057124994695186615,
    0.07796183973550797,
    0.0
  ],
  "tangential_distortion": [
    0.02577873319387436,
    -0.030609173700213432
  ],
  "image_size": [
    640,
    480
  ]
}