{
  "orientation": [
    [
      0.9107990860939026,
      -0.1374078094959259,
      0.38931241631507874
    ],
    [
      0.050192974507808685,
      0.9728473424911499,
      0.22593964636325836
    ],
    [
      -0.4097874164581299,
      -0.1862448751926422,
      0.8929653763771057
    ]
  ],
  "position": [
    0.8016363382339478,
    0.06903872638940811,
    0.17408806085586548
  ],
  "focal_length": 1474.2796630859375,
  "principal_point": [
    320.0,
    240.0
  ],
  "skew": 0.0,
  "pixel_aspect_ratio": 1.0,
  "radial_distortion": [
    0.057124994695186615,
    0.07796183973550797,
    0.0
  ],
  "tangential_distortion": [
    0.02577873319387436,
    -0.030609173700213432
  ],
  "image_size": [
    640,
    480
  ]
}