{
  "orientation": [
    [
      0.9932568073272705,
      0.055006418377161026,
      0.10205500572919846
    ],
    [
      -0.08120366185903549,
      0.9583594799041748,
      0.2737756371498108
    ],
    [
      -0.08274596184492111,
      -0.2802167534828186,
      0.9563637971878052
    ]
  ],
  "position": [
    -3.8413844108581543,
    0.6561423540115356,
    -0.8046849966049194
  ],
  "focal_length": 1474.2796630859375,
  "principal_point": [
    320.0,
    240.0
  ],
  "skew": 0.0,
  "pixel_aspect_ratio": 1.0,
  "radial_distortion": [
    0.057124994695186615,
    0.07796183973550797,
    0.0
  ],
  "tangential_distortion": [
    0.02577873319387436,
    -0.030609173700213432
  ],
  "image_size": [
    640,
    480
  ]
}