{
  "orientation": [
    [
      0.9800798892974854,
      -0.007412538398057222,
      0.1984652578830719
    ],
    [
      -0.042402319610118866,
      0.9684520363807678,
      0.24556615948677063
    ],
    [
      -0.19402433931827545,
      -0.24908983707427979,
      0.9488460421562195
    ]
  ],
  "position": [
    -2.0209381580352783,
    0.5419762134552002,
    -0.840030312538147
  ],
  "focal_length": 1474.2796630859375,
  "principal_point": [
    320.0,
    240.0
  ],
  "skew": 0.0,
  "pixel_aspect_ratio": 1.0,
  "radial_distortion": [
    0.057124994695186615,
    0.07796183973550797,
    0.0
  ],
  "tangential_distortion": [
    0.02577873319387436,
    -0.030609173700213432
  ],
  "image_size": [
    640,
    480
  ]
}