{
  "orientation": [
    [
      0.9984919428825378,
      0.0537867471575737,
      0.010992536321282387
    ],
    [
      -0.05488741397857666,
      0.9740411639213562,
      0.21961598098278046
    ],
    [
      0.0011052454356104136,
      -0.2198881357908249,
      0.9755244851112366
    ]
  ],
  "position": [
    -3.5390806198120117,
    -0.012015688233077526,
    -1.5346689224243164
  ],
  "focal_length": 1474.2796630859375,
  "principal_point": [
    320.0,
    240.0
  ],
  "skew": 0.0,
  "pixel_aspect_ratio": 1.0,
  "radial_distortion": [
    0.057124994695186615,
    0.07796183973550797,
    0.0
  ],
  "tangential_distortion": [
    0.02577873319387436,
    -0.030609173700213432
  ],
  "image_size": [
    640,
    480
  ]
}