{
  "orientation": [
    [
      0.9450143575668335,
      -0.09450322389602661,
      0.3130767345428467
    ],
    [
      0.021100498735904694,
      0.9729617834091187,
      0.2300003319978714
    ],
    [
      -0.3263474702835083,
      -0.21074753999710083,
      0.9214568734169006
    ]
  ],
  "position": [
    -0.04822045564651489,
    0.48252207040786743,
    -0.5654714703559875
  ],
  "focal_length": 1474.2796630859375,
  "principal_point": [
    320.0,
    240.0
  ],
  "skew": 0.0,
  "pixel_aspect_ratio": 1.0,
  "radial_distortion": [
    0.057124994695186615,
    0.07796183973550797,
    0.0
  ],
  "tangential_distortion": [
    0.02577873319387436,
    -0.030609173700213432
  ],
  "image_size": [
    640,
    480
  ]
}