{
  "orientation": [
    [
      0.9722825288772583,
      0.14541831612586975,
      -0.18308526277542114
    ],
    [
      -0.1106303259730339,
      0.9759801030158997,
      0.18768006563186646
    ],
    [
      0.20597968995571136,
      -0.16222326457500458,
      0.9650160670280457
    ]
  ],
  "position": [
    -8.134560585021973,
    -0.6094335317611694,
    -0.7376084327697754
  ],
  "focal_length": 1474.2796630859375,
  "principal_point": [
    320.0,
    240.0
  ],
  "skew": 0.0,
  "pixel_aspect_ratio": 1.0,
  "radial_distortion": [
    0.057124994695186615,
    0.07796183973550797,
    0.0
  ],
  "tangential_distortion": [
    0.02577873319387436,
    -0.030609173700213432
  ],
  "image_size": [
    640,
    480
  ]
}