{
  "orientation": [
    [
      0.7810673713684082,
      -0.30086150765419006,
      0.5471892952919006
    ],
    [
      0.14619451761245728,
      0.9400290250778198,
      0.30817630887031555
    ],
    [
      -0.6070922017097473,
      -0.1607103794813156,
      0.7782102823257446
    ]
  ],
  "position": [
    3.6360514163970947,
    -0.8779983520507812,
    2.131896734237671
  ],
  "focal_length": 1474.2796630859375,
  "principal_point": [
    320.0,
    240.0
  ],
  "skew": 0.0,
  "pixel_aspect_ratio": 1.0,
  "radial_distortion": [
    0.057124994695186615,
    0.07796183973550797,
    0.0
  ],
  "tangential_distortion": [
    0.02577873319387436,
    -0.030609173700213432
  ],
  "image_size": [
    640,
    480
  ]
}