{
  "orientation": [
    [
      0.9923534989356995,
      0.09990139305591583,
      -0.07248647511005402
    ],
    [
      -0.08323012292385101,
      0.9752795100212097,
      0.2047012895345688
    ],
    [
      0.09114451706409454,
      -0.19710297882556915,
      0.9761368036270142
    ]
  ],
  "position": [
    -6.228033542633057,
    -0.17765241861343384,
    -0.9430570006370544
  ],
  "focal_length": 1474.2796630859375,
  "principal_point": [
    320.0,
    240.0
  ],
  "skew": 0.0,
  "pixel_aspect_ratio": 1.0,
  "radial_distortion": [
    0.057124994695186615,
    0.07796183973550797,
    0.0
  ],
  "tangential_distortion": [
    0.02577873319387436,
    -0.030609173700213432
  ],
  "image_size": [
    640,
    480
  ]
}