{
  "orientation": [
    [
      0.9099808931350708,
      -0.20931489765644073,
      0.35794132947921753
    ],
    [
      0.1060580164194107,
      0.952015221118927,
      0.28708669543266296
    ],
    [
      -0.4008571207523346,
      -0.2232808619737625,
      0.8885151743888855
    ]
  ],
  "position": [
    2.512617349624634,
    0.07349783927202225,
    0.6745044589042664
  ],
  "focal_length": 1474.2796630859375,
  "principal_point": [
    320.0,
    240.0
  ],
  "skew": 0.0,
  "pixel_aspect_ratio": 1.0,
  "radial_distortion": [
    0.057124994695186615,
    0.07796183973550797,
    0.0
  ],
  "tangential_distortion": [
    0.02577873319387436,
    -0.030609173700213432
  ],
  "image_size": [
    640,
    480
  ]
}