{
  "orientation": [
    [
      0.921766996383667,
      -0.12681949138641357,
      0.36641836166381836
    ],
    [
      0.04458063468337059,
      0.9733960628509521,
      0.22475029528141022
    ],
    [
      -0.38517290353775024,
      -0.1908322423696518,
      0.9028980731964111
    ]
  ],
  "position": [
    0.5725655555725098,
    0.22227105498313904,
    0.03836197778582573
  ],
  "focal_length": 1474.2796630859375,
  "principal_point": [
    320.0,
    240.0
  ],
  "skew": 0.0,
  "pixel_aspect_ratio": 1.0,
  "radial_distortion": [
    0.057124994695186615,
    0.07796183973550797,
    0.0
  ],
  "tangential_distortion": [
    0.02577873319387436,
    -0.030609173700213432
  ],
  "image_size": [
    640,
    480
  ]
}