{
  "orientation": [
    [
      0.8984562158584595,
      -0.1462295651435852,
      0.4139968156814575
    ],
    [
      0.05399999022483826,
      0.9725529551506042,
      0.2263287454843521
    ],
    [
      -0.4357298016548157,
      -0.18099063634872437,
      0.88169264793396
    ]
  ],
  "position": [
    1.0652176141738892,
    0.011369039304554462,
    0.2878645956516266
  ],
  "focal_length": 1474.2796630859375,
  "principal_point": [
    320.0,
    240.0
  ],
  "skew": 0.0,
  "pixel_aspect_ratio": 1.0,
  "radial_distortion": [
    0.057124994695186615,
    0.07796183973550797,
    0.0
  ],
  "tangential_distortion": [
    0.02577873319387436,
    -0.030609173700213432
  ],
  "image_size": [
    640,
    480
  ]
}