{
  "orientation": [
    [
      0.9104321002960205,
      -0.14536766707897186,
      0.3872745931148529
    ],
    [
      0.05148552730679512,
      0.9687595963478088,
      0.2425985485315323
    ],
    [
      -0.41044196486473083,
      -0.20093047618865967,
      0.8894742131233215
    ]
  ],
  "position": [
    2.0555503368377686,
    -0.05927380174398422,
    0.390221506357193
  ],
  "focal_length": 1474.2796630859375,
  "principal_point": [
    320.0,
    240.0
  ],
  "skew": 0.0,
  "pixel_aspect_ratio": 1.0,
  "radial_distortion": [
    0.057124994695186615,
    0.07796183973550797,
    0.0
  ],
  "tangential_distortion": [
    0.02577873319387436,
    -0.030609173700213432
  ],
  "image_size": [
    640,
    480
  ]
}