{
  "orientation": [
    [
      0.822124719619751,
      -0.2993670701980591,
      0.48424196243286133
    ],
    [
      0.16284270584583282,
      0.9386988282203674,
      0.30385327339172363
    ],
    [
      -0.5455210208892822,
      -0.1709500253200531,
      0.8204772472381592
    ]
  ],
  "position": [
    4.192187786102295,
    -1.0676056146621704,
    2.309108018875122
  ],
  "focal_length": 1474.2796630859375,
  "principal_point": [
    320.0,
    240.0
  ],
  "skew": 0.0,
  "pixel_aspect_ratio": 1.0,
  "radial_distortion": [
    0.057124994695186615,
    0.07796183973550797,
    0.0
  ],
  "tangential_distortion": [
    0.02577873319387436,
    -0.030609173700213432
  ],
  "image_size": [
    640,
    480
  ]
}