{
  "orientation": [
    [
      0.8223323822021484,
      -0.23640282452106476,
      0.5175742506980896
    ],
    [
      0.10421179234981537,
      0.9567956924438477,
      0.27144408226013184
    ],
    [
      -0.559382975101471,
      -0.16927991807460785,
      0.8114400506019592
    ]
  ],
  "position": [
    2.875150442123413,
    -0.49486589431762695,
    1.3494030237197876
  ],
  "focal_length": 1474.2796630859375,
  "principal_point": [
    320.0,
    240.0
  ],
  "skew": 0.0,
  "pixel_aspect_ratio": 1.0,
  "radial_distortion": [
    0.057124994695186615,
    0.07796183973550797,
    0.0
  ],
  "tangential_distortion": [
    0.02577873319387436,
    -0.030609173700213432
  ],
  "image_size": [
    640,
    480
  ]
}