{
  "orientation": [
    [
      0.9510375261306763,
      -0.09243101626634598,
      0.2949307858943939
    ],
    [
      0.01782315969467163,
      0.9690485596656799,
      0.24622607231140137
    ],
    [
      -0.30856117606163025,
      -0.22891363501548767,
      0.9232488870620728
    ]
  ],
  "position": [
    0.9947704076766968,
    0.46682947874069214,
    -0.572411835193634
  ],
  "focal_length": 1474.2796630859375,
  "principal_point": [
    320.0,
    240.0
  ],
  "skew": 0.0,
  "pixel_aspect_ratio": 1.0,
  "radial_distortion": [
    0.057124994695186615,
    0.07796183973550797,
    0.0
  ],
  "tangential_distortion": [
    0.02577873319387436,
    -0.030609173700213432
  ],
  "image_size": [
    640,
    480
  ]
}