{
  "orientation": [
    [
      0.9804402589797974,
      -0.05294208601117134,
      0.1895626038312912
    ],
    [
      -0.004918023478239775,
      0.9562516808509827,
      0.29250383377075195
    ],
    [
      -0.1967553198337555,
      -0.28771480917930603,
      0.9372873306274414
    ]
  ],
  "position": [
    -0.4962419867515564,
    0.9167100191116333,
    -0.7188728451728821
  ],
  "focal_length": 1474.2796630859375,
  "principal_point": [
    320.0,
    240.0
  ],
  "skew": 0.0,
  "pixel_aspect_ratio": 1.0,
  "radial_distortion": [
    0.057124994695186615,
    0.07796183973550797,
    0.0
  ],
  "tangential_distortion": [
    0.02577873319387436,
    -0.030609173700213432
  ],
  "image_size": [
    640,
    480
  ]
}