{
  "orientation": [
    [
      0.9952128529548645,
      0.06750214099884033,
      0.07067400217056274
    ],
    [
      -0.08450230956077576,
      0.9576448202133179,
      0.2752739489078522
    ],
    [
      -0.04909900948405266,
      -0.2799282968044281,
      0.9587645530700684
    ]
  ],
  "position": [
    -4.240926742553711,
    0.6185711622238159,
    -0.9211932420730591
  ],
  "focal_length": 1474.2796630859375,
  "principal_point": [
    320.0,
    240.0
  ],
  "skew": 0.0,
  "pixel_aspect_ratio": 1.0,
  "radial_distortion": [
    0.057124994695186615,
    0.07796183973550797,
    0.0
  ],
  "tangential_distortion": [
    0.02577873319387436,
    -0.030609173700213432
  ],
  "image_size": [
    640,
    480
  ]
}