{
  "orientation": [
    [
      0.9072747826576233,
      -0.14707539975643158,
      0.39398130774497986
    ],
    [
      0.051754437386989594,
      0.9687779545783997,
      0.24246811866760254
    ],
    [
      -0.4173415005207062,
      -0.19959492981433868,
      0.8865596055984497
    ]
  ],
  "position": [
    2.126858949661255,
    -0.07118851691484451,
    0.4269763231277466
  ],
  "focal_length": 1474.2796630859375,
  "principal_point": [
    320.0,
    240.0
  ],
  "skew": 0.0,
  "pixel_aspect_ratio": 1.0,
  "radial_distortion": [
    0.057124994695186615,
    0.07796183973550797,
    0.0
  ],
  "tangential_distortion": [
    0.02577873319387436,
    -0.030609173700213432
  ],
  "image_size": [
    640,
    480
  ]
}