{
  "orientation": [
    [
      0.9891466498374939,
      -0.015910545364022255,
      0.146067813038826
    ],
    [
      -0.027651581913232803,
      0.9561995267868042,
      0.2914066016674042
    ],
    [
      -0.14430642127990723,
      -0.2922828793525696,
      0.9453815817832947
    ]
  ],
  "position": [
    -2.510580539703369,
    1.2076716423034668,
    -0.7970173954963684
  ],
  "focal_length": 1474.2796630859375,
  "principal_point": [
    320.0,
    240.0
  ],
  "skew": 0.0,
  "pixel_aspect_ratio": 1.0,
  "radial_distortion": [
    0.057124994695186615,
    0.07796183973550797,
    0.0
  ],
  "tangential_distortion": [
    0.02577873319387436,
    -0.030609173700213432
  ],
  "image_size": [
    640,
    480
  ]
}