{
  "orientation": [
    [
      0.8160961866378784,
      -0.29515525698661804,
      0.496860533952713
    ],
    [
      0.1633194237947464,
      0.9424876570701599,
      0.29162272810935974
    ],
    [
      -0.5543588995933533,
      -0.15684521198272705,
      0.8173651695251465
    ]
  ],
  "position": [
    3.206467390060425,
    -0.7221748232841492,
    1.9796617031097412
  ],
  "focal_length": 1474.2796630859375,
  "principal_point": [
    320.0,
    240.0
  ],
  "skew": 0.0,
  "pixel_aspect_ratio": 1.0,
  "radial_distortion": [
    0.057124994695186615,
    0.07796183973550797,
    0.0
  ],
  "tangential_distortion": [
    0.02577873319387436,
    -0.030609173700213432
  ],
  "image_size": [
    640,
    480
  ]
}