{
  "orientation": [
    [
      0.8142527341842651,
      -0.30215635895729065,
      0.49567532539367676
    ],
    [
      0.15990020334720612,
      0.9375703930854797,
      0.3088587522506714
    ],
    [
      -0.5580540895462036,
      -0.17223049700260162,
      0.8117340803146362
    ]
  ],
  "position": [
    4.3426008224487305,
    -1.0616333484649658,
    2.3870646953582764
  ],
  "focal_length": 1474.2796630859375,
  "principal_point": [
    320.0,
    240.0
  ],
  "skew": 0.0,
  "pixel_aspect_ratio": 1.0,
  "radial_distortion": [
    0.057124994695186615,
    0.07796183973550797,
    0.0
  ],
  "tangential_distortion": [
    0.02577873319387436,
    -0.030609173700213432
  ],
  "image_size": [
    640,
    480
  ]
}