{
  "orientation": [
    [
      0.9009318351745605,
      -0.2160128951072693,
      0.37637776136398315
    ],
    [
      0.11622709780931473,
      0.9557326436042786,
      0.27030786871910095
    ],
    [
      -0.4181065261363983,
      -0.19978368282318115,
      0.8861565589904785
    ]
  ],
  "position": [
    1.5213741064071655,
    0.12465909868478775,
    0.6160330176353455
  ],
  "focal_length": 1474.2796630859375,
  "principal_point": [
    320.0,
    240.0
  ],
  "skew": 0.0,
  "pixel_aspect_ratio": 1.0,
  "radial_distortion": [
    0.057124994695186615,
    0.07796183973550797,
    0.0
  ],
  "tangential_distortion": [
    0.02577873319387436,
    -0.030609173700213432
  ],
  "image_size": [
    640,
    480
  ]
}