{
  "orientation": [
    [
      0.9880369901657104,
      0.11831098049879074,
      -0.09892112016677856
    ],
    [
      -0.09651882201433182,
      0.974682092666626,
      0.20169027149677277
    ],
    [
      0.12027882039546967,
      -0.189729705452919,
      0.9744411706924438
    ]
  ],
  "position": [
    -6.730955123901367,
    -0.1544611155986786,
    -0.9414234757423401
  ],
  "focal_length": 1474.2796630859375,
  "principal_point": [
    320.0,
    240.0
  ],
  "skew": 0.0,
  "pixel_aspect_ratio": 1.0,
  "radial_distortion": [
    0.057124994695186615,
    0.07796183973550797,
    0.0
  ],
  "tangential_distortion": [
    0.02577873319387436,
    -0.030609173700213432
  ],
  "image_size": [
    640,
    480
  ]
}