{
  "orientation": [
    [
      0.8114255666732788,
      -0.25067225098609924,
      0.5279696583747864
    ],
    [
      0.11162729561328888,
      0.9531925320625305,
      0.2810041606426239
    ],
    [
      -0.5736966729164124,
      -0.16907812654972076,
      0.8014266490936279
    ]
  ],
  "position": [
    3.1367604732513428,
    -0.5884414315223694,
    1.5524146556854248
  ],
  "focal_length": 1474.2796630859375,
  "principal_point": [
    320.0,
    240.0
  ],
  "skew": 0.0,
  "pixel_aspect_ratio": 1.0,
  "radial_distortion": [
    0.057124994695186615,
    0.07796183973550797,
    0.0
  ],
  "tangential_distortion": [
    0.02577873319387436,
    -0.030609173700213432
  ],
  "image_size": [
    640,
    480
  ]
}