{
  "orientation": [
    [
      0.7814992666244507,
      -0.29786616563796997,
      0.5482103824615479
    ],
    [
      0.14362215995788574,
      0.9409645795822144,
      0.3065262734889984
    ],
    [
      -0.6071503758430481,
      -0.16081489622592926,
      0.7781432867050171
    ]
  ],
  "position": [
    3.6450650691986084,
    -0.8747151494026184,
    2.1180644035339355
  ],
  "focal_length": 1474.2796630859375,
  "principal_point": [
    320.0,
    240.0
  ],
  "skew": 0.0,
  "pixel_aspect_ratio": 1.0,
  "radial_distortion": [
    0.057124994695186615,
    0.07796183973550797,
    0.0
  ],
  "tangential_distortion": [
    0.02577873319387436,
    -0.030609173700213432
  ],
  "image_size": [
    640,
    480
  ]
}