{
  "orientation": [
    [
      0.982106626033783,
      -0.045291054993867874,
      0.1827983558177948
    ],
    [
      -0.009330937638878822,
      0.9577561616897583,
      0.28743016719818115
    ],
    [
      -0.18809425830841064,
      -0.2839927673339844,
      0.9401960968971252
    ]
  ],
  "position": [
    -1.9590102434158325,
    1.0720078945159912,
    -0.7291667461395264
  ],
  "focal_length": 1474.2796630859375,
  "principal_point": [
    320.0,
    240.0
  ],
  "skew": 0.0,
  "pixel_aspect_ratio": 1.0,
  "radial_distortion": [
    0.057124994695186615,
    0.07796183973550797,
    0.0
  ],
  "tangential_distortion": [
    0.02577873319387436,
    -0.030609173700213432
  ],
  "image_size": [
    640,
    480
  ]
}