{
  "orientation": [
    [
      0.8282381892204285,
      -0.23782362043857574,
      0.5074065923690796
    ],
    [
      0.09726917743682861,
      0.9527433514595032,
      0.2877826690673828
    ],
    [
      -0.5518697500228882,
      -0.18899758160114288,
      0.8122313022613525
    ]
  ],
  "position": [
    3.9564692974090576,
    -0.6709002256393433,
    1.7117141485214233
  ],
  "focal_length": 1474.2796630859375,
  "principal_point": [
    320.0,
    240.0
  ],
  "skew": 0.0,
  "pixel_aspect_ratio": 1.0,
  "radial_distortion": [
    0.057124994695186615,
    0.07796183973550797,
    0.0
  ],
  "tangential_distortion": [
    0.02577873319387436,
    -0.030609173700213432
  ],
  "image_size": [
    640,
    480
  ]
}