{
  "orientation": [
    [
      0.8962211608886719,
      -0.22326815128326416,
      0.3833261728286743
    ],
    [
      0.12198090553283691,
      0.9548335075378418,
      0.27094951272010803
    ],
    [
      -0.4265070855617523,
      -0.19607220590114594,
      0.8829764723777771
    ]
  ],
  "position": [
    1.604640245437622,
    0.03681011497974396,
    0.7361710071563721
  ],
  "focal_length": 1474.2796630859375,
  "principal_point": [
    320.0,
    240.0
  ],
  "skew": 0.0,
  "pixel_aspect_ratio": 1.0,
  "radial_distortion": [
    0.057124994695186615,
    0.07796183973550797,
    0.0
  ],
  "tangential_distortion": [
    0.02577873319387436,
    -0.030609173700213432
  ],
  "image_size": [
    640,
    480
  ]
}