{
  "orientation": [
    [
      0.7858378291130066,
      -0.3065432906150818,
      0.5371127724647522
    ],
    [
      0.15656247735023499,
      0.9388259053230286,
      0.3067476153373718
    ],
    [
      -0.5982868075370789,
      -0.15696217119693756,
      0.7857580780982971
    ]
  ],
  "position": [
    3.66483211517334,
    -0.8836562633514404,
    2.093000650405884
  ],
  "focal_length": 1474.2796630859375,
  "principal_point": [
    320.0,
    240.0
  ],
  "skew": 0.0,
  "pixel_aspect_ratio": 1.0,
  "radial_distortion": [
    0.057124994695186615,
    0.07796183973550797,
    0.0
  ],
  "tangential_distortion": [
    0.02577873319387436,
    -0.030609173700213432
  ],
  "image_size": [
    640,
    480
  ]
}