{
  "orientation": [
    [
      0.9981848001480103,
      0.05950167402625084,
      0.009311108849942684
    ],
    [
      -0.06014683097600937,
      0.9769760370254517,
      0.20469523966312408
    ],
    [
      0.0030829785391688347,
      -0.20488369464874268,
      0.9787814617156982
    ]
  ],
  "position": [
    -4.845963001251221,
    -0.16673709452152252,
    -1.3022629022598267
  ],
  "focal_length": 1474.2796630859375,
  "principal_point": [
    320.0,
    240.0
  ],
  "skew": 0.0,
  "pixel_aspect_ratio": 1.0,
  "radial_distortion": [
    0.057124994695186615,
    0.07796183973550797,
    0.0
  ],
  "tangential_distortion": [
    0.02577873319387436,
    -0.030609173700213432
  ],
  "image_size": [
    640,
    480
  ]
}