{
  "orientation": [
    [
      0.9854781031608582,
      0.12153477966785431,
      -0.11858412623405457
    ],
    [
      -0.09573580324649811,
      0.9744642376899719,
      0.20311112701892853
    ],
    [
      0.14024105668067932,
      -0.18880882859230042,
      0.9719483852386475
    ]
  ],
  "position": [
    -5.873353004455566,
    -0.06756563484668732,
    -1.4780912399291992
  ],
  "focal_length": 1474.2796630859375,
  "principal_point": [
    320.0,
    240.0
  ],
  "skew": 0.0,
  "pixel_aspect_ratio": 1.0,
  "radial_distortion": [
    0.057124994695186615,
    0.07796183973550797,
    0.0
  ],
  "tangential_distortion": [
    0.02577873319387436,
    -0.030609173700213432
  ],
  "image_size": [
    640,
    480
  ]
}