{
  "orientation": [
    [
      0.9495810866355896,
      -0.12941475212574005,
      0.2855653166770935
    ],
    [
      0.04832564294338226,
      0.9603635668754578,
      0.27452948689460754
    ],
    [
      -0.3097746968269348,
      -0.24688787758350372,
      0.9181971549987793
    ]
  ],
  "position": [
    -0.2977433502674103,
    0.512090802192688,
    -0.4610791504383087
  ],
  "focal_length": 1474.2796630859375,
  "principal_point": [
    320.0,
    240.0
  ],
  "skew": 0.0,
  "pixel_aspect_ratio": 1.0,
  "radial_distortion": [
    0.057124994695186615,
    0.07796183973550797,
    0.0
  ],
  "tangential_distortion": [
    0.02577873319387436,
    -0.030609173700213432
  ],
  "image_size": [
    640,
    480
  ]
}