{
  "orientation": [
    [
      0.9341884851455688,
      -0.11216616630554199,
      0.3386895954608917
    ],
    [
      0.035325318574905396,
      0.9737102389335632,
      0.22503447532653809
    ],
    [
      -0.3550267815589905,
      -0.19826029241085052,
      0.9135911464691162
    ]
  ],
  "position": [
    0.3042186200618744,
    0.4076988399028778,
    -0.2612260580062866
  ],
  "focal_length": 1474.2796630859375,
  "principal_point": [
    320.0,
    240.0
  ],
  "skew": 0.0,
  "pixel_aspect_ratio": 1.0,
  "radial_distortion": [
    0.057124994695186615,
    0.07796183973550797,
    0.0
  ],
  "tangential_distortion": [
    0.02577873319387436,
    -0.030609173700213432
  ],
  "image_size": [
    640,
    480
  ]
}