{
  "orientation": [
    [
      0.9308899641036987,
      -0.16595976054668427,
      0.3254246115684509
    ],
    [
      0.07619205862283707,
      0.9594591856002808,
      0.27135375142097473
    ],
    [
      -0.357265442609787,
      -0.2278057038784027,
      0.9057957530021667
    ]
  ],
  "position": [
    0.686802864074707,
    0.43345165252685547,
    -0.05481512472033501
  ],
  "focal_length": 1474.2796630859375,
  "principal_point": [
    320.0,
    240.0
  ],
  "skew": 0.0,
  "pixel_aspect_ratio": 1.0,
  "radial_distortion": [
    0.057124994695186615,
    0.07796183973550797,
    0.0
  ],
  "tangential_distortion": [
    0.02577873319387436,
    -0.030609173700213432
  ],
  "image_size": [
    640,
    480
  ]
}