{
  "orientation": [
    [
      0.9852599501609802,
      0.004555614665150642,
      0.17100313305854797
    ],
    [
      -0.04768070951104164,
      0.96734219789505,
      0.24894897639751434
    ],
    [
      -0.16428443789482117,
      -0.2534329891204834,
      0.9533007740974426
    ]
  ],
  "position": [
    -2.46447491645813,
    0.5679174661636353,
    -0.7543348670005798
  ],
  "focal_length": 1474.2796630859375,
  "principal_point": [
    320.0,
    240.0
  ],
  "skew": 0.0,
  "pixel_aspect_ratio": 1.0,
  "radial_distortion": [
    0.057124994695186615,
    0.07796183973550797,
    0.0
  ],
  "tangential_distortion": [
    0.02577873319387436,
    -0.030609173700213432
  ],
  "image_size": [
    640,
    480
  ]
}