{
  "orientation": [
    [
      0.798742949962616,
      -0.26770830154418945,
      0.5388339161872864
    ],
    [
      0.12128415703773499,
      0.9488160610198975,
      0.2916131913661957
    ],
    [
      -0.5893215537071228,
      -0.16757194697856903,
      0.790328860282898
    ]
  ],
  "position": [
    3.426820755004883,
    -0.6441355347633362,
    1.821306824684143
  ],
  "focal_length": 1474.2796630859375,
  "principal_point": [
    320.0,
    240.0
  ],
  "skew": 0.0,
  "pixel_aspect_ratio": 1.0,
  "radial_distortion": [
    0.057124994695186615,
    0.07796183973550797,
    0.0
  ],
  "tangential_distortion": [
    0.02577873319387436,
    -0.030609173700213432
  ],
  "image_size": [
    640,
    480
  ]
}