{
  "orientation": [
    [
      0.8330305814743042,
      -0.23312652111053467,
      0.5017091035842896
    ],
    [
      0.09554965794086456,
      0.9538775086402893,
      0.2845839262008667
    ],
    [
      -0.544913113117218,
      -0.18912896513938904,
      0.8168842792510986
    ]
  ],
  "position": [
    3.8703160285949707,
    -0.6318514943122864,
    1.6160701513290405
  ],
  "focal_length": 1474.2796630859375,
  "principal_point": [
    320.0,
    240.0
  ],
  "skew": 0.0,
  "pixel_aspect_ratio": 1.0,
  "radial_distortion": [
    0.057124994695186615,
    0.07796183973550797,
    0.0
  ],
  "tangential_distortion": [
    0.02577873319387436,
    -0.030609173700213432
  ],
  "image_size": [
    640,
    480
  ]
}