{
  "orientation": [
    [
      0.9513618350028992,
      -0.125788614153862,
      0.28122565150260925
    ],
    [
      0.04572311416268349,
      0.9603874087333679,
      0.27489161491394043
    ],
    [
      -0.3046638071537018,
      -0.24866288900375366,
      0.9194273948669434
    ]
  ],
  "position": [
    -0.3912174105644226,
    0.5350486040115356,
    -0.473710298538208
  ],
  "focal_length": 1474.2796630859375,
  "principal_point": [
    320.0,
    240.0
  ],
  "skew": 0.0,
  "pixel_aspect_ratio": 1.0,
  "radial_distortion": [
    0.057124994695186615,
    0.07796183973550797,
    0.0
  ],
  "tangential_distortion": [
    0.02577873319387436,
    -0.030609173700213432
  ],
  "image_size": [
    640,
    480
  ]
}