{
  "orientation": [
    [
      0.987137496471405,
      -0.026686379685997963,
      0.15763048827648163
    ],
    [
      -0.02122768573462963,
      0.9553616642951965,
      0.29467517137527466
    ],
    [
      -0.1584579348564148,
      -0.29423102736473083,
      0.9425068497657776
    ]
  ],
  "position": [
    -2.3441362380981445,
    1.2194494009017944,
    -0.786175012588501
  ],
  "focal_length": 1474.2796630859375,
  "principal_point": [
    320.0,
    240.0
  ],
  "skew": 0.0,
  "pixel_aspect_ratio": 1.0,
  "radial_distortion": [
    0.057124994695186615,
    0.07796183973550797,
    0.0
  ],
  "tangential_distortion": [
    0.02577873319387436,
    -0.030609173700213432
  ],
  "image_size": [
    640,
    480
  ]
}