{
  "orientation": [
    [
      0.9922279119491577,
      -0.008125894702970982,
      0.12416830658912659
    ],
    [
      -0.029861023649573326,
      0.9531576633453369,
      0.3009962737560272
    ],
    [
      -0.12079783529043198,
      -0.302364706993103,
      0.9455069899559021
    ]
  ],
  "position": [
    -1.5251202583312988,
    1.2490460872650146,
    -0.9625750780105591
  ],
  "focal_length": 1474.2796630859375,
  "principal_point": [
    320.0,
    240.0
  ],
  "skew": 0.0,
  "pixel_aspect_ratio": 1.0,
  "radial_distortion": [
    0.057124994695186615,
    0.07796183973550797,
    0.0
  ],
  "tangential_distortion": [
    0.02577873319387436,
    -0.030609173700213432
  ],
  "image_size": [
    640,
    480
  ]
}