{
  "orientation": [
    [
      0.9787410497665405,
      0.13548023998737335,
      -0.15398378670215607
    ],
    [
      -0.1030360534787178,
      0.9739497303962708,
      0.2020038366317749
    ],
    [
      0.17734000086784363,
      -0.1818435788154602,
      0.9672039151191711
    ]
  ],
  "position": [
    -6.429981231689453,
    -0.1827787458896637,
    -1.447659969329834
  ],
  "focal_length": 1474.2796630859375,
  "principal_point": [
    320.0,
    240.0
  ],
  "skew": 0.0,
  "pixel_aspect_ratio": 1.0,
  "radial_distortion": [
    0.057124994695186615,
    0.07796183973550797,
    0.0
  ],
  "tangential_distortion": [
    0.02577873319387436,
    -0.030609173700213432
  ],
  "image_size": [
    640,
    480
  ]
}