{
  "orientation": [
    [
      0.9270410537719727,
      -0.1302432268857956,
      0.35161277651786804
    ],
    [
      0.044523850083351135,
      0.9693366289138794,
      0.24166952073574066
    ],
    [
      -0.3723069727420807,
      -0.20838241279125214,
      0.9044137597084045
    ]
  ],
  "position": [
    1.668050765991211,
    0.1637635976076126,
    0.2070849984884262
  ],
  "focal_length": 1474.2796630859375,
  "principal_point": [
    320.0,
    240.0
  ],
  "skew": 0.0,
  "pixel_aspect_ratio": 1.0,
  "radial_distortion": [
    0.057124994695186615,
    0.07796183973550797,
    0.0
  ],
  "tangential_distortion": [
    0.02577873319387436,
    -0.030609173700213432
  ],
  "image_size": [
    640,
    480
  ]
}