{
  "orientation": [
    [
      0.9493064284324646,
      -0.09612634778022766,
      0.29929420351982117
    ],
    [
      0.02069077081978321,
      0.9691407680511475,
      0.2456381469964981
    ],
    [
      -0.3136705160140991,
      -0.22699324786663055,
      0.9220004677772522
    ]
  ],
  "position": [
    1.0694055557250977,
    0.45672863721847534,
    -0.4919799268245697
  ],
  "focal_length": 1474.2796630859375,
  "principal_point": [
    320.0,
    240.0
  ],
  "skew": 0.0,
  "pixel_aspect_ratio": 1.0,
  "radial_distortion": [
    0.057124994695186615,
    0.07796183973550797,
    0.0
  ],
  "tangential_distortion": [
    0.02577873319387436,
    -0.030609173700213432
  ],
  "image_size": [
    640,
    480
  ]
}