{
  "orientation": [
    [
      0.937526285648346,
      -0.1585252732038498,
      0.3097001314163208
    ],
    [
      0.06641852855682373,
      0.9553409218788147,
      0.28794488310813904
    ],
    [
      -0.34151574969291687,
      -0.24938607215881348,
      0.9061862826347351
    ]
  ],
  "position": [
    1.6215579509735107,
    0.34288981556892395,
    0.06987152993679047
  ],
  "focal_length": 1474.2796630859375,
  "principal_point": [
    320.0,
    240.0
  ],
  "skew": 0.0,
  "pixel_aspect_ratio": 1.0,
  "radial_distortion": [
    0.057124994695186615,
    0.07796183973550797,
    0.0
  ],
  "tangential_distortion": [
    0.02577873319387436,
    -0.030609173700213432
  ],
  "image_size": [
    640,
    480
  ]
}