{
  "orientation": [
    [
      0.9945186972618103,
      0.07196220010519028,
      0.07585488259792328
    ],
    [
      -0.08926133811473846,
      0.9621407389640808,
      0.2575220465660095
    ],
    [
      -0.054451216012239456,
      -0.26288139820098877,
      0.9632903933525085
    ]
  ],
  "position": [
    -2.857848882675171,
    0.29720884561538696,
    -1.201687216758728
  ],
  "focal_length": 1474.2796630859375,
  "principal_point": [
    320.0,
    240.0
  ],
  "skew": 0.0,
  "pixel_aspect_ratio": 1.0,
  "radial_distortion": [
    0.057124994695186615,
    0.07796183973550797,
    0.0
  ],
  "tangential_distortion": [
    0.02577873319387436,
    -0.030609173700213432
  ],
  "image_size": [
    640,
    480
  ]
}