{
  "orientation": [
    [
      0.8435100317001343,
      -0.2790434956550598,
      0.4589396119117737
    ],
    [
      0.16250760853290558,
      0.9469962120056152,
      0.2771091163158417
    ],
    [
      -0.5119395852088928,
      -0.15916313230991364,
      0.8441475033760071
    ]
  ],
  "position": [
    2.705446243286133,
    -0.759269118309021,
    1.6894155740737915
  ],
  "focal_length": 1474.2796630859375,
  "principal_point": [
    320.0,
    240.0
  ],
  "skew": 0.0,
  "pixel_aspect_ratio": 1.0,
  "radial_distortion": [
    0.057124994695186615,
    0.07796183973550797,
    0.0
  ],
  "tangential_distortion": [
    0.02577873319387436,
    -0.030609173700213432
  ],
  "image_size": [
    640,
    480
  ]
}