{
  "orientation": [
    [
      0.9905308485031128,
      0.10670693963766098,
      -0.08638444542884827
    ],
    [
      -0.08589337766170502,
      0.9725172519683838,
      0.21640817821025848
    ],
    [
      0.10710261762142181,
      -0.20693911612033844,
      0.9724737405776978
    ]
  ],
  "position": [
    -5.2375946044921875,
    0.021569963544607162,
    -1.3057351112365723
  ],
  "focal_length": 1474.2796630859375,
  "principal_point": [
    320.0,
    240.0
  ],
  "skew": 0.0,
  "pixel_aspect_ratio": 1.0,
  "radial_distortion": [
    0.057124994695186615,
    0.07796183973550797,
    0.0
  ],
  "tangential_distortion": [
    0.02577873319387436,
    -0.030609173700213432
  ],
  "image_size": [
    640,
    480
  ]
}