{
  "orientation": [
    [
      0.8374304175376892,
      -0.2935013473033905,
      0.4610501825809479
    ],
    [
      0.1644313782453537,
      0.9397891163825989,
      0.2995976209640503
    ],
    [
      -0.5212222337722778,
      -0.1750810444355011,
      0.8352687954902649
    ]
  ],
  "position": [
    3.918982744216919,
    -1.0435696840286255,
    2.1401102542877197
  ],
  "focal_length": 1474.2796630859375,
  "principal_point": [
    320.0,
    240.0
  ],
  "skew": 0.0,
  "pixel_aspect_ratio": 1.0,
  "radial_distortion": [
    0.057124994695186615,
    0.07796183973550797,
    0.0
  ],
  "tangential_distortion": [
    0.02577873319387436,
    -0.030609173700213432
  ],
  "image_size": [
    640,
    480
  ]
}