{
  "orientation": [
    [
      0.8839293122291565,
      -0.17346256971359253,
      0.4342575967311859
    ],
    [
      0.06696086376905441,
      0.9660360217094421,
      0.24958094954490662
    ],
    [
      -0.462801456451416,
      -0.1915336549282074,
      0.8655228018760681
    ]
  ],
  "position": [
    2.5931522846221924,
    -0.13115178048610687,
    0.7479509115219116
  ],
  "focal_length": 1474.2796630859375,
  "principal_point": [
    320.0,
    240.0
  ],
  "skew": 0.0,
  "pixel_aspect_ratio": 1.0,
  "radial_distortion": [
    0.057124994695186615,
    0.07796183973550797,
    0.0
  ],
  "tangential_distortion": [
    0.02577873319387436,
    -0.030609173700213432
  ],
  "image_size": [
    640,
    480
  ]
}