{
  "orientation": [
    [
      0.9871551990509033,
      -0.035128042101860046,
      0.15585465729236603
    ],
    [
      -0.016076475381851196,
      0.9487358927726746,
      0.31566083431243896
    ],
    [
      -0.1589534431695938,
      -0.3141118288040161,
      0.9359847903251648
    ]
  ],
  "position": [
    -1.0676755905151367,
    1.3134453296661377,
    -0.7257864475250244
  ],
  "focal_length": 1474.2796630859375,
  "principal_point": [
    320.0,
    240.0
  ],
  "skew": 0.0,
  "pixel_aspect_ratio": 1.0,
  "radial_distortion": [
    0.057124994695186615,
    0.07796183973550797,
    0.0
  ],
  "tangential_distortion": [
    0.02577873319387436,
    -0.030609173700213432
  ],
  "image_size": [
    640,
    480
  ]
}