{
  "orientation": [
    [
      0.9836353063583374,
      -0.04309005290269852,
      0.17494221031665802
    ],
    [
      -0.010462826117873192,
      0.9556797742843628,
      0.29422226548194885
    ],
    [
      -0.17986679077148438,
      -0.29123783111572266,
      0.9395895004272461
    ]
  ],
  "position": [
    -0.7447757720947266,
    1.0065056085586548,
    -0.7861478924751282
  ],
  "focal_length": 1474.2796630859375,
  "principal_point": [
    320.0,
    240.0
  ],
  "skew": 0.0,
  "pixel_aspect_ratio": 1.0,
  "radial_distortion": [
    0.057124994695186615,
    0.07796183973550797,
    0.0
  ],
  "tangential_distortion": [
    0.02577873319387436,
    -0.030609173700213432
  ],
  "image_size": [
    640,
    480
  ]
}