{
  "orientation": [
    [
      0.9815375208854675,
      -0.04922635480761528,
      0.18482667207717896
    ],
    [
      -0.007708922028541565,
      0.95534747838974,
      0.29538416862487793
    ],
    [
      -0.1911143660545349,
      -0.2913554608821869,
      0.937329888343811
    ]
  ],
  "position": [
    -0.5861654281616211,
    0.983400285243988,
    -0.7313928008079529
  ],
  "focal_length": 1474.2796630859375,
  "principal_point": [
    320.0,
    240.0
  ],
  "skew": 0.0,
  "pixel_aspect_ratio": 1.0,
  "radial_distortion": [
    0.057124994695186615,
    0.07796183973550797,
    0.0
  ],
  "tangential_distortion": [
    0.02577873319387436,
    -0.030609173700213432
  ],
  "image_size": [
    640,
    480
  ]
}