{
  "orientation": [
    [
      0.8743379712104797,
      -0.1748226433992386,
      0.4527363181114197
    ],
    [
      0.07146771997213364,
      0.9690763354301453,
      0.23618505895137787
    ],
    [
      -0.4800265431404114,
      -0.1741495281457901,
      0.8597944378852844
    ]
  ],
  "position": [
    1.5650370121002197,
    -0.030154414474964142,
    0.5986931920051575
  ],
  "focal_length": 1474.2796630859375,
  "principal_point": [
    320.0,
    240.0
  ],
  "skew": 0.0,
  "pixel_aspect_ratio": 1.0,
  "radial_distortion": [
    0.057124994695186615,
    0.07796183973550797,
    0.0
  ],
  "tangential_distortion": [
    0.02577873319387436,
    -0.030609173700213432
  ],
  "image_size": [
    640,
    480
  ]
}