{
  "orientation": [
    [
      0.887359082698822,
      -0.16809745132923126,
      0.42934495210647583
    ],
    [
      0.06341323256492615,
      0.9668185114860535,
      0.24746866524219513
    ],
    [
      -0.4566974937915802,
      -0.19236741960048676,
      0.8685747981071472
    ]
  ],
  "position": [
    2.5102875232696533,
    -0.12948226928710938,
    0.6995609998703003
  ],
  "focal_length": 1474.2796630859375,
  "principal_point": [
    320.0,
    240.0
  ],
  "skew": 0.0,
  "pixel_aspect_ratio": 1.0,
  "radial_distortion": [
    0.057124994695186615,
    0.07796183973550797,
    0.0
  ],
  "tangential_distortion": [
    0.02577873319387436,
    -0.030609173700213432
  ],
  "image_size": [
    640,
    480
  ]
}