{
  "orientation": [
    [
      0.9925968050956726,
      -0.0043546236120164394,
      0.12137816101312637
    ],
    [
      -0.031851813197135925,
      0.9550467729568481,
      0.2947390079498291
    ],
    [
      -0.11720529943704605,
      -0.2964231073856354,
      0.9478376507759094
    ]
  ],
  "position": [
    -1.5844848155975342,
    1.1702381372451782,
    -1.0218377113342285
  ],
  "focal_length": 1474.2796630859375,
  "principal_point": [
    320.0,
    240.0
  ],
  "skew": 0.0,
  "pixel_aspect_ratio": 1.0,
  "radial_distortion": [
    0.057124994695186615,
    0.07796183973550797,
    0.0
  ],
  "tangential_distortion": [
    0.02577873319387436,
    -0.030609173700213432
  ],
  "image_size": [
    640,
    480
  ]
}