{
  "orientation": [
    [
      0.9080519676208496,
      -0.2035568803548813,
      0.366068571805954
    ],
    [
      0.10584670305252075,
      0.9571205973625183,
      0.2696603238582611
    ],
    [
      -0.4052629768848419,
      -0.20611843466758728,
      0.8906610608100891
    ]
  ],
  "position": [
    1.389016032218933,
    0.23728132247924805,
    0.4226391911506653
  ],
  "focal_length": 1474.2796630859375,
  "principal_point": [
    320.0,
    240.0
  ],
  "skew": 0.0,
  "pixel_aspect_ratio": 1.0,
  "radial_distortion": [
    0.057124994695186615,
    0.07796183973550797,
    0.0
  ],
  "tangential_distortion": [
    0.02577873319387436,
    -0.030609173700213432
  ],
  "image_size": [
    640,
    480
  ]
}