{
  "orientation": [
    [
      0.9847128391265869,
      -0.03706568107008934,
      0.1701962649822235
    ],
    [
      -0.015645068138837814,
      0.9543271660804749,
      0.29835373163223267
    ],
    [
      -0.17348159849643707,
      -0.2964554727077484,
      0.9391582608222961
    ]
  ],
  "position": [
    -2.177243709564209,
    1.2187366485595703,
    -0.7081791162490845
  ],
  "focal_length": 1474.2796630859375,
  "principal_point": [
    320.0,
    240.0
  ],
  "skew": 0.0,
  "pixel_aspect_ratio": 1.0,
  "radial_distortion": [
    0.057124994695186615,
    0.07796183973550797,
    0.0
  ],
  "tangential_distortion": [
    0.02577873319387436,
    -0.030609173700213432
  ],
  "image_size": [
    640,
    480
  ]
}