{
  "orientation": [
    [
      0.9978813529014587,
      0.03278069198131561,
      0.05619822070002556
    ],
    [
      -0.04413316026329994,
      0.9757257103919983,
      0.21450312435626984
    ],
    [
      -0.04780248552560806,
      -0.21652887761592865,
      0.9751052260398865
    ]
  ],
  "position": [
    -2.7910783290863037,
    -0.021314673125743866,
    -1.3989657163619995
  ],
  "focal_length": 1474.2796630859375,
  "principal_point": [
    320.0,
    240.0
  ],
  "skew": 0.0,
  "pixel_aspect_ratio": 1.0,
  "radial_distortion": [
    0.057124994695186615,
    0.07796183973550797,
    0.0
  ],
  "tangential_distortion": [
    0.02577873319387436,
    -0.030609173700213432
  ],
  "image_size": [
    640,
    480
  ]
}