{
  "orientation": [
    [
      0.9867640137672424,
      0.01053999550640583,
      0.16181980073451996
    ],
    [
      -0.05134202539920807,
      0.9668567180633545,
      0.2501041293144226
    ],
    [
      -0.1538204699754715,
      -0.25510191917419434,
      0.9546005725860596
    ]
  ],
  "position": [
    -2.6278796195983887,
    0.5763028264045715,
    -0.7559889554977417
  ],
  "focal_length": 1474.2796630859375,
  "principal_point": [
    320.0,
    240.0
  ],
  "skew": 0.0,
  "pixel_aspect_ratio": 1.0,
  "radial_distortion": [
    0.057124994695186615,
    0.07796183973550797,
    0.0
  ],
  "tangential_distortion": [
    0.02577873319387436,
    -0.030609173700213432
  ],
  "image_size": [
    640,
    480
  ]
}