{
  "orientation": [
    [
      0.9755318760871887,
      -0.03176574409008026,
      0.21755100786685944
    ],
    [
      -0.026274919509887695,
      0.9655711650848389,
      0.25880876183509827
    ],
    [
      -0.21828222274780273,
      -0.2581923305988312,
      0.9411108493804932
    ]
  ],
  "position": [
    -0.34002047777175903,
    0.6234045624732971,
    -0.8488956093788147
  ],
  "focal_length": 1474.2796630859375,
  "principal_point": [
    320.0,
    240.0
  ],
  "skew": 0.0,
  "pixel_aspect_ratio": 1.0,
  "radial_distortion": [
    0.057124994695186615,
    0.07796183973550797,
    0.0
  ],
  "tangential_distortion": [
    0.02577873319387436,
    -0.030609173700213432
  ],
  "image_size": [
    640,
    480
  ]
}