{
  "orientation": [
    [
      0.8886391520500183,
      -0.24164509773254395,
      0.38977953791618347
    ],
    [
      0.1320154070854187,
      0.9487316012382507,
      0.28719380497932434
    ],
    [
      -0.4391951560974121,
      -0.20375476777553558,
      0.8749809265136719
    ]
  ],
  "position": [
    2.902160167694092,
    -0.3339720368385315,
    1.2478452920913696
  ],
  "focal_length": 1474.2796630859375,
  "principal_point": [
    320.0,
    240.0
  ],
  "skew": 0.0,
  "pixel_aspect_ratio": 1.0,
  "radial_distortion": [
    0.057124994695186615,
    0.07796183973550797,
    0.0
  ],
  "tangential_distortion": [
    0.02577873319387436,
    -0.030609173700213432
  ],
  "image_size": [
    640,
    480
  ]
}