{
  "orientation": [
    [
      0.997698962688446,
      0.06669784337282181,
      -0.01217132993042469
    ],
    [
      -0.06234702840447426,
      0.9730944633483887,
      0.22181087732315063
    ],
    [
      0.026638159528374672,
      -0.22054164111614227,
      0.9750137329101562
    ]
  ],
  "position": [
    -3.9604530334472656,
    -0.05225863307714462,
    -1.5551552772521973
  ],
  "focal_length": 1474.2796630859375,
  "principal_point": [
    320.0,
    240.0
  ],
  "skew": 0.0,
  "pixel_aspect_ratio": 1.0,
  "radial_distortion": [
    0.057124994695186615,
    0.07796183973550797,
    0.0
  ],
  "tangential_distortion": [
    0.02577873319387436,
    -0.030609173700213432
  ],
  "image_size": [
    640,
    480
  ]
}