{
  "orientation": [
    [
      0.7851965427398682,
      -0.2884909510612488,
      0.5479410290718079
    ],
    [
      0.1355905532836914,
      0.9434753656387329,
      0.30243921279907227
    ],
    [
      -0.6042198538780212,
      -0.16317859292030334,
      0.7799302339553833
    ]
  ],
  "position": [
    3.6510448455810547,
    -0.8025014996528625,
    2.0504162311553955
  ],
  "focal_length": 1474.2796630859375,
  "principal_point": [
    320.0,
    240.0
  ],
  "skew": 0.0,
  "pixel_aspect_ratio": 1.0,
  "radial_distortion": [
    0.057124994695186615,
    0.07796183973550797,
    0.0
  ],
  "tangential_distortion": [
    0.02577873319387436,
    -0.030609173700213432
  ],
  "image_size": [
    640,
    480
  ]
}