{
  "orientation": [
    [
      0.9077138900756836,
      -0.21413065493106842,
      0.36083734035491943
    ],
    [
      0.11008932441473007,
      0.9513896107673645,
      0.28764230012893677
    ],
    [
      -0.40488994121551514,
      -0.2213725745677948,
      0.8871630430221558
    ]
  ],
  "position": [
    2.5477054119110107,
    0.041219282895326614,
    0.7440515160560608
  ],
  "focal_length": 1474.2796630859375,
  "principal_point": [
    320.0,
    240.0
  ],
  "skew": 0.0,
  "pixel_aspect_ratio": 1.0,
  "radial_distortion": [
    0.057124994695186615,
    0.07796183973550797,
    0.0
  ],
  "tangential_distortion": [
    0.02577873319387436,
    -0.030609173700213432
  ],
  "image_size": [
    640,
    480
  ]
}