{
  "orientation": [
    [
      0.9757478833198547,
      -0.06988763809204102,
      0.2074410319328308
    ],
    [
      0.009505986236035824,
      0.9602980017662048,
      0.2788142263889313
    ],
    [
      -0.218690887093544,
      -0.27008047699928284,
      0.9376730918884277
    ]
  ],
  "position": [
    -0.16002564132213593,
    0.6366928815841675,
    -0.7500519156455994
  ],
  "focal_length": 1474.2796630859375,
  "principal_point": [
    320.0,
    240.0
  ],
  "skew": 0.0,
  "pixel_aspect_ratio": 1.0,
  "radial_distortion": [
    0.057124994695186615,
    0.07796183973550797,
    0.0
  ],
  "tangential_distortion": [
    0.02577873319387436,
    -0.030609173700213432
  ],
  "image_size": [
    640,
    480
  ]
}