{
  "orientation": [
    [
      0.9724939465522766,
      0.14113986492156982,
      -0.18529732525348663
    ],
    [
      -0.10347137600183487,
      0.9744793772697449,
      0.19920746982097626
    ],
    [
      0.2086845338344574,
      -0.17455509305000305,
      0.962279200553894
    ]
  ],
  "position": [
    -6.986213207244873,
    -0.4091761112213135,
    -1.2198212146759033
  ],
  "focal_length": 1474.2796630859375,
  "principal_point": [
    320.0,
    240.0
  ],
  "skew": 0.0,
  "pixel_aspect_ratio": 1.0,
  "radial_distortion": [
    0.057124994695186615,
    0.07796183973550797,
    0.0
  ],
  "tangential_distortion": [
    0.02577873319387436,
    -0.030609173700213432
  ],
  "image_size": [
    640,
    480
  ]
}