{
  "orientation": [
    [
      0.9953399300575256,
      0.08651541918516159,
      -0.04258562624454498
    ],
    [
      -0.07598122954368591,
      0.9755822420120239,
      0.20607325434684753
    ],
    [
      0.05937429517507553,
      -0.20187722146511078,
      0.9776094555854797
    ]
  ],
  "position": [
    -5.761133670806885,
    -0.24152827262878418,
    -1.1370055675506592
  ],
  "focal_length": 1474.2796630859375,
  "principal_point": [
    320.0,
    240.0
  ],
  "skew": 0.0,
  "pixel_aspect_ratio": 1.0,
  "radial_distortion": [
    0.057124994695186615,
    0.07796183973550797,
    0.0
  ],
  "tangential_distortion": [
    0.02577873319387436,
    -0.030609173700213432
  ],
  "image_size": [
    640,
    480
  ]
}