{
  "orientation": [
    [
      0.9904512166976929,
      0.03527975082397461,
      0.13327333331108093
    ],
    [
      -0.06975086033344269,
      0.9620824456214905,
      0.2636896073818207
    ],
    [
      -0.11891702562570572,
      -0.270467609167099,
      0.9553564786911011
    ]
  ],
  "position": [
    -3.2686262130737305,
    0.7091889977455139,
    -0.686528205871582
  ],
  "focal_length": 1474.2796630859375,
  "principal_point": [
    320.0,
    240.0
  ],
  "skew": 0.0,
  "pixel_aspect_ratio": 1.0,
  "radial_distortion": [
    0.057124994695186615,
    0.07796183973550797,
    0.0
  ],
  "tangential_distortion": [
    0.02577873319387436,
    -0.030609173700213432
  ],
  "image_size": [
    640,
    480
  ]
}