{
  "orientation": [
    [
      0.9838123321533203,
      -0.039535559713840485,
      0.17478631436824799
    ],
    [
      -0.014655856415629387,
      0.9543412923812866,
      0.2983587384223938
    ],
    [
      -0.17860157787799835,
      -0.29609066247940063,
      0.9383132457733154
    ]
  ],
  "position": [
    -2.1102945804595947,
    1.2136913537979126,
    -0.6795063018798828
  ],
  "focal_length": 1474.2796630859375,
  "principal_point": [
    320.0,
    240.0
  ],
  "skew": 0.0,
  "pixel_aspect_ratio": 1.0,
  "radial_distortion": [
    0.057124994695186615,
    0.07796183973550797,
    0.0
  ],
  "tangential_distortion": [
    0.02577873319387436,
    -0.030609173700213432
  ],
  "image_size": [
    640,
    480
  ]
}