{
  "orientation": [
    [
      0.9342811107635498,
      -0.12142674624919891,
      0.33522287011146545
    ],
    [
      0.03935234621167183,
      0.9695935845375061,
      0.24153615534305573
    ],
    [
      -0.35435888171195984,
      -0.2124708592891693,
      0.9106513857841492
    ]
  ],
  "position": [
    1.523750901222229,
    0.2914310693740845,
    0.022999173030257225
  ],
  "focal_length": 1474.2796630859375,
  "principal_point": [
    320.0,
    240.0
  ],
  "skew": 0.0,
  "pixel_aspect_ratio": 1.0,
  "radial_distortion": [
    0.057124994695186615,
    0.07796183973550797,
    0.0
  ],
  "tangential_distortion": [
    0.02577873319387436,
    -0.030609173700213432
  ],
  "image_size": [
    640,
    480
  ]
}