{
  "orientation": [
    [
      0.7894515991210938,
      -0.3085050582885742,
      0.530651330947876
    ],
    [
      0.14685922861099243,
      0.9343406558036804,
      0.32471519708633423
    ],
    [
      -0.5959853529930115,
      -0.17841587960720062,
      0.7829235196113586
    ]
  ],
  "position": [
    4.719022750854492,
    -1.141698956489563,
    2.5037424564361572
  ],
  "focal_length": 1474.2796630859375,
  "principal_point": [
    320.0,
    240.0
  ],
  "skew": 0.0,
  "pixel_aspect_ratio": 1.0,
  "radial_distortion": [
    0.057124994695186615,
    0.07796183973550797,
    0.0
  ],
  "tangential_distortion": [
    0.02577873319387436,
    -0.030609173700213432
  ],
  "image_size": [
    640,
    480
  ]
}