{
  "orientation": [
    [
      0.7954019904136658,
      -0.28021541237831116,
      0.537415087223053
    ],
    [
      0.12028799206018448,
      0.9420500993728638,
      0.3131651282310486
    ],
    [
      -0.5940256118774414,
      -0.18444758653640747,
      0.7830150723457336
    ]
  ],
  "position": [
    4.669116973876953,
    -0.9522945284843445,
    2.422499418258667
  ],
  "focal_length": 1474.2796630859375,
  "principal_point": [
    320.0,
    240.0
  ],
  "skew": 0.0,
  "pixel_aspect_ratio": 1.0,
  "radial_distortion": [
    0.057124994695186615,
    0.07796183973550797,
    0.0
  ],
  "tangential_distortion": [
    0.02577873319387436,
    -0.030609173700213432
  ],
  "image_size": [
    640,
    480
  ]
}