{
  "orientation": [
    [
      0.982754111289978,
      -0.04044083133339882,
      0.1804409772157669
    ],
    [
      -0.01509048230946064,
      0.9549988508224487,
      0.29622527956962585
    ],
    [
      -0.1843005269765854,
      -0.29383954405784607,
      0.9379187822341919
    ]
  ],
  "position": [
    -2.027536392211914,
    1.1884676218032837,
    -0.6549766063690186
  ],
  "focal_length": 1474.2796630859375,
  "principal_point": [
    320.0,
    240.0
  ],
  "skew": 0.0,
  "pixel_aspect_ratio": 1.0,
  "radial_distortion": [
    0.057124994695186615,
    0.07796183973550797,
    0.0
  ],
  "tangential_distortion": [
    0.02577873319387436,
    -0.030609173700213432
  ],
  "image_size": [
    640,
    480
  ]
}