{
  "orientation": [
    [
      0.9486636519432068,
      -0.08707284927368164,
      0.30406510829925537
    ],
    [
      0.015137284994125366,
      0.9727566838264465,
      0.23133370280265808
    ],
    [
      -0.3159242570400238,
      -0.2148551642894745,
      0.9241369366645813
    ]
  ],
  "position": [
    -0.20596735179424286,
    0.48393163084983826,
    -0.704600989818573
  ],
  "focal_length": 1474.2796630859375,
  "principal_point": [
    320.0,
    240.0
  ],
  "skew": 0.0,
  "pixel_aspect_ratio": 1.0,
  "radial_distortion": [
    0.057124994695186615,
    0.07796183973550797,
    0.0
  ],
  "tangential_distortion": [
    0.02577873319387436,
    -0.030609173700213432
  ],
  "image_size": [
    640,
    480
  ]
}