{
  "orientation": [
    [
      0.9868083000183105,
      0.12275902926921844,
      -0.10554434359073639
    ],
    [
      -0.10006659477949142,
      0.9749941229820251,
      0.1984265148639679
    ],
    [
      0.12726376950740814,
      -0.18524746596813202,
      0.9744163751602173
    ]
  ],
  "position": [
    -6.8774895668029785,
    -0.1894253045320511,
    -0.9803834557533264
  ],
  "focal_length": 1474.2796630859375,
  "principal_point": [
    320.0,
    240.0
  ],
  "skew": 0.0,
  "pixel_aspect_ratio": 1.0,
  "radial_distortion": [
    0.057124994695186615,
    0.07796183973550797,
    0.0
  ],
  "tangential_distortion": [
    0.02577873319387436,
    -0.030609173700213432
  ],
  "image_size": [
    640,
    480
  ]
}