{
  "orientation": [
    [
      0.9348673820495605,
      -0.15561030805110931,
      0.3190743029117584
    ],
    [
      0.0674181878566742,
      0.9602751731872559,
      0.2707885205745697
    ],
    [
      -0.3485366106033325,
      -0.23163993656635284,
      0.9082208871841431
    ]
  ],
  "position": [
    0.4889857769012451,
    0.43226441740989685,
    -0.11391821503639221
  ],
  "focal_length": 1474.2796630859375,
  "principal_point": [
    320.0,
    240.0
  ],
  "skew": 0.0,
  "pixel_aspect_ratio": 1.0,
  "radial_distortion": [
    0.057124994695186615,
    0.07796183973550797,
    0.0
  ],
  "tangential_distortion": [
    0.02577873319387436,
    -0.030609173700213432
  ],
  "image_size": [
    640,
    480
  ]
}