{
  "orientation": [
    [
      0.9723077416419983,
      -0.028554394841194153,
      0.23195332288742065
    ],
    [
      -0.029543627053499222,
      0.969527542591095,
      0.24319447576999664
    ],
    [
      -0.23182940483093262,
      -0.24331261217594147,
      0.9418355226516724
    ]
  ],
  "position": [
    -1.4668997526168823,
    0.5867195725440979,
    -0.859505832195282
  ],
  "focal_length": 1474.2796630859375,
  "principal_point": [
    320.0,
    240.0
  ],
  "skew": 0.0,
  "pixel_aspect_ratio": 1.0,
  "radial_distortion": [
    0.057124994695186615,
    0.07796183973550797,
    0.0
  ],
  "tangential_distortion": [
    0.02577873319387436,
    -0.030609173700213432
  ],
  "image_size": [
    640,
    480
  ]
}