{
  "orientation": [
    [
      0.7933439612388611,
      -0.31102925539016724,
      0.5233222246170044
    ],
    [
      0.15251004695892334,
      0.933763861656189,
      0.3237679600715637
    ],
    [
      -0.5893607139587402,
      -0.177047461271286,
      0.7882310152053833
    ]
  ],
  "position": [
    4.684722900390625,
    -1.1317511796951294,
    2.457415819168091
  ],
  "focal_length": 1474.2796630859375,
  "principal_point": [
    320.0,
    240.0
  ],
  "skew": 0.0,
  "pixel_aspect_ratio": 1.0,
  "radial_distortion": [
    0.057124994695186615,
    0.07796183973550797,
    0.0
  ],
  "tangential_distortion": [
    0.02577873319387436,
    -0.030609173700213432
  ],
  "image_size": [
    640,
    480
  ]
}