{
  "orientation": [
    [
      0.8001118302345276,
      -0.30580398440361023,
      0.5160474181175232
    ],
    [
      0.16509340703487396,
      0.939331591129303,
      0.3006664216518402
    ],
    [
      -0.5766846537590027,
      -0.15537074208259583,
      0.8020565509796143
    ]
  ],
  "position": [
    3.486428737640381,
    -0.7594019174575806,
    2.0482473373413086
  ],
  "focal_length": 1474.2796630859375,
  "principal_point": [
    320.0,
    240.0
  ],
  "skew": 0.0,
  "pixel_aspect_ratio": 1.0,
  "radial_distortion": [
    0.057124994695186615,
    0.07796183973550797,
    0.0
  ],
  "tangential_distortion": [
    0.02577873319387436,
    -0.030609173700213432
  ],
  "image_size": [
    640,
    480
  ]
}