{
  "orientation": [
    [
      0.8911154270172119,
      -0.23874783515930176,
      0.38589221239089966
    ],
    [
      0.1297413408756256,
      0.9489513039588928,
      0.28750404715538025
    ],
    [
      -0.4348338842391968,
      -0.20613311231136322,
      0.8766006231307983
    ]
  ],
  "position": [
    2.8518712520599365,
    -0.2907469868659973,
    1.1781103610992432
  ],
  "focal_length": 1474.2796630859375,
  "principal_point": [
    320.0,
    240.0
  ],
  "skew": 0.0,
  "pixel_aspect_ratio": 1.0,
  "radial_distortion": [
    0.057124994695186615,
    0.07796183973550797,
    0.0
  ],
  "tangential_distortion": [
    0.02577873319387436,
    -0.030609173700213432
  ],
  "image_size": [
    640,
    480
  ]
}