{
  "orientation": [
    [
      0.981893002986908,
      0.132601797580719,
      -0.13528811931610107
    ],
    [
      -0.10602962970733643,
      0.9765099883079529,
      0.18757915496826172
    ],
    [
      0.15698353946208954,
      -0.1698381006717682,
      0.9728880524635315
    ]
  ],
  "position": [
    -7.38632345199585,
    -0.33912816643714905,
    -1.0356664657592773
  ],
  "focal_length": 1474.2796630859375,
  "principal_point": [
    320.0,
    240.0
  ],
  "skew": 0.0,
  "pixel_aspect_ratio": 1.0,
  "radial_distortion": [
    0.057124994695186615,
    0.07796183973550797,
    0.0
  ],
  "tangential_distortion": [
    0.02577873319387436,
    -0.030609173700213432
  ],
  "image_size": [
    640,
    480
  ]
}