{
  "orientation": [
    [
      0.9898466467857361,
      0.10936629772186279,
      -0.09078908711671829
    ],
    [
      -0.08775395154953003,
      0.9726750254631042,
      0.21494773030281067
    ],
    [
      0.11181631684303284,
      -0.20479819178581238,
      0.9723964333534241
    ]
  ],
  "position": [
    -5.318509101867676,
    0.017354890704154968,
    -1.3189311027526855
  ],
  "focal_length": 1474.2796630859375,
  "principal_point": [
    320.0,
    240.0
  ],
  "skew": 0.0,
  "pixel_aspect_ratio": 1.0,
  "radial_distortion": [
    0.057124994695186615,
    0.07796183973550797,
    0.0
  ],
  "tangential_distortion": [
    0.02577873319387436,
    -0.030609173700213432
  ],
  "image_size": [
    640,
    480
  ]
}