{
  "orientation": [
    [
      0.8115453720092773,
      -0.3023211359977722,
      0.49999603629112244
    ],
    [
      0.15700598061084747,
      0.9370943903923035,
      0.3117744028568268
    ],
    [
      -0.5627994537353516,
      -0.1745167076587677,
      0.8079608082771301
    ]
  ],
  "position": [
    4.396630764007568,
    -1.0308620929718018,
    2.4348528385162354
  ],
  "focal_length": 1474.2796630859375,
  "principal_point": [
    320.0,
    240.0
  ],
  "skew": 0.0,
  "pixel_aspect_ratio": 1.0,
  "radial_distortion": [
    0.057124994695186615,
    0.07796183973550797,
    0.0
  ],
  "tangential_distortion": [
    0.02577873319387436,
    -0.030609173700213432
  ],
  "image_size": [
    640,
    480
  ]
}