{
  "orientation": [
    [
      0.9263315200805664,
      -0.18474134802818298,
      0.32829952239990234
    ],
    [
      0.08756712079048157,
      0.9532194137573242,
      0.28931769728660583
    ],
    [
      -0.3663904070854187,
      -0.2392558604478836,
      0.8991744518280029
    ]
  ],
  "position": [
    2.095722198486328,
    0.2735343277454376,
    0.26757583022117615
  ],
  "focal_length": 1474.2796630859375,
  "principal_point": [
    320.0,
    240.0
  ],
  "skew": 0.0,
  "pixel_aspect_ratio": 1.0,
  "radial_distortion": [
    0.057124994695186615,
    0.07796183973550797,
    0.0
  ],
  "tangential_distortion": [
    0.02577873319387436,
    -0.030609173700213432
  ],
  "image_size": [
    640,
    480
  ]
}