{
  "orientation": [
    [
      0.9540421366691589,
      -0.0757879987359047,
      0.2899305820465088
    ],
    [
      0.005916447378695011,
      0.9720667004585266,
      0.23463012278079987
    ],
    [
      -0.2996140122413635,
      -0.2221316695213318,
      0.9278410077095032
    ]
  ],
  "position": [
    -0.43577462434768677,
    0.5100546479225159,
    -0.8410813808441162
  ],
  "focal_length": 1474.2796630859375,
  "principal_point": [
    320.0,
    240.0
  ],
  "skew": 0.0,
  "pixel_aspect_ratio": 1.0,
  "radial_distortion": [
    0.057124994695186615,
    0.07796183973550797,
    0.0
  ],
  "tangential_distortion": [
    0.02577873319387436,
    -0.030609173700213432
  ],
  "image_size": [
    640,
    480
  ]
}