{
  "orientation": [
    [
      0.9406941533088684,
      -0.14457562565803528,
      0.3069078326225281
    ],
    [
      0.058832570910453796,
      0.9604628682136536,
      0.27212098240852356
    ],
    [
      -0.3341156244277954,
      -0.2379264235496521,
      0.9120075702667236
    ]
  ],
  "position": [
    0.19814108312129974,
    0.4467052221298218,
    -0.2718634009361267
  ],
  "focal_length": 1474.2796630859375,
  "principal_point": [
    320.0,
    240.0
  ],
  "skew": 0.0,
  "pixel_aspect_ratio": 1.0,
  "radial_distortion": [
    0.057124994695186615,
    0.07796183973550797,
    0.0
  ],
  "tangential_distortion": [
    0.02577873319387436,
    -0.030609173700213432
  ],
  "image_size": [
    640,
    480
  ]
}