{
  "orientation": [
    [
      0.9150350689888,
      -0.1926201581954956,
      0.35441258549690247
    ],
    [
      0.096881203353405,
      0.9578469395637512,
      0.2704501152038574
    ],
    [
      -0.3915671408176422,
      -0.21313542127609253,
      0.8951248526573181
    ]
  ],
  "position": [
    1.2366310358047485,
    0.3168531358242035,
    0.24705873429775238
  ],
  "focal_length": 1474.2796630859375,
  "principal_point": [
    320.0,
    240.0
  ],
  "skew": 0.0,
  "pixel_aspect_ratio": 1.0,
  "radial_distortion": [
    0.057124994695186615,
    0.07796183973550797,
    0.0
  ],
  "tangential_distortion": [
    0.02577873319387436,
    -0.030609173700213432
  ],
  "image_size": [
    640,
    480
  ]
}