{
  "orientation": [
    [
      0.9664690494537354,
      -0.0938505008816719,
      0.23901811242103577
    ],
    [
      0.026358256116509438,
      0.9621586203575134,
      0.2712121903896332
    ],
    [
      -0.2554267346858978,
      -0.25581809878349304,
      0.9323702454566956
    ]
  ],
  "position": [
    -1.0749098062515259,
    0.6123289465904236,
    -0.6655775904655457
  ],
  "focal_length": 1474.2796630859375,
  "principal_point": [
    320.0,
    240.0
  ],
  "skew": 0.0,
  "pixel_aspect_ratio": 1.0,
  "radial_distortion": [
    0.057124994695186615,
    0.07796183973550797,
    0.0
  ],
  "tangential_distortion": [
    0.02577873319387436,
    -0.030609173700213432
  ],
  "image_size": [
    640,
    480
  ]
}