{
  "orientation": [
    [
      0.9460662007331848,
      -0.13581378757953644,
      0.2941315770149231
    ],
    [
      0.05260584503412247,
      0.9602384567260742,
      0.2741800546646118
    ],
    [
      -0.31967389583587646,
      -0.24391943216323853,
      0.9155937433242798
    ]
  ],
  "position": [
    -0.10095531493425369,
    0.48587942123413086,
    -0.40674087405204773
  ],
  "focal_length": 1474.2796630859375,
  "principal_point": [
    320.0,
    240.0
  ],
  "skew": 0.0,
  "pixel_aspect_ratio": 1.0,
  "radial_distortion": [
    0.057124994695186615,
    0.07796183973550797,
    0.0
  ],
  "tangential_distortion": [
    0.02577873319387436,
    -0.030609173700213432
  ],
  "image_size": [
    640,
    480
  ]
}