{
  "orientation": [
    [
      0.8149473667144775,
      -0.245054692029953,
      0.525175154209137
    ],
    [
      0.10814034938812256,
      0.9545862674713135,
      0.2776162028312683
    ],
    [
      -0.5693561434745789,
      -0.16944997012615204,
      0.8044378757476807
    ]
  ],
  "position": [
    3.048555612564087,
    -0.5578356385231018,
    1.5007480382919312
  ],
  "focal_length": 1474.2796630859375,
  "principal_point": [
    320.0,
    240.0
  ],
  "skew": 0.0,
  "pixel_aspect_ratio": 1.0,
  "radial_distortion": [
    0.057124994695186615,
    0.07796183973550797,
    0.0
  ],
  "tangential_distortion": [
    0.02577873319387436,
    -0.030609173700213432
  ],
  "image_size": [
    640,
    480
  ]
}