{
  "orientation": [
    [
      0.9388481974601746,
      -0.11456552892923355,
      0.32471346855163574
    ],
    [
      0.03495585545897484,
      0.9698655605316162,
      0.24112002551555634
    ],
    [
      -0.34255245327949524,
      -0.2150244563817978,
      0.9145612716674805
    ]
  ],
  "position": [
    1.418805718421936,
    0.355779767036438,
    -0.1590605229139328
  ],
  "focal_length": 1474.2796630859375,
  "principal_point": [
    320.0,
    240.0
  ],
  "skew": 0.0,
  "pixel_aspect_ratio": 1.0,
  "radial_distortion": [
    0.057124994695186615,
    0.07796183973550797,
    0.0
  ],
  "tangential_distortion": [
    0.02577873319387436,
    -0.030609173700213432
  ],
  "image_size": [
    640,
    480
  ]
}