{
  "orientation": [
    [
      0.9216616749763489,
      -0.19173692166805267,
      0.33730804920196533
    ],
    [
      0.09269492328166962,
      0.9530013799667358,
      0.28843721747398376
    ],
    [
      -0.3767590820789337,
      -0.23457477986812592,
      0.8961178660392761
    ]
  ],
  "position": [
    2.2439334392547607,
    0.21789805591106415,
    0.3631353974342346
  ],
  "focal_length": 1474.2796630859375,
  "principal_point": [
    320.0,
    240.0
  ],
  "skew": 0.0,
  "pixel_aspect_ratio": 1.0,
  "radial_distortion": [
    0.057124994695186615,
    0.07796183973550797,
    0.0
  ],
  "tangential_distortion": [
    0.02577873319387436,
    -0.030609173700213432
  ],
  "image_size": [
    640,
    480
  ]
}