{
  "orientation": [
    [
      0.9969043135643005,
      0.0316113606095314,
      0.07198971509933472
    ],
    [
      -0.045386798679828644,
      0.9790270328521729,
      0.1986105740070343
    ],
    [
      -0.06420152634382248,
      -0.20126311480998993,
      0.9774309992790222
    ]
  ],
  "position": [
    -3.7604708671569824,
    -0.08776024729013443,
    -1.1890901327133179
  ],
  "focal_length": 1474.2796630859375,
  "principal_point": [
    320.0,
    240.0
  ],
  "skew": 0.0,
  "pixel_aspect_ratio": 1.0,
  "radial_distortion": [
    0.057124994695186615,
    0.07796183973550797,
    0.0
  ],
  "tangential_distortion": [
    0.02577873319387436,
    -0.030609173700213432
  ],
  "image_size": [
    640,
    480
  ]
}