{
  "orientation": [
    [
      0.9603577256202698,
      -0.10687476396560669,
      0.2574699819087982
    ],
    [
      0.03390543535351753,
      0.9615144729614258,
      0.272654265165329
    ],
    [
      -0.2767009735107422,
      -0.2531159818172455,
      0.9270215034484863
    ]
  ],
  "position": [
    -0.7907201051712036,
    0.5999594330787659,
    -0.57585209608078
  ],
  "focal_length": 1474.2796630859375,
  "principal_point": [
    320.0,
    240.0
  ],
  "skew": 0.0,
  "pixel_aspect_ratio": 1.0,
  "radial_distortion": [
    0.057124994695186615,
    0.07796183973550797,
    0.0
  ],
  "tangential_distortion": [
    0.02577873319387436,
    -0.030609173700213432
  ],
  "image_size": [
    640,
    480
  ]
}