{
  "orientation": [
    [
      0.991749107837677,
      0.10111862421035767,
      -0.07879582047462463
    ],
    [
      -0.08184213191270828,
      0.9725229740142822,
      0.21794714033603668
    ],
    [
      0.09866926074028015,
      -0.2097000628709793,
      0.9727745056152344
    ]
  ],
  "position": [
    -5.091628551483154,
    0.0054783266969025135,
    -1.3064662218093872
  ],
  "focal_length": 1474.2796630859375,
  "principal_point": [
    320.0,
    240.0
  ],
  "skew": 0.0,
  "pixel_aspect_ratio": 1.0,
  "radial_distortion": [
    0.057124994695186615,
    0.07796183973550797,
    0.0
  ],
  "tangential_distortion": [
    0.02577873319387436,
    -0.030609173700213432
  ],
  "image_size": [
    640,
    480
  ]
}