{
  "orientation": [
    [
      0.9981368184089661,
      0.061009712517261505,
      -0.0008383260574191809
    ],
    [
      -0.05931298807263374,
      0.9734176993370056,
      0.22122368216514587
    ],
    [
      0.014312834478914738,
      -0.22076177597045898,
      0.9752227067947388
    ]
  ],
  "position": [
    -3.751797676086426,
    -0.017957495525479317,
    -1.5506854057312012
  ],
  "focal_length": 1474.2796630859375,
  "principal_point": [
    320.0,
    240.0
  ],
  "skew": 0.0,
  "pixel_aspect_ratio": 1.0,
  "radial_distortion": [
    0.057124994695186615,
    0.07796183973550797,
    0.0
  ],
  "tangential_distortion": [
    0.02577873319387436,
    -0.030609173700213432
  ],
  "image_size": [
    640,
    480
  ]
}