{
  "orientation": [
    [
      0.8105705380439758,
      -0.2629893124103546,
      0.5232705473899841
    ],
    [
      0.11103758960962296,
      0.9463074207305908,
      0.3035999834537506
    ],
    [
      -0.5750183463096619,
      -0.18798649311065674,
      0.796250581741333
    ]
  ],
  "position": [
    4.343547821044922,
    -0.8459734320640564,
    2.0626473426818848
  ],
  "focal_length": 1474.2796630859375,
  "principal_point": [
    320.0,
    240.0
  ],
  "skew": 0.0,
  "pixel_aspect_ratio": 1.0,
  "radial_distortion": [
    0.057124994695186615,
    0.07796183973550797,
    0.0
  ],
  "tangential_distortion": [
    0.02577873319387436,
    -0.030609173700213432
  ],
  "image_size": [
    640,
    480
  ]
}