{
  "orientation": [
    [
      0.9760544896125793,
      -0.01853109523653984,
      0.216735377907753
    ],
    [
      -0.03581268712878227,
      0.9690791368484497,
      0.2441374957561493
    ],
    [
      -0.21455787122249603,
      -0.24605336785316467,
      0.9452103972434998
    ]
  ],
  "position": [
    -1.7357861995697021,
    0.5635383725166321,
    -0.848522424697876
  ],
  "focal_length": 1474.2796630859375,
  "principal_point": [
    320.0,
    240.0
  ],
  "skew": 0.0,
  "pixel_aspect_ratio": 1.0,
  "radial_distortion": [
    0.057124994695186615,
    0.07796183973550797,
    0.0
  ],
  "tangential_distortion": [
    0.02577873319387436,
    -0.030609173700213432
  ],
  "image_size": [
    640,
    480
  ]
}