{
  "orientation": [
    [
      0.9329879283905029,
      -0.1621638983488083,
      0.32130423188209534
    ],
    [
      0.0732191950082779,
      0.9595924019813538,
      0.27170082926750183
    ],
    [
      -0.35238116979599,
      -0.22996793687343597,
      0.9071616530418396
    ]
  ],
  "position": [
    0.5790660977363586,
    0.4366730749607086,
    -0.08742939680814743
  ],
  "focal_length": 1474.2796630859375,
  "principal_point": [
    320.0,
    240.0
  ],
  "skew": 0.0,
  "pixel_aspect_ratio": 1.0,
  "radial_distortion": [
    0.057124994695186615,
    0.07796183973550797,
    0.0
  ],
  "tangential_distortion": [
    0.02577873319387436,
    -0.030609173700213432
  ],
  "image_size": [
    640,
    480
  ]
}