{
  "orientation": [
    [
      0.8247652649879456,
      -0.29977038502693176,
      0.4794788062572479
    ],
    [
      0.16486942768096924,
      0.9385591745376587,
      0.3031909763813019
    ],
    [
      -0.5409069061279297,
      -0.17101000249385834,
      0.8235139846801758
    ]
  ],
  "position": [
    4.133379936218262,
    -1.0695300102233887,
    2.2835705280303955
  ],
  "focal_length": 1474.2796630859375,
  "principal_point": [
    320.0,
    240.0
  ],
  "skew": 0.0,
  "pixel_aspect_ratio": 1.0,
  "radial_distortion": [
    0.057124994695186615,
    0.07796183973550797,
    0.0
  ],
  "tangential_distortion": [
    0.02577873319387436,
    -0.030609173700213432
  ],
  "image_size": [
    640,
    480
  ]
}