{
  "orientation": [
    [
      0.8813747763633728,
      -0.24226635694503784,
      0.4055681526660919
    ],
    [
      0.13670198619365692,
      0.952557384967804,
      0.271931916475296
    ],
    [
      -0.45220690965652466,
      -0.1842319667339325,
      0.8726783394813538
    ]
  ],
  "position": [
    1.8945847749710083,
    -0.1938496232032776,
    1.119507908821106
  ],
  "focal_length": 1474.2796630859375,
  "principal_point": [
    320.0,
    240.0
  ],
  "skew": 0.0,
  "pixel_aspect_ratio": 1.0,
  "radial_distortion": [
    0.057124994695186615,
    0.07796183973550797,
    0.0
  ],
  "tangential_distortion": [
    0.02577873319387436,
    -0.030609173700213432
  ],
  "image_size": [
    640,
    480
  ]
}