{
  "orientation": [
    [
      0.9852440357208252,
      -0.0051886700093746185,
      0.17107683420181274
    ],
    [
      -0.04028850048780441,
      0.9644232988357544,
      0.26127487421035767
    ],
    [
      -0.16634614765644073,
      -0.26431193947792053,
      0.9499832391738892
    ]
  ],
  "position": [
    -1.097688913345337,
    0.6069207787513733,
    -0.8161208033561707
  ],
  "focal_length": 1474.2796630859375,
  "principal_point": [
    320.0,
    240.0
  ],
  "skew": 0.0,
  "pixel_aspect_ratio": 1.0,
  "radial_distortion": [
    0.057124994695186615,
    0.07796183973550797,
    0.0
  ],
  "tangential_distortion": [
    0.02577873319387436,
    -0.030609173700213432
  ],
  "image_size": [
    640,
    480
  ]
}