{
  "orientation": [
    [
      0.883549153804779,
      -0.2475191205739975,
      0.3975867033004761
    ],
    [
      0.13670744001865387,
      0.9482637643814087,
      0.28654298186302185
    ],
    [
      -0.44794195890426636,
      -0.1988217532634735,
      0.8716753721237183
    ]
  ],
  "position": [
    3.006408929824829,
    -0.4330393373966217,
    1.377031683921814
  ],
  "focal_length": 1474.2796630859375,
  "principal_point": [
    320.0,
    240.0
  ],
  "skew": 0.0,
  "pixel_aspect_ratio": 1.0,
  "radial_distortion": [
    0.057124994695186615,
    0.07796183973550797,
    0.0
  ],
  "tangential_distortion": [
    0.02577873319387436,
    -0.030609173700213432
  ],
  "image_size": [
    640,
    480
  ]
}