{
  "orientation": [
    [
      0.8810009360313416,
      -0.25015008449554443,
      0.4015747904777527
    ],
    [
      0.13864262402057648,
      0.9480301141738892,
      0.2863863408565521
    ],
    [
      -0.4523445665836334,
      -0.19663125276565552,
      0.8698968291282654
    ]
  ],
  "position": [
    3.0616464614868164,
    -0.4903814196586609,
    1.4325244426727295
  ],
  "focal_length": 1474.2796630859375,
  "principal_point": [
    320.0,
    240.0
  ],
  "skew": 0.0,
  "pixel_aspect_ratio": 1.0,
  "radial_distortion": [
    0.057124994695186615,
    0.07796183973550797,
    0.0
  ],
  "tangential_distortion": [
    0.02577873319387436,
    -0.030609173700213432
  ],
  "image_size": [
    640,
    480
  ]
}