{
  "orientation": [
    [
      0.881794273853302,
      -0.16581150889396667,
      0.4415261745452881
    ],
    [
      0.06619469821453094,
      0.9704064726829529,
      0.2322273552417755
    ],
    [
      -0.46696582436561584,
      -0.17555005848407745,
      0.8666747212409973
    ]
  ],
  "position": [
    1.381876826286316,
    -0.025405025109648705,
    0.4742373526096344
  ],
  "focal_length": 1474.2796630859375,
  "principal_point": [
    320.0,
    240.0
  ],
  "skew": 0.0,
  "pixel_aspect_ratio": 1.0,
  "radial_distortion": [
    0.057124994695186615,
    0.07796183973550797,
    0.0
  ],
  "tangential_distortion": [
    0.02577873319387436,
    -0.030609173700213432
  ],
  "image_size": [
    640,
    480
  ]
}