{
  "orientation": [
    [
      0.9735381603240967,
      0.14484980702400208,
      -0.1767539083957672
    ],
    [
      -0.11084252595901489,
      0.9756878018379211,
      0.18906943500041962
    ],
    [
      0.19984330236911774,
      -0.1644744575023651,
      0.965924859046936
    ]
  ],
  "position": [
    -8.024408340454102,
    -0.5495774745941162,
    -0.7960593104362488
  ],
  "focal_length": 1474.2796630859375,
  "principal_point": [
    320.0,
    240.0
  ],
  "skew": 0.0,
  "pixel_aspect_ratio": 1.0,
  "radial_distortion": [
    0.057124994695186615,
    0.07796183973550797,
    0.0
  ],
  "tangential_distortion": [
    0.02577873319387436,
    -0.030609173700213432
  ],
  "image_size": [
    640,
    480
  ]
}