{
  "orientation": [
    [
      0.9983378052711487,
      0.0556010901927948,
      0.015170278027653694
    ],
    [
      -0.057527896016836166,
      0.9772937297821045,
      0.20393012464046478
    ],
    [
      -0.003487079869955778,
      -0.2044638693332672,
      0.9788678884506226
    ]
  ],
  "position": [
    -4.755061626434326,
    -0.16176995635032654,
    -1.3024533987045288
  ],
  "focal_length": 1474.2796630859375,
  "principal_point": [
    320.0,
    240.0
  ],
  "skew": 0.0,
  "pixel_aspect_ratio": 1.0,
  "radial_distortion": [
    0.057124994695186615,
    0.07796183973550797,
    0.0
  ],
  "tangential_distortion": [
    0.02577873319387436,
    -0.030609173700213432
  ],
  "image_size": [
    640,
    480
  ]
}