{
  "orientation": [
    [
      0.8044945001602173,
      -0.261553019285202,
      0.5332716107368469
    ],
    [
      0.11806762218475342,
      0.9503275752067566,
      0.2879888713359833
    ],
    [
      -0.5821070671081543,
      -0.16872334480285645,
      0.7954142093658447
    ]
  ],
  "position": [
    3.2855112552642822,
    -0.6248496770858765,
    1.6784780025482178
  ],
  "focal_length": 1474.2796630859375,
  "principal_point": [
    320.0,
    240.0
  ],
  "skew": 0.0,
  "pixel_aspect_ratio": 1.0,
  "radial_distortion": [
    0.057124994695186615,
    0.07796183973550797,
    0.0
  ],
  "tangential_distortion": [
    0.02577873319387436,
    -0.030609173700213432
  ],
  "image_size": [
    640,
    480
  ]
}