{
  "orientation": [
    [
      0.9786917567253113,
      0.13876444101333618,
      -0.15135009586811066
    ],
    [
      -0.10936383903026581,
      0.9761095643043518,
      0.18774890899658203
    ],
    [
      0.17378714680671692,
      -0.16719608008861542,
      0.9704862236976624
    ]
  ],
  "position": [
    -7.610470771789551,
    -0.4164791703224182,
    -1.002972960472107
  ],
  "focal_length": 1474.2796630859375,
  "principal_point": [
    320.0,
    240.0
  ],
  "skew": 0.0,
  "pixel_aspect_ratio": 1.0,
  "radial_distortion": [
    0.057124994695186615,
    0.07796183973550797,
    0.0
  ],
  "tangential_distortion": [
    0.02577873319387436,
    -0.030609173700213432
  ],
  "image_size": [
    640,
    480
  ]
}