{
  "orientation": [
    [
      0.9900882840156555,
      0.020154882222414017,
      0.13899263739585876
    ],
    [
      -0.05704576522111893,
      0.9620478749275208,
      0.26685139536857605
    ],
    [
      -0.12833921611309052,
      -0.2721354067325592,
      0.953662097454071
    ]
  ],
  "position": [
    -1.7259180545806885,
    0.6949833631515503,
    -0.7975391745567322
  ],
  "focal_length": 1474.2796630859375,
  "principal_point": [
    320.0,
    240.0
  ],
  "skew": 0.0,
  "pixel_aspect_ratio": 1.0,
  "radial_distortion": [
    0.057124994695186615,
    0.07796183973550797,
    0.0
  ],
  "tangential_distortion": [
    0.02577873319387436,
    -0.030609173700213432
  ],
  "image_size": [
    640,
    480
  ]
}