{
  "orientation": [
    [
      0.9617162346839905,
      -0.06943993270397186,
      0.26510363817214966
    ],
    [
      0.00045936397509649396,
      0.9677721858024597,
      0.2518270015716553
    ],
    [
      -0.27404677867889404,
      -0.24206432700157166,
      0.9307541251182556
    ]
  ],
  "position": [
    0.5319679379463196,
    0.556315541267395,
    -0.8214592933654785
  ],
  "focal_length": 1474.2796630859375,
  "principal_point": [
    320.0,
    240.0
  ],
  "skew": 0.0,
  "pixel_aspect_ratio": 1.0,
  "radial_distortion": [
    0.057124994695186615,
    0.07796183973550797,
    0.0
  ],
  "tangential_distortion": [
    0.02577873319387436,
    -0.030609173700213432
  ],
  "image_size": [
    640,
    480
  ]
}