{
  "orientation": [
    [
      0.8012651205062866,
      -0.2625146806240082,
      0.5376431941986084
    ],
    [
      0.11748461425304413,
      0.9501429796218872,
      0.28883498907089233
    ],
    [
      -0.5866613388061523,
      -0.1682686060667038,
      0.7921578884124756
    ]
  ],
  "position": [
    3.347665548324585,
    -0.6368376612663269,
    1.7904292345046997
  ],
  "focal_length": 1474.2796630859375,
  "principal_point": [
    320.0,
    240.0
  ],
  "skew": 0.0,
  "pixel_aspect_ratio": 1.0,
  "radial_distortion": [
    0.057124994695186615,
    0.07796183973550797,
    0.0
  ],
  "tangential_distortion": [
    0.02577873319387436,
    -0.030609173700213432
  ],
  "image_size": [
    640,
    480
  ]
}