{
  "orientation": [
    [
      0.9940083622932434,
      0.06737791746854782,
      0.08606762439012527
    ],
    [
      -0.08750326931476593,
      0.9623936414718628,
      0.25718027353286743
    ],
    [
      -0.06550265848636627,
      -0.2631705403327942,
      0.9625231027603149
    ]
  ],
  "position": [
    -2.7295737266540527,
    0.30865421891212463,
    -1.1604701280593872
  ],
  "focal_length": 1474.2796630859375,
  "principal_point": [
    320.0,
    240.0
  ],
  "skew": 0.0,
  "pixel_aspect_ratio": 1.0,
  "radial_distortion": [
    0.057124994695186615,
    0.07796183973550797,
    0.0
  ],
  "tangential_distortion": [
    0.02577873319387436,
    -0.030609173700213432
  ],
  "image_size": [
    640,
    480
  ]
}