{
  "orientation": [
    [
      0.9892771244049072,
      0.022551188245415688,
      0.1442992091178894
    ],
    [
      -0.05870731547474861,
      0.9660744071006775,
      0.25150296092033386
    ],
    [
      -0.13373208045959473,
      -0.25727754831314087,
      0.9570391774177551
    ]
  ],
  "position": [
    -2.977242946624756,
    0.5814716219902039,
    -0.7420694231987
  ],
  "focal_length": 1474.2796630859375,
  "principal_point": [
    320.0,
    240.0
  ],
  "skew": 0.0,
  "pixel_aspect_ratio": 1.0,
  "radial_distortion": [
    0.057124994695186615,
    0.07796183973550797,
    0.0
  ],
  "tangential_distortion": [
    0.02577873319387436,
    -0.030609173700213432
  ],
  "image_size": [
    640,
    480
  ]
}