{
  "orientation": [
    [
      0.9918445348739624,
      0.10267556458711624,
      -0.07551294565200806
    ],
    [
      -0.0853763148188591,
      0.9751356840133667,
      0.2045024037361145
    ],
    [
      0.09463277459144592,
      -0.19638755917549133,
      0.9759490489959717
    ]
  ],
  "position": [
    -6.289674758911133,
    -0.1803475320339203,
    -0.9343185424804688
  ],
  "focal_length": 1474.2796630859375,
  "principal_point": [
    320.0,
    240.0
  ],
  "skew": 0.0,
  "pixel_aspect_ratio": 1.0,
  "radial_distortion": [
    0.057124994695186615,
    0.07796183973550797,
    0.0
  ],
  "tangential_distortion": [
    0.02577873319387436,
    -0.030609173700213432
  ],
  "image_size": [
    640,
    480
  ]
}