{
  "orientation": [
    [
      0.9041781425476074,
      -0.14965058863162994,
      0.40008318424224854
    ],
    [
      0.05298861116170883,
      0.9686828255653381,
      0.2425815463066101
    ],
    [
      -0.4238561987876892,
      -0.1981370896100998,
      0.8837916254997253
    ]
  ],
  "position": [
    2.190538167953491,
    -0.06973699480295181,
    0.46307462453842163
  ],
  "focal_length": 1474.2796630859375,
  "principal_point": [
    320.0,
    240.0
  ],
  "skew": 0.0,
  "pixel_aspect_ratio": 1.0,
  "radial_distortion": [
    0.057124994695186615,
    0.07796183973550797,
    0.0
  ],
  "tangential_distortion": [
    0.02577873319387436,
    -0.030609173700213432
  ],
  "image_size": [
    640,
    480
  ]
}