{
  "orientation": [
    [
      0.8484771251678467,
      -0.20891691744327545,
      0.48625123500823975
    ],
    [
      0.09077275544404984,
      0.9626192450523376,
      0.25519493222236633
    ],
    [
      -0.5213893055915833,
      -0.1723887026309967,
      0.835724413394928
    ]
  ],
  "position": [
    2.3013265132904053,
    -0.25109580159187317,
    0.9948874711990356
  ],
  "focal_length": 1474.2796630859375,
  "principal_point": [
    320.0,
    240.0
  ],
  "skew": 0.0,
  "pixel_aspect_ratio": 1.0,
  "radial_distortion": [
    0.057124994695186615,
    0.07796183973550797,
    0.0
  ],
  "tangential_distortion": [
    0.02577873319387436,
    -0.030609173700213432
  ],
  "image_size": [
    640,
    480
  ]
}