{
  "orientation": [
    [
      0.9607776999473572,
      -0.1113857850432396,
      0.25396737456321716
    ],
    [
      0.03468165919184685,
      0.9568634033203125,
      0.28846073150634766
    ],
    [
      -0.27514252066612244,
      -0.2683386206626892,
      0.9231960773468018
    ]
  ],
  "position": [
    0.4470953345298767,
    0.5544788837432861,
    -0.48076555132865906
  ],
  "focal_length": 1474.2796630859375,
  "principal_point": [
    320.0,
    240.0
  ],
  "skew": 0.0,
  "pixel_aspect_ratio": 1.0,
  "radial_distortion": [
    0.057124994695186615,
    0.07796183973550797,
    0.0
  ],
  "tangential_distortion": [
    0.02577873319387436,
    -0.030609173700213432
  ],
  "image_size": [
    640,
    480
  ]
}