{
  "orientation": [
    [
      0.8582242727279663,
      -0.20627830922603607,
      0.47000035643577576
    ],
    [
      0.0840083584189415,
      0.959792971611023,
      0.2678433358669281
    ],
    [
      -0.5063533186912537,
      -0.19038569927215576,
      0.8410467505455017
    ]
  ],
  "position": [
    3.3111233711242676,
    -0.3476598858833313,
    1.2239031791687012
  ],
  "focal_length": 1474.2796630859375,
  "principal_point": [
    320.0,
    240.0
  ],
  "skew": 0.0,
  "pixel_aspect_ratio": 1.0,
  "radial_distortion": [
    0.057124994695186615,
    0.07796183973550797,
    0.0
  ],
  "tangential_distortion": [
    0.02577873319387436,
    -0.030609173700213432
  ],
  "image_size": [
    640,
    480
  ]
}