{
  "orientation": [
    [
      0.976649284362793,
      0.1416701376438141,
      -0.16151072084903717
    ],
    [
      -0.11044188588857651,
      0.9759045839309692,
      0.18818287551403046
    ],
    [
      0.1842789500951767,
      -0.16595111787319183,
      0.9687628746032715
    ]
  ],
  "position": [
    -7.753925323486328,
    -0.46153193712234497,
    -0.9330816268920898
  ],
  "focal_length": 1474.2796630859375,
  "principal_point": [
    320.0,
    240.0
  ],
  "skew": 0.0,
  "pixel_aspect_ratio": 1.0,
  "radial_distortion": [
    0.057124994695186615,
    0.07796183973550797,
    0.0
  ],
  "tangential_distortion": [
    0.02577873319387436,
    -0.030609173700213432
  ],
  "image_size": [
    640,
    480
  ]
}