{
  "orientation": [
    [
      0.8682088255882263,
      -0.2564852237701416,
      0.4247690439224243
    ],
    [
      0.14733226597309113,
      0.9506914019584656,
      0.2729085683822632
    ],
    [
      -0.4738212823867798,
      -0.17435944080352783,
      0.8631871938705444
    ]
  ],
  "position": [
    2.186784267425537,
    -0.42164304852485657,
    1.3895771503448486
  ],
  "focal_length": 1474.2796630859375,
  "principal_point": [
    320.0,
    240.0
  ],
  "skew": 0.0,
  "pixel_aspect_ratio": 1.0,
  "radial_distortion": [
    0.057124994695186615,
    0.07796183973550797,
    0.0
  ],
  "tangential_distortion": [
    0.02577873319387436,
    -0.030609173700213432
  ],
  "image_size": [
    640,
    480
  ]
}