{
  "orientation": [
    [
      0.9777811169624329,
      0.136991947889328,
      -0.15867359936237335
    ],
    [
      -0.10358598083257675,
      0.9738045930862427,
      0.2024216502904892
    ],
    [
      0.18224722146987915,
      -0.18148770928382874,
      0.9663581848144531
    ]
  ],
  "position": [
    -6.500349044799805,
    -0.19664929807186127,
    -1.4198898077011108
  ],
  "focal_length": 1474.2796630859375,
  "principal_point": [
    320.0,
    240.0
  ],
  "skew": 0.0,
  "pixel_aspect_ratio": 1.0,
  "radial_distortion": [
    0.057124994695186615,
    0.07796183973550797,
    0.0
  ],
  "tangential_distortion": [
    0.02577873319387436,
    -0.030609173700213432
  ],
  "image_size": [
    640,
    480
  ]
}