{
  "orientation": [
    [
      0.8865129947662354,
      -0.23638886213302612,
      0.3977624773979187
    ],
    [
      0.13191135227680206,
      0.9530925750732422,
      0.27242225408554077
    ],
    [
      -0.4435020685195923,
      -0.1890365034341812,
      0.8761113882064819
    ]
  ],
  "position": [
    1.789459466934204,
    -0.1113763153553009,
    1.0008666515350342
  ],
  "focal_length": 1474.2796630859375,
  "principal_point": [
    320.0,
    240.0
  ],
  "skew": 0.0,
  "pixel_aspect_ratio": 1.0,
  "radial_distortion": [
    0.057124994695186615,
    0.07796183973550797,
    0.0
  ],
  "tangential_distortion": [
    0.02577873319387436,
    -0.030609173700213432
  ],
  "image_size": [
    640,
    480
  ]
}