{
  "orientation": [
    [
      0.8446868062019348,
      -0.2133970707654953,
      0.4908828139305115
    ],
    [
      0.09313779324293137,
      0.9616978764533997,
      0.257803350687027
    ],
    [
      -0.5270954370498657,
      -0.1720433533191681,
      0.8322088122367859
    ]
  ],
  "position": [
    2.397345781326294,
    -0.29465577006340027,
    1.0435564517974854
  ],
  "focal_length": 1474.2796630859375,
  "principal_point": [
    320.0,
    240.0
  ],
  "skew": 0.0,
  "pixel_aspect_ratio": 1.0,
  "radial_distortion": [
    0.057124994695186615,
    0.07796183973550797,
    0.0
  ],
  "tangential_distortion": [
    0.02577873319387436,
    -0.030609173700213432
  ],
  "image_size": [
    640,
    480
  ]
}