{
  "orientation": [
    [
      0.7809378504753113,
      -0.30419689416885376,
      0.5455275774002075
    ],
    [
      0.14945070445537567,
      0.9390237927436829,
      0.30967530608177185
    ],
    [
      -0.6064656376838684,
      -0.16030767560005188,
      0.7787816524505615
    ]
  ],
  "position": [
    3.639732837677002,
    -0.8881864547729492,
    2.131047010421753
  ],
  "focal_length": 1474.2796630859375,
  "principal_point": [
    320.0,
    240.0
  ],
  "skew": 0.0,
  "pixel_aspect_ratio": 1.0,
  "radial_distortion": [
    0.057124994695186615,
    0.07796183973550797,
    0.0
  ],
  "tangential_distortion": [
    0.02577873319387436,
    -0.030609173700213432
  ],
  "image_size": [
    640,
    480
  ]
}