{
  "orientation": [
    [
      0.8706943988800049,
      -0.1803310215473175,
      0.4575718343257904
    ],
    [
      0.07501878589391708,
      0.9681648015975952,
      0.2388077676296234
    ],
    [
      -0.48606938123703003,
      -0.17360210418701172,
      0.8565038442611694
    ]
  ],
  "position": [
    1.6703219413757324,
    -0.042700204998254776,
    0.6522347331047058
  ],
  "focal_length": 1474.2796630859375,
  "principal_point": [
    320.0,
    240.0
  ],
  "skew": 0.0,
  "pixel_aspect_ratio": 1.0,
  "radial_distortion": [
    0.057124994695186615,
    0.07796183973550797,
    0.0
  ],
  "tangential_distortion": [
    0.02577873319387436,
    -0.030609173700213432
  ],
  "image_size": [
    640,
    480
  ]
}