{
  "orientation": [
    [
      0.9959242939949036,
      0.08048343658447266,
      0.04070918634533882
    ],
    [
      -0.08866075426340103,
      0.956457257270813,
      0.27808064222335815
    ],
    [
      -0.016555707901716232,
      -0.2805565595626831,
      0.9596946835517883
    ]
  ],
  "position": [
    -4.530003547668457,
    0.6436393857002258,
    -0.9606431126594543
  ],
  "focal_length": 1474.2796630859375,
  "principal_point": [
    320.0,
    240.0
  ],
  "skew": 0.0,
  "pixel_aspect_ratio": 1.0,
  "radial_distortion": [
    0.057124994695186615,
    0.07796183973550797,
    0.0
  ],
  "tangential_distortion": [
    0.02577873319387436,
    -0.030609173700213432
  ],
  "image_size": [
    640,
    480
  ]
}