{
  "orientation": [
    [
      0.9032687544822693,
      -0.21148733794689178,
      0.3733345866203308
    ],
    [
      0.11234432458877563,
      0.9563069939613342,
      0.26991793513298035
    ],
    [
      -0.41410669684410095,
      -0.20186641812324524,
      0.8875616192817688
    ]
  ],
  "position": [
    1.4807991981506348,
    0.16788995265960693,
    0.5549617409706116
  ],
  "focal_length": 1474.2796630859375,
  "principal_point": [
    320.0,
    240.0
  ],
  "skew": 0.0,
  "pixel_aspect_ratio": 1.0,
  "radial_distortion": [
    0.057124994695186615,
    0.07796183973550797,
    0.0
  ],
  "tangential_distortion": [
    0.02577873319387436,
    -0.030609173700213432
  ],
  "image_size": [
    640,
    480
  ]
}