{
  "orientation": [
    [
      0.799435019493103,
      -0.27482014894485474,
      0.5342074036598206
    ],
    [
      0.11735516786575317,
      0.9435387849807739,
      0.3097778856754303
    ],
    [
      -0.5891785621643066,
      -0.18495528399944305,
      0.7865495085716248
    ]
  ],
  "position": [
    4.593163013458252,
    -0.9090498089790344,
    2.348548412322998
  ],
  "focal_length": 1474.2796630859375,
  "principal_point": [
    320.0,
    240.0
  ],
  "skew": 0.0,
  "pixel_aspect_ratio": 1.0,
  "radial_distortion": [
    0.057124994695186615,
    0.07796183973550797,
    0.0
  ],
  "tangential_distortion": [
    0.02577873319387436,
    -0.030609173700213432
  ],
  "image_size": [
    640,
    480
  ]
}