{
  "orientation": [
    [
      0.9443409442901611,
      -0.13875974714756012,
      0.2982715666294098
    ],
    [
      0.054646462202072144,
      0.9602582454681396,
      0.27371132373809814
    ],
    [
      -0.32439783215522766,
      -0.2421773225069046,
      0.9143939018249512
    ]
  ],
  "position": [
    -0.0026621143333613873,
    0.47434908151626587,
    -0.3674424886703491
  ],
  "focal_length": 1474.2796630859375,
  "principal_point": [
    320.0,
    240.0
  ],
  "skew": 0.0,
  "pixel_aspect_ratio": 1.0,
  "radial_distortion": [
    0.057124994695186615,
    0.07796183973550797,
    0.0
  ],
  "tangential_distortion": [
    0.02577873319387436,
    -0.030609173700213432
  ],
  "image_size": [
    640,
    480
  ]
}