{
  "orientation": [
    [
      0.990441620349884,
      -0.018055317923426628,
      0.13674569129943848
    ],
    [
      -0.025580119341611862,
      0.9501540660858154,
      0.3107296824455261
    ],
    [
      -0.13553979992866516,
      -0.31125760078430176,
      0.9406102895736694
    ]
  ],
  "position": [
    -1.336041808128357,
    1.3489797115325928,
    -0.8771348595619202
  ],
  "focal_length": 1474.2796630859375,
  "principal_point": [
    320.0,
    240.0
  ],
  "skew": 0.0,
  "pixel_aspect_ratio": 1.0,
  "radial_distortion": [
    0.057124994695186615,
    0.07796183973550797,
    0.0
  ],
  "tangential_distortion": [
    0.02577873319387436,
    -0.030609173700213432
  ],
  "image_size": [
    640,
    480
  ]
}