{
  "orientation": [
    [
      0.8307541012763977,
      -0.2985862195491791,
      0.4697806239128113
    ],
    [
      0.16637639701366425,
      0.9385722875595093,
      0.302325963973999
    ],
    [
      -0.5311934351921082,
      -0.17299813032150269,
      0.8294004797935486
    ]
  ],
  "position": [
    4.0201826095581055,
    -1.0567803382873535,
    2.2241671085357666
  ],
  "focal_length": 1474.2796630859375,
  "principal_point": [
    320.0,
    240.0
  ],
  "skew": 0.0,
  "pixel_aspect_ratio": 1.0,
  "radial_distortion": [
    0.057124994695186615,
    0.07796183973550797,
    0.0
  ],
  "tangential_distortion": [
    0.02577873319387436,
    -0.030609173700213432
  ],
  "image_size": [
    640,
    480
  ]
}