{
  "orientation": [
    [
      0.8848108053207397,
      -0.16161392629146576,
      0.43702489137649536
    ],
    [
      0.0632799044251442,
      0.9709105491638184,
      0.23092946410179138
    ],
    [
      -0.46163350343704224,
      -0.1766739934682846,
      0.869299054145813
    ]
  ],
  "position": [
    1.2957700490951538,
    -0.027796423062682152,
    0.46724775433540344
  ],
  "focal_length": 1474.2796630859375,
  "principal_point": [
    320.0,
    240.0
  ],
  "skew": 0.0,
  "pixel_aspect_ratio": 1.0,
  "radial_distortion": [
    0.057124994695186615,
    0.07796183973550797,
    0.0
  ],
  "tangential_distortion": [
    0.02577873319387436,
    -0.030609173700213432
  ],
  "image_size": [
    640,
    480
  ]
}