{
  "orientation": [
    [
      0.9923639297485352,
      0.0982842892408371,
      -0.07452517747879028
    ],
    [
      -0.07991248369216919,
      0.9725563526153564,
      0.2185133397579193
    ],
    [
      0.0939563661813736,
      -0.21088926494121552,
      0.9729840159416199
    ]
  ],
  "position": [
    -5.010587692260742,
    0.014518783427774906,
    -1.3045270442962646
  ],
  "focal_length": 1474.2796630859375,
  "principal_point": [
    320.0,
    240.0
  ],
  "skew": 0.0,
  "pixel_aspect_ratio": 1.0,
  "radial_distortion": [
    0.057124994695186615,
    0.07796183973550797,
    0.0
  ],
  "tangential_distortion": [
    0.02577873319387436,
    -0.030609173700213432
  ],
  "image_size": [
    640,
    480
  ]
}