{
  "orientation": [
    [
      0.9521263837814331,
      -0.0794161930680275,
      0.2952091097831726
    ],
    [
      0.008752032183110714,
      0.9723530411720276,
      0.23335163295269012
    ],
    [
      -0.30557939410209656,
      -0.21959657967090607,
      0.9264979958534241
    ]
  ],
  "position": [
    -0.3576459586620331,
    0.4938795864582062,
    -0.8160498142242432
  ],
  "focal_length": 1474.2796630859375,
  "principal_point": [
    320.0,
    240.0
  ],
  "skew": 0.0,
  "pixel_aspect_ratio": 1.0,
  "radial_distortion": [
    0.057124994695186615,
    0.07796183973550797,
    0.0
  ],
  "tangential_distortion": [
    0.02577873319387436,
    -0.030609173700213432
  ],
  "image_size": [
    640,
    480
  ]
}