{
  "orientation": [
    [
      0.8606104254722595,
      -0.2624620497226715,
      0.43642112612724304
    ],
    [
      0.1515938639640808,
      0.9501456022262573,
      0.27247509360313416
    ],
    [
      -0.4861779808998108,
      -0.16833613812923431,
      0.8574928045272827
    ]
  ],
  "position": [
    2.3573238849639893,
    -0.5822495222091675,
    1.5134978294372559
  ],
  "focal_length": 1474.2796630859375,
  "principal_point": [
    320.0,
    240.0
  ],
  "skew": 0.0,
  "pixel_aspect_ratio": 1.0,
  "radial_distortion": [
    0.057124994695186615,
    0.07796183973550797,
    0.0
  ],
  "tangential_distortion": [
    0.02577873319387436,
    -0.030609173700213432
  ],
  "image_size": [
    640,
    480
  ]
}