{
  "orientation": [
    [
      0.7978925704956055,
      -0.31237223744392395,
      0.5155493021011353
    ],
    [
      0.1572892963886261,
      0.9335168600082397,
      0.32218992710113525
    ],
    [
      -0.5819171071052551,
      -0.17598256468772888,
      0.7939789891242981
    ]
  ],
  "position": [
    4.619622230529785,
    -1.084871530532837,
    2.440340042114258
  ],
  "focal_length": 1474.2796630859375,
  "principal_point": [
    320.0,
    240.0
  ],
  "skew": 0.0,
  "pixel_aspect_ratio": 1.0,
  "radial_distortion": [
    0.057124994695186615,
    0.07796183973550797,
    0.0
  ],
  "tangential_distortion": [
    0.02577873319387436,
    -0.030609173700213432
  ],
  "image_size": [
    640,
    480
  ]
}