{
  "orientation": [
    [
      0.7947920560836792,
      -0.3117118775844574,
      0.5207123160362244
    ],
    [
      0.15353326499462128,
      0.9333775639533997,
      0.32439765334129333
    ],
    [
      -0.5871397852897644,
      -0.17788201570510864,
      0.7896992564201355
    ]
  ],
  "position": [
    4.663647651672363,
    -1.103395938873291,
    2.4542789459228516
  ],
  "focal_length": 1474.2796630859375,
  "principal_point": [
    320.0,
    240.0
  ],
  "skew": 0.0,
  "pixel_aspect_ratio": 1.0,
  "radial_distortion": [
    0.057124994695186615,
    0.07796183973550797,
    0.0
  ],
  "tangential_distortion": [
    0.02577873319387436,
    -0.030609173700213432
  ],
  "image_size": [
    640,
    480
  ]
}