{
  "orientation": [
    [
      0.8881750702857971,
      -0.15840226411819458,
      0.4313395023345947
    ],
    [
      0.061486873775720596,
      0.9712319374084473,
      0.2300606071949005
    ],
    [
      -0.45537281036376953,
      -0.1778123825788498,
      0.8723636269569397
    ]
  ],
  "position": [
    1.21570885181427,
    -0.01858198083937168,
    0.445095032453537
  ],
  "focal_length": 1474.2796630859375,
  "principal_point": [
    320.0,
    240.0
  ],
  "skew": 0.0,
  "pixel_aspect_ratio": 1.0,
  "radial_distortion": [
    0.057124994695186615,
    0.07796183973550797,
    0.0
  ],
  "tangential_distortion": [
    0.02577873319387436,
    -0.030609173700213432
  ],
  "image_size": [
    640,
    480
  ]
}