{
  "orientation": [
    [
      0.970412015914917,
      -0.08281489461660385,
      0.22680878639221191
    ],
    [
      0.01945902779698372,
      0.9631096720695496,
      0.2684047222137451
    ],
    [
      -0.24066965281963348,
      -0.2560496926307678,
      0.9362246990203857
    ]
  ],
  "position": [
    -1.210842490196228,
    0.6350764036178589,
    -0.719906747341156
  ],
  "focal_length": 1474.2796630859375,
  "principal_point": [
    320.0,
    240.0
  ],
  "skew": 0.0,
  "pixel_aspect_ratio": 1.0,
  "radial_distortion": [
    0.057124994695186615,
    0.07796183973550797,
    0.0
  ],
  "tangential_distortion": [
    0.02577873319387436,
    -0.030609173700213432
  ],
  "image_size": [
    640,
    480
  ]
}