{
  "orientation": [
    [
      0.9922903776168823,
      0.03811256214976311,
      0.11792877316474915
    ],
    [
      -0.06897975504398346,
      0.9603747129440308,
      0.2700410485267639
    ],
    [
      -0.10296385735273361,
      -0.27609384059906006,
      0.9555996060371399
    ]
  ],
  "position": [
    -2.1941301822662354,
    0.6751561760902405,
    -0.8876586556434631
  ],
  "focal_length": 1474.2796630859375,
  "principal_point": [
    320.0,
    240.0
  ],
  "skew": 0.0,
  "pixel_aspect_ratio": 1.0,
  "radial_distortion": [
    0.057124994695186615,
    0.07796183973550797,
    0.0
  ],
  "tangential_distortion": [
    0.02577873319387436,
    -0.030609173700213432
  ],
  "image_size": [
    640,
    480
  ]
}