{
  "orientation": [
    [
      0.9409291744232178,
      -0.10085786879062653,
      0.32323363423347473
    ],
    [
      0.02611040696501732,
      0.9733779430389404,
      0.22771388292312622
    ],
    [
      -0.33759522438049316,
      -0.2058228701353073,
      0.9185131788253784
    ]
  ],
  "position": [
    0.09816518425941467,
    0.44740423560142517,
    -0.44578465819358826
  ],
  "focal_length": 1474.2796630859375,
  "principal_point": [
    320.0,
    240.0
  ],
  "skew": 0.0,
  "pixel_aspect_ratio": 1.0,
  "radial_distortion": [
    0.057124994695186615,
    0.07796183973550797,
    0.0
  ],
  "tangential_distortion": [
    0.02577873319387436,
    -0.030609173700213432
  ],
  "image_size": [
    640,
    480
  ]
}