{
  "orientation": [
    [
      0.8633149266242981,
      -0.25979527831077576,
      0.43265894055366516
    ],
    [
      0.1494036167860031,
      0.9504572153091431,
      0.27259790897369385
    ],
    [
      -0.48204344511032104,
      -0.17069701850414276,
      0.8593582510948181
    ]
  ],
  "position": [
    2.304180860519409,
    -0.5292541980743408,
    1.4783966541290283
  ],
  "focal_length": 1474.2796630859375,
  "principal_point": [
    320.0,
    240.0
  ],
  "skew": 0.0,
  "pixel_aspect_ratio": 1.0,
  "radial_distortion": [
    0.057124994695186615,
    0.07796183973550797,
    0.0
  ],
  "tangential_distortion": [
    0.02577873319387436,
    -0.030609173700213432
  ],
  "image_size": [
    640,
    480
  ]
}