{
  "orientation": [
    [
      0.9942922592163086,
      0.06548157334327698,
      0.08423241972923279
    ],
    [
      -0.08645127713680267,
      0.957144021987915,
      0.27640822529792786
    ],
    [
      -0.06252291053533554,
      -0.28211256861686707,
      0.9573418498039246
    ]
  ],
  "position": [
    -4.0870890617370605,
    0.6438102126121521,
    -0.8729966282844543
  ],
  "focal_length": 1474.2796630859375,
  "principal_point": [
    320.0,
    240.0
  ],
  "skew": 0.0,
  "pixel_aspect_ratio": 1.0,
  "radial_distortion": [
    0.057124994695186615,
    0.07796183973550797,
    0.0
  ],
  "tangential_distortion": [
    0.02577873319387436,
    -0.030609173700213432
  ],
  "image_size": [
    640,
    480
  ]
}