{
  "orientation": [
    [
      0.9895218014717102,
      -0.025813691318035126,
      0.1420573890209198
    ],
    [
      -0.020710697397589684,
      0.9483367800712585,
      0.3165886700153351
    ],
    [
      -0.1428905725479126,
      -0.3162134885787964,
      0.9378653168678284
    ]
  ],
  "position": [
    -1.2625406980514526,
    1.3825786113739014,
    -0.796911358833313
  ],
  "focal_length": 1474.2796630859375,
  "principal_point": [
    320.0,
    240.0
  ],
  "skew": 0.0,
  "pixel_aspect_ratio": 1.0,
  "radial_distortion": [
    0.057124994695186615,
    0.07796183973550797,
    0.0
  ],
  "tangential_distortion": [
    0.02577873319387436,
    -0.030609173700213432
  ],
  "image_size": [
    640,
    480
  ]
}