{
  "orientation": [
    [
      0.9966816306114197,
      0.07796938717365265,
      -0.023376639932394028
    ],
    [
      -0.07149790972471237,
      0.9758467078208923,
      0.2064248025417328
    ],
    [
      0.03890683501958847,
      -0.20406843721866608,
      0.9781831502914429
    ]
  ],
  "position": [
    -5.4403767585754395,
    -0.2565097212791443,
    -1.2323752641677856
  ],
  "focal_length": 1474.2796630859375,
  "principal_point": [
    320.0,
    240.0
  ],
  "skew": 0.0,
  "pixel_aspect_ratio": 1.0,
  "radial_distortion": [
    0.057124994695186615,
    0.07796183973550797,
    0.0
  ],
  "tangential_distortion": [
    0.02577873319387436,
    -0.030609173700213432
  ],
  "image_size": [
    640,
    480
  ]
}