{
  "orientation": [
    [
      0.9929094910621643,
      0.014512406662106514,
      0.11798372864723206
    ],
    [
      -0.04150058329105377,
      0.972388744354248,
      0.22964709997177124
    ],
    [
      -0.11139331758022308,
      -0.23291517794132233,
      0.9660962820053101
    ]
  ],
  "position": [
    -3.024711847305298,
    0.3920762836933136,
    -1.1222132444381714
  ],
  "focal_length": 1474.2796630859375,
  "principal_point": [
    320.0,
    240.0
  ],
  "skew": 0.0,
  "pixel_aspect_ratio": 1.0,
  "radial_distortion": [
    0.057124994695186615,
    0.07796183973550797,
    0.0
  ],
  "tangential_distortion": [
    0.02577873319387436,
    -0.030609173700213432
  ],
  "image_size": [
    640,
    480
  ]
}