{
  "orientation": [
    [
      0.9798700213432312,
      -0.04976086691021919,
      0.1933354139328003
    ],
    [
      -0.006881116423755884,
      0.9594433307647705,
      0.28181764483451843
    ],
    [
      -0.1995178610086441,
      -0.2774750292301178,
      0.9397873282432556
    ]
  ],
  "position": [
    -1.777657151222229,
    0.9879890084266663,
    -0.722313404083252
  ],
  "focal_length": 1474.2796630859375,
  "principal_point": [
    320.0,
    240.0
  ],
  "skew": 0.0,
  "pixel_aspect_ratio": 1.0,
  "radial_distortion": [
    0.057124994695186615,
    0.07796183973550797,
    0.0
  ],
  "tangential_distortion": [
    0.02577873319387436,
    -0.030609173700213432
  ],
  "image_size": [
    640,
    480
  ]
}