{
  "orientation": [
    [
      0.9556861519813538,
      -0.12335607409477234,
      0.26729610562324524
    ],
    [
      0.04208489507436752,
      0.9558965563774109,
      0.29067274928092957
    ],
    [
      -0.2913636565208435,
      -0.26654282212257385,
      0.9187285304069519
    ]
  ],
  "position": [
    0.6718612909317017,
    0.5009915828704834,
    -0.4086928367614746
  ],
  "focal_length": 1474.2796630859375,
  "principal_point": [
    320.0,
    240.0
  ],
  "skew": 0.0,
  "pixel_aspect_ratio": 1.0,
  "radial_distortion": [
    0.057124994695186615,
    0.07796183973550797,
    0.0
  ],
  "tangential_distortion": [
    0.02577873319387436,
    -0.030609173700213432
  ],
  "image_size": [
    640,
    480
  ]
}