{
  "orientation": [
    [
      0.9986269474029541,
      0.04966410622000694,
      0.01666359230875969
    ],
    [
      -0.0521097332239151,
      0.9743523001670837,
      0.21891121566295624
    ],
    [
      -0.005364180542528629,
      -0.21947897970676422,
      0.9756025075912476
    ]
  ],
  "position": [
    -3.442497491836548,
    -0.011192929930984974,
    -1.5323271751403809
  ],
  "focal_length": 1474.2796630859375,
  "principal_point": [
    320.0,
    240.0
  ],
  "skew": 0.0,
  "pixel_aspect_ratio": 1.0,
  "radial_distortion": [
    0.057124994695186615,
    0.07796183973550797,
    0.0
  ],
  "tangential_distortion": [
    0.02577873319387436,
    -0.030609173700213432
  ],
  "image_size": [
    640,
    480
  ]
}