{
  "orientation": [
    [
      0.961921215057373,
      -0.10309336334466934,
      0.2531389594078064
    ],
    [
      0.03147782385349274,
      0.9617618322372437,
      0.2720721960067749
    ],
    [
      -0.27150821685791016,
      -0.2537437677383423,
      0.9283843040466309
    ]
  ],
  "position": [
    -0.8615960478782654,
    0.5934274196624756,
    -0.5948392152786255
  ],
  "focal_length": 1474.2796630859375,
  "principal_point": [
    320.0,
    240.0
  ],
  "skew": 0.0,
  "pixel_aspect_ratio": 1.0,
  "radial_distortion": [
    0.057124994695186615,
    0.07796183973550797,
    0.0
  ],
  "tangential_distortion": [
    0.02577873319387436,
    -0.030609173700213432
  ],
  "image_size": [
    640,
    480
  ]
}