{
  "orientation": [
    [
      0.969188928604126,
      -0.08656787127256393,
      0.23060546815395355
    ],
    [
      0.021837525069713593,
      0.9627191424369812,
      0.26962006092071533
    ],
    [
      -0.24534872174263,
      -0.2562769055366516,
      0.93494713306427
    ]
  ],
  "position": [
    -1.1737749576568604,
    0.6266657114028931,
    -0.7020187973976135
  ],
  "focal_length": 1474.2796630859375,
  "principal_point": [
    320.0,
    240.0
  ],
  "skew": 0.0,
  "pixel_aspect_ratio": 1.0,
  "radial_distortion": [
    0.057124994695186615,
    0.07796183973550797,
    0.0
  ],
  "tangential_distortion": [
    0.02577873319387436,
    -0.030609173700213432
  ],
  "image_size": [
    640,
    480
  ]
}