{
  "orientation": [
    [
      0.9740175008773804,
      -0.03683348745107651,
      0.22345727682113647
    ],
    [
      -0.022719349712133408,
      0.9658161997795105,
      0.2582302391529083
    ],
    [
      -0.2253301739692688,
      -0.2565975785255432,
      0.9398850798606873
    ]
  ],
  "position": [
    -0.23221957683563232,
    0.6170274615287781,
    -0.848323404788971
  ],
  "focal_length": 1474.2796630859375,
  "principal_point": [
    320.0,
    240.0
  ],
  "skew": 0.0,
  "pixel_aspect_ratio": 1.0,
  "radial_distortion": [
    0.057124994695186615,
    0.07796183973550797,
    0.0
  ],
  "tangential_distortion": [
    0.02577873319387436,
    -0.030609173700213432
  ],
  "image_size": [
    640,
    480
  ]
}