{
  "orientation": [
    [
      0.9980234503746033,
      0.06275009363889694,
      0.003407213371247053
    ],
    [
      -0.06212376803159714,
      0.9769807457923889,
      0.20408163964748383
    ],
    [
      0.009477360174059868,
      -0.20388993620872498,
      0.9789479374885559
    ]
  ],
  "position": [
    -4.950156211853027,
    -0.1947803646326065,
    -1.3008378744125366
  ],
  "focal_length": 1474.2796630859375,
  "principal_point": [
    320.0,
    240.0
  ],
  "skew": 0.0,
  "pixel_aspect_ratio": 1.0,
  "radial_distortion": [
    0.057124994695186615,
    0.07796183973550797,
    0.0
  ],
  "tangential_distortion": [
    0.02577873319387436,
    -0.030609173700213432
  ],
  "image_size": [
    640,
    480
  ]
}