{
  "orientation": [
    [
      0.9767767786979675,
      -0.06574808061122894,
      0.20392245054244995
    ],
    [
      0.00662710377946496,
      0.9605696201324463,
      0.2779605984687805
    ],
    [
      -0.2141570895910263,
      -0.27015402913093567,
      0.9386978149414062
    ]
  ],
  "position": [
    -0.2183932662010193,
    0.6345842480659485,
    -0.7618878483772278
  ],
  "focal_length": 1474.2796630859375,
  "principal_point": [
    320.0,
    240.0
  ],
  "skew": 0.0,
  "pixel_aspect_ratio": 1.0,
  "radial_distortion": [
    0.057124994695186615,
    0.07796183973550797,
    0.0
  ],
  "tangential_distortion": [
    0.02577873319387436,
    -0.030609173700213432
  ],
  "image_size": [
    640,
    480
  ]
}