{
  "orientation": [
    [
      0.9918550252914429,
      -0.01240441296249628,
      0.12676659226417542
    ],
    [
      -0.0273415707051754,
      0.9513116478919983,
      0.30701571702957153
    ],
    [
      -0.12440288066864014,
      -0.30798107385635376,
      0.9432240128517151
    ]
  ],
  "position": [
    -1.4736958742141724,
    1.3215394020080566,
    -0.9130227565765381
  ],
  "focal_length": 1474.2796630859375,
  "principal_point": [
    320.0,
    240.0
  ],
  "skew": 0.0,
  "pixel_aspect_ratio": 1.0,
  "radial_distortion": [
    0.057124994695186615,
    0.07796183973550797,
    0.0
  ],
  "tangential_distortion": [
    0.02577873319387436,
    -0.030609173700213432
  ],
  "image_size": [
    640,
    480
  ]
}