{
  "orientation": [
    [
      0.9880892038345337,
      0.016548145562410355,
      0.15298983454704285
    ],
    [
      -0.05502338707447052,
      0.9664654731750488,
      0.25083237886428833
    ],
    [
      -0.14370858669281006,
      -0.25626277923583984,
      0.955864667892456
    ]
  ],
  "position": [
    -2.7986598014831543,
    0.5815304517745972,
    -0.7501825094223022
  ],
  "focal_length": 1474.2796630859375,
  "principal_point": [
    320.0,
    240.0
  ],
  "skew": 0.0,
  "pixel_aspect_ratio": 1.0,
  "radial_distortion": [
    0.057124994695186615,
    0.07796183973550797,
    0.0
  ],
  "tangential_distortion": [
    0.02577873319387436,
    -0.030609173700213432
  ],
  "image_size": [
    640,
    480
  ]
}