{
  "orientation": [
    [
      0.7904859781265259,
      -0.30990922451019287,
      0.5282880067825317
    ],
    [
      0.1623075157403946,
      0.9376962184906006,
      0.30721670389175415
    ],
    [
      -0.5905829071998596,
      -0.15710538625717163,
      0.791536271572113
    ]
  ],
  "position": [
    3.6079511642456055,
    -0.8370729684829712,
    2.044186592102051
  ],
  "focal_length": 1474.2796630859375,
  "principal_point": [
    320.0,
    240.0
  ],
  "skew": 0.0,
  "pixel_aspect_ratio": 1.0,
  "radial_distortion": [
    0.057124994695186615,
    0.07796183973550797,
    0.0
  ],
  "tangential_distortion": [
    0.02577873319387436,
    -0.030609173700213432
  ],
  "image_size": [
    640,
    480
  ]
}