{
  "orientation": [
    [
      0.9650305509567261,
      -0.09680839627981186,
      0.24360670149326324
    ],
    [
      0.027924351394176483,
      0.9619855284690857,
      0.2716691493988037
    ],
    [
      -0.26064595580101013,
      -0.2553664743900299,
      0.9310486912727356
    ]
  ],
  "position": [
    -1.0091067552566528,
    0.6080349683761597,
    -0.6437838673591614
  ],
  "focal_length": 1474.2796630859375,
  "principal_point": [
    320.0,
    240.0
  ],
  "skew": 0.0,
  "pixel_aspect_ratio": 1.0,
  "radial_distortion": [
    0.057124994695186615,
    0.07796183973550797,
    0.0
  ],
  "tangential_distortion": [
    0.02577873319387436,
    -0.030609173700213432
  ],
  "image_size": [
    640,
    480
  ]
}