{
  "orientation": [
    [
      0.8730847239494324,
      -0.2515208125114441,
      0.41768449544906616
    ],
    [
      0.14373479783535004,
      0.9513737559318542,
      0.27244874835014343
    ],
    [
      -0.46590057015419006,
      -0.17783506214618683,
      0.8667821884155273
    ]
  ],
  "position": [
    2.0611815452575684,
    -0.33256712555885315,
    1.2939183712005615
  ],
  "focal_length": 1474.2796630859375,
  "principal_point": [
    320.0,
    240.0
  ],
  "skew": 0.0,
  "pixel_aspect_ratio": 1.0,
  "radial_distortion": [
    0.057124994695186615,
    0.07796183973550797,
    0.0
  ],
  "tangential_distortion": [
    0.02577873319387436,
    -0.030609173700213432
  ],
  "image_size": [
    640,
    480
  ]
}