{
  "orientation": [
    [
      0.9960074424743652,
      0.08140163123607635,
      -0.03664639592170715
    ],
    [
      -0.07131697237491608,
      0.972476065158844,
      0.2218201458454132
    ],
    [
      0.05369426682591438,
      -0.21832099556922913,
      0.9743987321853638
    ]
  ],
  "position": [
    -4.391968727111816,
    -0.05841221660375595,
    -1.4746695756912231
  ],
  "focal_length": 1474.2796630859375,
  "principal_point": [
    320.0,
    240.0
  ],
  "skew": 0.0,
  "pixel_aspect_ratio": 1.0,
  "radial_distortion": [
    0.057124994695186615,
    0.07796183973550797,
    0.0
  ],
  "tangential_distortion": [
    0.02577873319387436,
    -0.030609173700213432
  ],
  "image_size": [
    640,
    480
  ]
}