{
  "orientation": [
    [
      0.8316790461540222,
      -0.22683559358119965,
      0.5068092346191406
    ],
    [
      0.09969548135995865,
      0.9589182138442993,
      0.26558738946914673
    ],
    [
      -0.5462332367897034,
      -0.1703568994998932,
      0.8201266527175903
    ]
  ],
  "position": [
    2.689875841140747,
    -0.42236942052841187,
    1.1959457397460938
  ],
  "focal_length": 1474.2796630859375,
  "principal_point": [
    320.0,
    240.0
  ],
  "skew": 0.0,
  "pixel_aspect_ratio": 1.0,
  "radial_distortion": [
    0.057124994695186615,
    0.07796183973550797,
    0.0
  ],
  "tangential_distortion": [
    0.02577873319387436,
    -0.030609173700213432
  ],
  "image_size": [
    640,
    480
  ]
}