{
  "orientation": [
    [
      0.9938739538192749,
      0.0598883256316185,
      0.09288697689771652
    ],
    [
      -0.08339912444353104,
      0.9578883051872253,
      0.2747628390789032
    ],
    [
      -0.07252026349306107,
      -0.2808263301849365,
      0.9570148587226868
    ]
  ],
  "position": [
    -3.97286319732666,
    0.634483277797699,
    -0.8500553965568542
  ],
  "focal_length": 1474.2796630859375,
  "principal_point": [
    320.0,
    240.0
  ],
  "skew": 0.0,
  "pixel_aspect_ratio": 1.0,
  "radial_distortion": [
    0.057124994695186615,
    0.07796183973550797,
    0.0
  ],
  "tangential_distortion": [
    0.02577873319387436,
    -0.030609173700213432
  ],
  "image_size": [
    640,
    480
  ]
}