{
  "orientation": [
    [
      0.9897640347480774,
      -0.021578771993517876,
      0.14107273519039154
    ],
    [
      -0.023924607783555984,
      0.9494251608848572,
      0.31308066844940186
    ],
    [
      -0.14069388806819916,
      -0.3132511079311371,
      0.9391906261444092
    ]
  ],
  "position": [
    -1.276649832725525,
    1.361519455909729,
    -0.8420150279998779
  ],
  "focal_length": 1474.2796630859375,
  "principal_point": [
    320.0,
    240.0
  ],
  "skew": 0.0,
  "pixel_aspect_ratio": 1.0,
  "radial_distortion": [
    0.057124994695186615,
    0.07796183973550797,
    0.0
  ],
  "tangential_distortion": [
    0.02577873319387436,
    -0.030609173700213432
  ],
  "image_size": [
    640,
    480
  ]
}