{
  "orientation": [
    [
      0.994973361492157,
      0.08647985756397247,
      -0.05048992857336998
    ],
    [
      -0.07332980632781982,
      0.9725671410560608,
      0.22076208889484406
    ],
    [
      0.06819631904363632,
      -0.21594998240470886,
      0.9740199446678162
    ]
  ],
  "position": [
    -4.61578893661499,
    -0.025253161787986755,
    -1.4117603302001953
  ],
  "focal_length": 1474.2796630859375,
  "principal_point": [
    320.0,
    240.0
  ],
  "skew": 0.0,
  "pixel_aspect_ratio": 1.0,
  "radial_distortion": [
    0.057124994695186615,
    0.07796183973550797,
    0.0
  ],
  "tangential_distortion": [
    0.02577873319387436,
    -0.030609173700213432
  ],
  "image_size": [
    640,
    480
  ]
}