{
  "orientation": [
    [
      0.9048570394515991,
      -0.14131946861743927,
      0.4015750288963318
    ],
    [
      0.05159440636634827,
      0.9727448225021362,
      0.22606538236141205
    ],
    [
      -0.42257747054100037,
      -0.18383783102035522,
      0.8874862790107727
    ]
  ],
  "position": [
    0.9394845962524414,
    0.021526513621211052,
    0.22142601013183594
  ],
  "focal_length": 1474.2796630859375,
  "principal_point": [
    320.0,
    240.0
  ],
  "skew": 0.0,
  "pixel_aspect_ratio": 1.0,
  "radial_distortion": [
    0.057124994695186615,
    0.07796183973550797,
    0.0
  ],
  "tangential_distortion": [
    0.02577873319387436,
    -0.030609173700213432
  ],
  "image_size": [
    640,
    480
  ]
}