{
  "orientation": [
    [
      0.9957677125930786,
      0.07639537006616592,
      0.05109163001179695
    ],
    [
      -0.08762957900762558,
      0.9568036198616028,
      0.27721449732780457
    ],
    [
      -0.027706751599907875,
      -0.28051838278770447,
      0.9594486951828003
    ]
  ],
  "position": [
    -4.43275260925293,
    0.6400971412658691,
    -0.9498512148857117
  ],
  "focal_length": 1474.2796630859375,
  "principal_point": [
    320.0,
    240.0
  ],
  "skew": 0.0,
  "pixel_aspect_ratio": 1.0,
  "radial_distortion": [
    0.057124994695186615,
    0.07796183973550797,
    0.0
  ],
  "tangential_distortion": [
    0.02577873319387436,
    -0.030609173700213432
  ],
  "image_size": [
    640,
    480
  ]
}