{
  "orientation": [
    [
      0.9720160961151123,
      -0.04217742010951042,
      0.23109695315361023
    ],
    [
      -0.019233332946896553,
      0.9661586284637451,
      0.2572305202484131
    ],
    [
      -0.23412562906742096,
      -0.25447696447372437,
      0.9383105635643005
    ]
  ],
  "position": [
    -0.09142065048217773,
    0.6054829359054565,
    -0.8555583953857422
  ],
  "focal_length": 1474.2796630859375,
  "principal_point": [
    320.0,
    240.0
  ],
  "skew": 0.0,
  "pixel_aspect_ratio": 1.0,
  "radial_distortion": [
    0.057124994695186615,
    0.07796183973550797,
    0.0
  ],
  "tangential_distortion": [
    0.02577873319387436,
    -0.030609173700213432
  ],
  "image_size": [
    640,
    480
  ]
}