{
  "orientation": [
    [
      0.9697648286819458,
      -0.08947505801916122,
      0.22704705595970154
    ],
    [
      0.021674389019608498,
      0.958264946937561,
      0.28505876660346985
    ],
    [
      -0.243076890707016,
      -0.27151885628700256,
      0.9312309622764587
    ]
  ],
  "position": [
    0.049198176711797714,
    0.5918406844139099,
    -0.6397518515586853
  ],
  "focal_length": 1474.2796630859375,
  "principal_point": [
    320.0,
    240.0
  ],
  "skew": 0.0,
  "pixel_aspect_ratio": 1.0,
  "radial_distortion": [
    0.057124994695186615,
    0.07796183973550797,
    0.0
  ],
  "tangential_distortion": [
    0.02577873319387436,
    -0.030609173700213432
  ],
  "image_size": [
    640,
    480
  ]
}