{
  "orientation": [
    [
      0.971861720085144,
      -0.07905838638544083,
      0.22188875079154968
    ],
    [
      0.01728294976055622,
      0.9633878469467163,
      0.2675541341304779
    ],
    [
      -0.23491732776165009,
      -0.2561907172203064,
      0.9376460909843445
    ]
  ],
  "position": [
    -1.2609442472457886,
    0.6483662724494934,
    -0.7291678786277771
  ],
  "focal_length": 1474.2796630859375,
  "principal_point": [
    320.0,
    240.0
  ],
  "skew": 0.0,
  "pixel_aspect_ratio": 1.0,
  "radial_distortion": [
    0.057124994695186615,
    0.07796183973550797,
    0.0
  ],
  "tangential_distortion": [
    0.02577873319387436,
    -0.030609173700213432
  ],
  "image_size": [
    640,
    480
  ]
}