{
  "orientation": [
    [
      0.9770461320877075,
      -0.05996837094426155,
      0.2044128179550171
    ],
    [
      0.0022103588562458754,
      0.9623619318008423,
      0.27176210284233093
    ],
    [
      -0.21301624178886414,
      -0.2650722861289978,
      0.9404045939445496
    ]
  ],
  "position": [
    -1.5501384735107422,
    0.794587254524231,
    -0.7563915252685547
  ],
  "focal_length": 1474.2796630859375,
  "principal_point": [
    320.0,
    240.0
  ],
  "skew": 0.0,
  "pixel_aspect_ratio": 1.0,
  "radial_distortion": [
    0.057124994695186615,
    0.07796183973550797,
    0.0
  ],
  "tangential_distortion": [
    0.02577873319387436,
    -0.030609173700213432
  ],
  "image_size": [
    640,
    480
  ]
}