{
  "orientation": [
    [
      0.9797143340110779,
      0.1335856318473816,
      -0.14938099682331085
    ],
    [
      -0.1021336019039154,
      0.9741837978363037,
      0.2013321965932846
    ],
    [
      0.17241963744163513,
      -0.18199121952056885,
      0.9680654406547546
    ]
  ],
  "position": [
    -6.364596843719482,
    -0.1682063490152359,
    -1.4717046022415161
  ],
  "focal_length": 1474.2796630859375,
  "principal_point": [
    320.0,
    240.0
  ],
  "skew": 0.0,
  "pixel_aspect_ratio": 1.0,
  "radial_distortion": [
    0.057124994695186615,
    0.07796183973550797,
    0.0
  ],
  "tangential_distortion": [
    0.02577873319387436,
    -0.030609173700213432
  ],
  "image_size": [
    640,
    480
  ]
}