{
  "orientation": [
    [
      0.9931144118309021,
      0.055613722652196884,
      0.10310593992471695
    ],
    [
      -0.08057965338230133,
      0.9631428122520447,
      0.2566375434398651
    ],
    [
      -0.08503317832946777,
      -0.2631787061691284,
      0.9609923958778381
    ]
  ],
  "position": [
    -2.472816228866577,
    0.3588196039199829,
    -1.041046142578125
  ],
  "focal_length": 1474.2796630859375,
  "principal_point": [
    320.0,
    240.0
  ],
  "skew": 0.0,
  "pixel_aspect_ratio": 1.0,
  "radial_distortion": [
    0.057124994695186615,
    0.07796183973550797,
    0.0
  ],
  "tangential_distortion": [
    0.02577873319387436,
    -0.030609173700213432
  ],
  "image_size": [
    640,
    480
  ]
}