{
  "orientation": [
    [
      0.995431661605835,
      0.023440569639205933,
      0.09255429357290268
    ],
    [
      -0.04213568568229675,
      0.9777393341064453,
      0.20554885268211365
    ],
    [
      -0.08567579090595245,
      -0.2085096836090088,
      0.9742604494094849
    ]
  ],
  "position": [
    -3.417388677597046,
    0.04299778863787651,
    -1.174272060394287
  ],
  "focal_length": 1474.2796630859375,
  "principal_point": [
    320.0,
    240.0
  ],
  "skew": 0.0,
  "pixel_aspect_ratio": 1.0,
  "radial_distortion": [
    0.057124994695186615,
    0.07796183973550797,
    0.0
  ],
  "tangential_distortion": [
    0.02577873319387436,
    -0.030609173700213432
  ],
  "image_size": [
    640,
    480
  ]
}