{
  "orientation": [
    [
      0.987991213798523,
      -0.031392473727464676,
      0.15128745138645172
    ],
    [
      -0.01830836944282055,
      0.9484587907791138,
      0.3163711130619049
    ],
    [
      -0.1534215807914734,
      -0.3153417110443115,
      0.9364942312240601
    ]
  ],
  "position": [
    -1.1369637250900269,
    1.3364769220352173,
    -0.7525008916854858
  ],
  "focal_length": 1474.2796630859375,
  "principal_point": [
    320.0,
    240.0
  ],
  "skew": 0.0,
  "pixel_aspect_ratio": 1.0,
  "radial_distortion": [
    0.057124994695186615,
    0.07796183973550797,
    0.0
  ],
  "tangential_distortion": [
    0.02577873319387436,
    -0.030609173700213432
  ],
  "image_size": [
    640,
    480
  ]
}