{
  "orientation": [
    [
      0.8208520412445068,
      -0.2468024641275406,
      0.5150635838508606
    ],
    [
      0.10162638872861862,
      0.9505394101142883,
      0.2935079336166382
    ],
    [
      -0.5620267391204834,
      -0.18858252465724945,
      0.8053338527679443
    ]
  ],
  "position": [
    4.120712757110596,
    -0.7531078457832336,
    1.8693833351135254
  ],
  "focal_length": 1474.2796630859375,
  "principal_point": [
    320.0,
    240.0
  ],
  "skew": 0.0,
  "pixel_aspect_ratio": 1.0,
  "radial_distortion": [
    0.057124994695186615,
    0.07796183973550797,
    0.0
  ],
  "tangential_distortion": [
    0.02577873319387436,
    -0.030609173700213432
  ],
  "image_size": [
    640,
    480
  ]
}