{
  "orientation": [
    [
      0.9882541298866272,
      0.007265932392328978,
      0.15264640748500824
    ],
    [
      -0.04791313782334328,
      0.9632368683815002,
      0.26434651017189026
    ],
    [
      -0.14511393010616302,
      -0.26855528354644775,
      0.9522709846496582
    ]
  ],
  "position": [
    -1.421667456626892,
    0.6513984799385071,
    -0.804994523525238
  ],
  "focal_length": 1474.2796630859375,
  "principal_point": [
    320.0,
    240.0
  ],
  "skew": 0.0,
  "pixel_aspect_ratio": 1.0,
  "radial_distortion": [
    0.057124994695186615,
    0.07796183973550797,
    0.0
  ],
  "tangential_distortion": [
    0.02577873319387436,
    -0.030609173700213432
  ],
  "image_size": [
    640,
    480
  ]
}