{
  "orientation": [
    [
      0.9668959379196167,
      -0.05646566301584244,
      0.24884504079818726
    ],
    [
      -0.00919179618358612,
      0.9668688178062439,
      0.25510814785957336
    ],
    [
      -0.2550053596496582,
      -0.24895037710666656,
      0.9343425631523132
    ]
  ],
  "position": [
    0.23045958578586578,
    0.5847923755645752,
    -0.8345004916191101
  ],
  "focal_length": 1474.2796630859375,
  "principal_point": [
    320.0,
    240.0
  ],
  "skew": 0.0,
  "pixel_aspect_ratio": 1.0,
  "radial_distortion": [
    0.057124994695186615,
    0.07796183973550797,
    0.0
  ],
  "tangential_distortion": [
    0.02577873319387436,
    -0.030609173700213432
  ],
  "image_size": [
    640,
    480
  ]
}