{
  "orientation": [
    [
      0.8558335900306702,
      -0.2764221429824829,
      0.43719515204429626
    ],
    [
      0.15600934624671936,
      0.9438124299049377,
      0.2913403809070587
    ],
    [
      -0.49316316843032837,
      -0.18113237619400024,
      0.8508708477020264
    ]
  ],
  "position": [
    3.600935220718384,
    -0.9339262843132019,
    1.9047601222991943
  ],
  "focal_length": 1474.2796630859375,
  "principal_point": [
    320.0,
    240.0
  ],
  "skew": 0.0,
  "pixel_aspect_ratio": 1.0,
  "radial_distortion": [
    0.057124994695186615,
    0.07796183973550797,
    0.0
  ],
  "tangential_distortion": [
    0.02577873319387436,
    -0.030609173700213432
  ],
  "image_size": [
    640,
    480
  ]
}