{
  "orientation": [
    [
      0.8176501989364624,
      -0.29452940821647644,
      0.49467217922210693
    ],
    [
      0.16755367815494537,
      0.9437766671180725,
      0.28497597575187683
    ],
    [
      -0.5507938861846924,
      -0.15012653172016144,
      0.8210287094116211
    ]
  ],
  "position": [
    3.177557945251465,
    -0.8117039203643799,
    1.9298179149627686
  ],
  "focal_length": 1474.2796630859375,
  "principal_point": [
    320.0,
    240.0
  ],
  "skew": 0.0,
  "pixel_aspect_ratio": 1.0,
  "radial_distortion": [
    0.057124994695186615,
    0.07796183973550797,
    0.0
  ],
  "tangential_distortion": [
    0.02577873319387436,
    -0.030609173700213432
  ],
  "image_size": [
    640,
    480
  ]
}