{
  "orientation": [
    [
      0.9912118315696716,
      -0.016262181103229523,
      0.1312807947397232
    ],
    [
      -0.025475630536675453,
      0.9503708481788635,
      0.31007465720176697
    ],
    [
      -0.12980793416500092,
      -0.3106941282749176,
      0.941604495048523
    ]
  ],
  "position": [
    -1.4076871871948242,
    1.355992078781128,
    -0.8871920108795166
  ],
  "focal_length": 1474.2796630859375,
  "principal_point": [
    320.0,
    240.0
  ],
  "skew": 0.0,
  "pixel_aspect_ratio": 1.0,
  "radial_distortion": [
    0.057124994695186615,
    0.07796183973550797,
    0.0
  ],
  "tangential_distortion": [
    0.02577873319387436,
    -0.030609173700213432
  ],
  "image_size": [
    640,
    480
  ]
}