{
  "orientation": [
    [
      0.9558650851249695,
      -0.07222133129835129,
      0.28479108214378357
    ],
    [
      0.0032505940180271864,
      0.971857488155365,
      0.23554708063602448
    ],
    [
      -0.2937878966331482,
      -0.2242255061864853,
      0.9291994571685791
    ]
  ],
  "position": [
    -0.5051407814025879,
    0.5283986330032349,
    -0.8597190976142883
  ],
  "focal_length": 1474.2796630859375,
  "principal_point": [
    320.0,
    240.0
  ],
  "skew": 0.0,
  "pixel_aspect_ratio": 1.0,
  "radial_distortion": [
    0.057124994695186615,
    0.07796183973550797,
    0.0
  ],
  "tangential_distortion": [
    0.02577873319387436,
    -0.030609173700213432
  ],
  "image_size": [
    640,
    480
  ]
}