{
  "orientation": [
    [
      0.994982123374939,
      0.09544207900762558,
      0.03002256713807583
    ],
    [
      -0.09998399019241333,
      0.9595988988876343,
      0.26300790905952454
    ],
    [
      -0.003707602620124817,
      -0.26468995213508606,
      0.9643264412879944
    ]
  ],
  "position": [
    -3.3085479736328125,
    0.36220839619636536,
    -1.2740432024002075
  ],
  "focal_length": 1474.2796630859375,
  "principal_point": [
    320.0,
    240.0
  ],
  "skew": 0.0,
  "pixel_aspect_ratio": 1.0,
  "radial_distortion": [
    0.057124994695186615,
    0.07796183973550797,
    0.0
  ],
  "tangential_distortion": [
    0.02577873319387436,
    -0.030609173700213432
  ],
  "image_size": [
    640,
    480
  ]
}