{
  "orientation": [
    [
      0.8071284890174866,
      -0.26611456274986267,
      0.5269977450370789
    ],
    [
      0.11230596899986267,
      0.9455562829971313,
      0.30546802282333374
    ],
    [
      -0.5795955061912537,
      -0.18736696243286133,
      0.7930716872215271
    ]
  ],
  "position": [
    4.402359485626221,
    -0.8648420572280884,
    2.1661922931671143
  ],
  "focal_length": 1474.2796630859375,
  "principal_point": [
    320.0,
    240.0
  ],
  "skew": 0.0,
  "pixel_aspect_ratio": 1.0,
  "radial_distortion": [
    0.057124994695186615,
    0.07796183973550797,
    0.0
  ],
  "tangential_distortion": [
    0.02577873319387436,
    -0.030609173700213432
  ],
  "image_size": [
    640,
    480
  ]
}