{
  "orientation": [
    [
      0.9239609241485596,
      -0.18863369524478912,
      0.33273640275001526
    ],
    [
      0.09029553830623627,
      0.9529140591621399,
      0.2894848585128784
    ],
    [
      -0.3716757893562317,
      -0.23742808401584625,
      0.8974881768226624
    ]
  ],
  "position": [
    2.172328233718872,
    0.25128793716430664,
    0.31684404611587524
  ],
  "focal_length": 1474.2796630859375,
  "principal_point": [
    320.0,
    240.0
  ],
  "skew": 0.0,
  "pixel_aspect_ratio": 1.0,
  "radial_distortion": [
    0.057124994695186615,
    0.07796183973550797,
    0.0
  ],
  "tangential_distortion": [
    0.02577873319387436,
    -0.030609173700213432
  ],
  "image_size": [
    640,
    480
  ]
}