{
  "orientation": [
    [
      0.9808840751647949,
      0.135567769408226,
      -0.13959892094135284
    ],
    [
      -0.10813912749290466,
      0.9761692881584167,
      0.18814726173877716
    ],
    [
      0.16177889704704285,
      -0.16945454478263855,
      0.9721691012382507
    ]
  ],
  "position": [
    -7.45274019241333,
    -0.3564507067203522,
    -1.0337693691253662
  ],
  "focal_length": 1474.2796630859375,
  "principal_point": [
    320.0,
    240.0
  ],
  "skew": 0.0,
  "pixel_aspect_ratio": 1.0,
  "radial_distortion": [
    0.057124994695186615,
    0.07796183973550797,
    0.0
  ],
  "tangential_distortion": [
    0.02577873319387436,
    -0.030609173700213432
  ],
  "image_size": [
    640,
    480
  ]
}