{
  "orientation": [
    [
      0.9409289360046387,
      -0.1102091521024704,
      0.3201666474342346
    ],
    [
      0.031112374737858772,
      0.9696885943412781,
      0.2423551231622696
    ],
    [
      -0.3371717035770416,
      -0.21807780861854553,
      0.9158369302749634
    ]
  ],
  "position": [
    1.3549695014953613,
    0.3906717002391815,
    -0.21200726926326752
  ],
  "focal_length": 1474.2796630859375,
  "principal_point": [
    320.0,
    240.0
  ],
  "skew": 0.0,
  "pixel_aspect_ratio": 1.0,
  "radial_distortion": [
    0.057124994695186615,
    0.07796183973550797,
    0.0
  ],
  "tangential_distortion": [
    0.02577873319387436,
    -0.030609173700213432
  ],
  "image_size": [
    640,
    480
  ]
}