{
  "orientation": [
    [
      0.9974054098129272,
      0.06981200724840164,
      -0.017571933567523956
    ],
    [
      -0.06419901549816132,
      0.9730068445205688,
      0.2216668576002121
    ],
    [
      0.03257261961698532,
      -0.21996361017227173,
      0.9749641418457031
    ]
  ],
  "position": [
    -4.059621334075928,
    -0.06834486871957779,
    -1.5528514385223389
  ],
  "focal_length": 1474.2796630859375,
  "principal_point": [
    320.0,
    240.0
  ],
  "skew": 0.0,
  "pixel_aspect_ratio": 1.0,
  "radial_distortion": [
    0.057124994695186615,
    0.07796183973550797,
    0.0
  ],
  "tangential_distortion": [
    0.02577873319387436,
    -0.030609173700213432
  ],
  "image_size": [
    640,
    480
  ]
}