{
  "orientation": [
    [
      0.9578361511230469,
      -0.06812629848718643,
      0.27912139892578125
    ],
    [
      0.00045767187839373946,
      0.9718424677848816,
      0.23563098907470703
    ],
    [
      -0.2873147130012512,
      -0.22556813061237335,
      0.9308969974517822
    ]
  ],
  "position": [
    -0.5879329442977905,
    0.5380765795707703,
    -0.8732520937919617
  ],
  "focal_length": 1474.2796630859375,
  "principal_point": [
    320.0,
    240.0
  ],
  "skew": 0.0,
  "pixel_aspect_ratio": 1.0,
  "radial_distortion": [
    0.057124994695186615,
    0.07796183973550797,
    0.0
  ],
  "tangential_distortion": [
    0.02577873319387436,
    -0.030609173700213432
  ],
  "image_size": [
    640,
    480
  ]
}