{
  "orientation": [
    [
      0.8065662980079651,
      -0.3064514696598053,
      0.5055079460144043
    ],
    [
      0.1575581282377243,
      0.9356461763381958,
      0.31581911444664
    ],
    [
      -0.5697597861289978,
      -0.17508216202259064,
      0.8029446005821228
    ]
  ],
  "position": [
    4.480448246002197,
    -1.0350241661071777,
    2.4611785411834717
  ],
  "focal_length": 1474.2796630859375,
  "principal_point": [
    320.0,
    240.0
  ],
  "skew": 0.0,
  "pixel_aspect_ratio": 1.0,
  "radial_distortion": [
    0.057124994695186615,
    0.07796183973550797,
    0.0
  ],
  "tangential_distortion": [
    0.02577873319387436,
    -0.030609173700213432
  ],
  "image_size": [
    640,
    480
  ]
}