{
  "orientation": [
    [
      0.9923491477966309,
      0.007468202617019415,
      0.12323693931102753
    ],
    [
      -0.03807485103607178,
      0.9680294990539551,
      0.24792976677417755
    ],
    [
      -0.11744540184736252,
      -0.250725120306015,
      0.9609076380729675
    ]
  ],
  "position": [
    -2.9381566047668457,
    0.6266079545021057,
    -1.0445809364318848
  ],
  "focal_length": 1474.2796630859375,
  "principal_point": [
    320.0,
    240.0
  ],
  "skew": 0.0,
  "pixel_aspect_ratio": 1.0,
  "radial_distortion": [
    0.057124994695186615,
    0.07796183973550797,
    0.0
  ],
  "tangential_distortion": [
    0.02577873319387436,
    -0.030609173700213432
  ],
  "image_size": [
    640,
    480
  ]
}