{
  "orientation": [
    [
      0.8106600046157837,
      -0.2981594204902649,
      0.5039159655570984
    ],
    [
      0.16379129886627197,
      0.9417523145675659,
      0.2937261164188385
    ],
    [
      -0.5621412396430969,
      -0.1555749624967575,
      0.8122768402099609
    ]
  ],
  "position": [
    3.3124501705169678,
    -0.7424989938735962,
    1.998948574066162
  ],
  "focal_length": 1474.2796630859375,
  "principal_point": [
    320.0,
    240.0
  ],
  "skew": 0.0,
  "pixel_aspect_ratio": 1.0,
  "radial_distortion": [
    0.057124994695186615,
    0.07796183973550797,
    0.0
  ],
  "tangential_distortion": [
    0.02577873319387436,
    -0.030609173700213432
  ],
  "image_size": [
    640,
    480
  ]
}