{
  "orientation": [
    [
      0.9891656637191772,
      0.013798489235341549,
      0.14615358412265778
    ],
    [
      -0.05265989899635315,
      0.9626674056053162,
      0.2655152678489685
    ],
    [
      -0.1370335817337036,
      -0.27033501863479614,
      0.952964186668396
    ]
  ],
  "position": [
    -1.5645419359207153,
    0.6779583096504211,
    -0.8040403127670288
  ],
  "focal_length": 1474.2796630859375,
  "principal_point": [
    320.0,
    240.0
  ],
  "skew": 0.0,
  "pixel_aspect_ratio": 1.0,
  "radial_distortion": [
    0.057124994695186615,
    0.07796183973550797,
    0.0
  ],
  "tangential_distortion": [
    0.02577873319387436,
    -0.030609173700213432
  ],
  "image_size": [
    640,
    480
  ]
}