{
  "orientation": [
    [
      0.8960726261138916,
      -0.23318807780742645,
      0.37772631645202637
    ],
    [
      0.1261022686958313,
      0.9495741128921509,
      0.2870664894580841
    ],
    [
      -0.42561963200569153,
      -0.2096002697944641,
      0.8802929520606995
    ]
  ],
  "position": [
    2.754884958267212,
    -0.20964033901691437,
    1.0357372760772705
  ],
  "focal_length": 1474.2796630859375,
  "principal_point": [
    320.0,
    240.0
  ],
  "skew": 0.0,
  "pixel_aspect_ratio": 1.0,
  "radial_distortion": [
    0.057124994695186615,
    0.07796183973550797,
    0.0
  ],
  "tangential_distortion": [
    0.02577873319387436,
    -0.030609173700213432
  ],
  "image_size": [
    640,
    480
  ]
}