{
  "orientation": [
    [
      0.9895698428153992,
      -0.011382129974663258,
      0.1436033993959427
    ],
    [
      -0.030128296464681625,
      0.9584741592407227,
      0.2835833430290222
    ],
    [
      -0.1408679336309433,
      -0.2849520742893219,
      0.9481342434883118
    ]
  ],
  "position": [
    -2.558624029159546,
    1.1106990575790405,
    -0.864319384098053
  ],
  "focal_length": 1474.2796630859375,
  "principal_point": [
    320.0,
    240.0
  ],
  "skew": 0.0,
  "pixel_aspect_ratio": 1.0,
  "radial_distortion": [
    0.057124994695186615,
    0.07796183973550797,
    0.0
  ],
  "tangential_distortion": [
    0.02577873319387436,
    -0.030609173700213432
  ],
  "image_size": [
    640,
    480
  ]
}