{
  "orientation": [
    [
      0.8524932265281677,
      -0.27054089307785034,
      0.44728395342826843
    ],
    [
      0.1567511409521103,
      0.9485815167427063,
      0.2749949097633362
    ],
    [
      -0.4986826479434967,
      -0.1643190234899521,
      0.8510668873786926
    ]
  ],
  "position": [
    2.5372447967529297,
    -0.6780917644500732,
    1.6026448011398315
  ],
  "focal_length": 1474.2796630859375,
  "principal_point": [
    320.0,
    240.0
  ],
  "skew": 0.0,
  "pixel_aspect_ratio": 1.0,
  "radial_distortion": [
    0.057124994695186615,
    0.07796183973550797,
    0.0
  ],
  "tangential_distortion": [
    0.02577873319387436,
    -0.030609173700213432
  ],
  "image_size": [
    640,
    480
  ]
}