{
  "orientation": [
    [
      0.7919533848762512,
      -0.28772497177124023,
      0.538538932800293
    ],
    [
      0.12587390840053558,
      0.9399991035461426,
      0.3171079158782959
    ],
    [
      -0.597465991973877,
      -0.183346688747406,
      0.7806525826454163
    ]
  ],
  "position": [
    4.698365688323975,
    -1.0190032720565796,
    2.453660249710083
  ],
  "focal_length": 1474.2796630859375,
  "principal_point": [
    320.0,
    240.0
  ],
  "skew": 0.0,
  "pixel_aspect_ratio": 1.0,
  "radial_distortion": [
    0.057124994695186615,
    0.07796183973550797,
    0.0
  ],
  "tangential_distortion": [
    0.02577873319387436,
    -0.030609173700213432
  ],
  "image_size": [
    640,
    480
  ]
}