{
  "orientation": [
    [
      0.8268865346908569,
      -0.23182083666324615,
      0.5123648047447205
    ],
    [
      0.10195610672235489,
      0.9577824473381042,
      0.2688080668449402
    ],
    [
      -0.5530493259429932,
      -0.17003504931926727,
      0.8156129717826843
    ]
  ],
  "position": [
    2.791301727294922,
    -0.4547604024410248,
    1.255340337753296
  ],
  "focal_length": 1474.2796630859375,
  "principal_point": [
    320.0,
    240.0
  ],
  "skew": 0.0,
  "pixel_aspect_ratio": 1.0,
  "radial_distortion": [
    0.057124994695186615,
    0.07796183973550797,
    0.0
  ],
  "tangential_distortion": [
    0.02577873319387436,
    -0.030609173700213432
  ],
  "image_size": [
    640,
    480
  ]
}