{
  "orientation": [
    [
      0.786058783531189,
      -0.3039852976799011,
      0.5382421016693115
    ],
    [
      0.13889946043491364,
      0.9353211522102356,
      0.32539400458335876
    ],
    [
      -0.6023442149162292,
      -0.18101726472377777,
      0.7774407863616943
    ]
  ],
  "position": [
    4.702073574066162,
    -1.123165249824524,
    2.5254669189453125
  ],
  "focal_length": 1474.2796630859375,
  "principal_point": [
    320.0,
    240.0
  ],
  "skew": 0.0,
  "pixel_aspect_ratio": 1.0,
  "radial_distortion": [
    0.057124994695186615,
    0.07796183973550797,
    0.0
  ],
  "tangential_distortion": [
    0.02577873319387436,
    -0.030609173700213432
  ],
  "image_size": [
    640,
    480
  ]
}