{
  "orientation": [
    [
      0.7938529253005981,
      -0.3086058795452118,
      0.5239846110343933
    ],
    [
      0.16375286877155304,
      0.938317596912384,
      0.3045406937599182
    ],
    [
      -0.5856470465660095,
      -0.15595653653144836,
      0.795421302318573
    ]
  ],
  "position": [
    3.581801652908325,
    -0.798866868019104,
    2.033572196960449
  ],
  "focal_length": 1474.2796630859375,
  "principal_point": [
    320.0,
    240.0
  ],
  "skew": 0.0,
  "pixel_aspect_ratio": 1.0,
  "radial_distortion": [
    0.057124994695186615,
    0.07796183973550797,
    0.0
  ],
  "tangential_distortion": [
    0.02577873319387436,
    -0.030609173700213432
  ],
  "image_size": [
    640,
    480
  ]
}