{
  "orientation": [
    [
      0.9712491035461426,
      0.14348649978637695,
      -0.1899651288986206
    ],
    [
      -0.10494322329759598,
      0.974290668964386,
      0.19936050474643707
    ],
    [
      0.21368680894374847,
      -0.17369316518306732,
      0.9613369107246399
    ]
  ],
  "position": [
    -7.081249237060547,
    -0.4521106481552124,
    -1.1733499765396118
  ],
  "focal_length": 1474.2796630859375,
  "principal_point": [
    320.0,
    240.0
  ],
  "skew": 0.0,
  "pixel_aspect_ratio": 1.0,
  "radial_distortion": [
    0.057124994695186615,
    0.07796183973550797,
    0.0
  ],
  "tangential_distortion": [
    0.02577873319387436,
    -0.030609173700213432
  ],
  "image_size": [
    640,
    480
  ]
}