{
  "orientation": [
    [
      0.7865588068962097,
      -0.30199921131134033,
      0.5386294722557068
    ],
    [
      0.136976420879364,
      0.9358502626419067,
      0.32468709349632263
    ],
    [
      -0.6021317839622498,
      -0.1816059798002243,
      0.7774680852890015
    ]
  ],
  "position": [
    4.702228546142578,
    -1.1101113557815552,
    2.520632743835449
  ],
  "focal_length": 1474.2796630859375,
  "principal_point": [
    320.0,
    240.0
  ],
  "skew": 0.0,
  "pixel_aspect_ratio": 1.0,
  "radial_distortion": [
    0.057124994695186615,
    0.07796183973550797,
    0.0
  ],
  "tangential_distortion": [
    0.02577873319387436,
    -0.030609173700213432
  ],
  "image_size": [
    640,
    480
  ]
}