{
  "orientation": [
    [
      0.9671294093132019,
      -0.09611746668815613,
      0.23541894555091858
    ],
    [
      0.025445997714996338,
      0.957743763923645,
      0.2864949405193329
    ],
    [
      -0.2530082166194916,
      -0.2710871994495392,
      0.928708016872406
    ]
  ],
  "position": [
    0.1662818044424057,
    0.5781956315040588,
    -0.5939797163009644
  ],
  "focal_length": 1474.2796630859375,
  "principal_point": [
    320.0,
    240.0
  ],
  "skew": 0.0,
  "pixel_aspect_ratio": 1.0,
  "radial_distortion": [
    0.057124994695186615,
    0.07796183973550797,
    0.0
  ],
  "tangential_distortion": [
    0.02577873319387436,
    -0.030609173700213432
  ],
  "image_size": [
    640,
    480
  ]
}