{
  "orientation": [
    [
      0.9288120269775391,
      -0.17055770754814148,
      0.32896554470062256
    ],
    [
      0.08000670373439789,
      0.9591388702392578,
      0.27138811349868774
    ],
    [
      -0.36181098222732544,
      -0.22574909031391144,
      0.9045054912567139
    ]
  ],
  "position": [
    0.7787068486213684,
    0.42074939608573914,
    -0.014540673233568668
  ],
  "focal_length": 1474.2796630859375,
  "principal_point": [
    320.0,
    240.0
  ],
  "skew": 0.0,
  "pixel_aspect_ratio": 1.0,
  "radial_distortion": [
    0.057124994695186615,
    0.07796183973550797,
    0.0
  ],
  "tangential_distortion": [
    0.02577873319387436,
    -0.030609173700213432
  ],
  "image_size": [
    640,
    480
  ]
}