{
  "orientation": [
    [
      0.9899823069572449,
      0.11103914678096771,
      -0.08720874786376953
    ],
    [
      -0.09160099178552628,
      0.9751414656639099,
      0.20176321268081665
    ],
    [
      0.10744448006153107,
      -0.1917535960674286,
      0.9755440950393677
    ]
  ],
  "position": [
    -6.506104469299316,
    -0.1876937448978424,
    -0.9257782697677612
  ],
  "focal_length": 1474.2796630859375,
  "principal_point": [
    320.0,
    240.0
  ],
  "skew": 0.0,
  "pixel_aspect_ratio": 1.0,
  "radial_distortion": [
    0.057124994695186615,
    0.07796183973550797,
    0.0
  ],
  "tangential_distortion": [
    0.02577873319387436,
    -0.030609173700213432
  ],
  "image_size": [
    640,
    480
  ]
}