{
  "orientation": [
    [
      0.971169650554657,
      0.14615845680236816,
      -0.18832741677761078
    ],
    [
      -0.11094352602958679,
      0.9763403534889221,
      0.18560980260372162
    ],
    [
      0.21100009977817535,
      -0.15936489403247833,
      0.9644075036048889
    ]
  ],
  "position": [
    -8.231095314025879,
    -0.6765652298927307,
    -0.6896487474441528
  ],
  "focal_length": 1474.2796630859375,
  "principal_point": [
    320.0,
    240.0
  ],
  "skew": 0.0,
  "pixel_aspect_ratio": 1.0,
  "radial_distortion": [
    0.057124994695186615,
    0.07796183973550797,
    0.0
  ],
  "tangential_distortion": [
    0.02577873319387436,
    -0.030609173700213432
  ],
  "image_size": [
    640,
    480
  ]
}