{
  "orientation": [
    [
      0.9426087141036987,
      -0.14183498919010162,
      0.30227750539779663
    ],
    [
      0.057028014212846756,
      0.960379958152771,
      0.2727969288825989
    ],
    [
      -0.32899340987205505,
      -0.23990248143672943,
      0.9133510589599609
    ]
  ],
  "position": [
    0.0949278324842453,
    0.45699524879455566,
    -0.32538872957229614
  ],
  "focal_length": 1474.2796630859375,
  "principal_point": [
    320.0,
    240.0
  ],
  "skew": 0.0,
  "pixel_aspect_ratio": 1.0,
  "radial_distortion": [
    0.057124994695186615,
    0.07796183973550797,
    0.0
  ],
  "tangential_distortion": [
    0.02577873319387436,
    -0.030609173700213432
  ],
  "image_size": [
    640,
    480
  ]
}