{
  "orientation": [
    [
      0.7917929291725159,
      -0.30978766083717346,
      0.5263986587524414
    ],
    [
      0.14993131160736084,
      0.9340433478355408,
      0.32416602969169617
    ],
    [
      -0.5921018123626709,
      -0.17774872481822968,
      0.7860158085823059
    ]
  ],
  "position": [
    4.705232620239258,
    -1.1327216625213623,
    2.4860637187957764
  ],
  "focal_length": 1474.2796630859375,
  "principal_point": [
    320.0,
    240.0
  ],
  "skew": 0.0,
  "pixel_aspect_ratio": 1.0,
  "radial_distortion": [
    0.057124994695186615,
    0.07796183973550797,
    0.0
  ],
  "tangential_distortion": [
    0.02577873319387436,
    -0.030609173700213432
  ],
  "image_size": [
    640,
    480
  ]
}