{
  "orientation": [
    [
      0.8369241952896118,
      -0.2841673791408539,
      0.4677678942680359
    ],
    [
      0.16433599591255188,
      0.9456889033317566,
      0.2804749011993408
    ],
    [
      -0.522064745426178,
      -0.15786513686180115,
      0.8381688594818115
    ]
  ],
  "position": [
    2.824929714202881,
    -0.7771913409233093,
    1.7711758613586426
  ],
  "focal_length": 1474.2796630859375,
  "principal_point": [
    320.0,
    240.0
  ],
  "skew": 0.0,
  "pixel_aspect_ratio": 1.0,
  "radial_distortion": [
    0.057124994695186615,
    0.07796183973550797,
    0.0
  ],
  "tangential_distortion": [
    0.02577873319387436,
    -0.030609173700213432
  ],
  "image_size": [
    640,
    480
  ]
}