{
  "orientation": [
    [
      0.9976297616958618,
      0.06834380328655243,
      -0.00800101738423109
    ],
    [
      -0.06526583433151245,
      0.9766578078269958,
      0.20464573800563812
    ],
    [
      0.02180052362382412,
      -0.2036384791135788,
      0.9788033962249756
    ]
  ],
  "position": [
    -5.160991191864014,
    -0.23357628285884857,
    -1.2889848947525024
  ],
  "focal_length": 1474.2796630859375,
  "principal_point": [
    320.0,
    240.0
  ],
  "skew": 0.0,
  "pixel_aspect_ratio": 1.0,
  "radial_distortion": [
    0.057124994695186615,
    0.07796183973550797,
    0.0
  ],
  "tangential_distortion": [
    0.02577873319387436,
    -0.030609173700213432
  ],
  "image_size": [
    640,
    480
  ]
}