{
  "orientation": [
    [
      0.7859309315681458,
      -0.3071025609970093,
      0.5366568565368652
    ],
    [
      0.1419817954301834,
      0.9343788623809814,
      0.3267679214477539
    ],
    [
      -0.6017920970916748,
      -0.18062151968479156,
      0.7779602408409119
    ]
  ],
  "position": [
    4.706191539764404,
    -1.1389681100845337,
    2.52036714553833
  ],
  "focal_length": 1474.2796630859375,
  "principal_point": [
    320.0,
    240.0
  ],
  "skew": 0.0,
  "pixel_aspect_ratio": 1.0,
  "radial_distortion": [
    0.057124994695186615,
    0.07796183973550797,
    0.0
  ],
  "tangential_distortion": [
    0.02577873319387436,
    -0.030609173700213432
  ],
  "image_size": [
    640,
    480
  ]
}