{
  "orientation": [
    [
      0.9193755388259888,
      -0.19527378678321838,
      0.3414919972419739
    ],
    [
      0.09570596367120743,
      0.9530436396598816,
      0.2873119115829468
    ],
    [
      -0.3815612494945526,
      -0.23146472871303558,
      0.8948938846588135
    ]
  ],
  "position": [
    2.307940721511841,
    0.17841361463069916,
    0.4040367305278778
  ],
  "focal_length": 1474.2796630859375,
  "principal_point": [
    320.0,
    240.0
  ],
  "skew": 0.0,
  "pixel_aspect_ratio": 1.0,
  "radial_distortion": [
    0.057124994695186615,
    0.07796183973550797,
    0.0
  ],
  "tangential_distortion": [
    0.02577873319387436,
    -0.030609173700213432
  ],
  "image_size": [
    640,
    480
  ]
}