{
  "orientation": [
    [
      0.9811490774154663,
      -0.01621057279407978,
      0.19257131218910217
    ],
    [
      -0.03536185622215271,
      0.9645914435386658,
      0.26136723160743713
    ],
    [
      -0.18998956680297852,
      -0.2632499039173126,
      0.9458348155021667
    ]
  ],
  "position": [
    -0.7551507353782654,
    0.6202678084373474,
    -0.8448845148086548
  ],
  "focal_length": 1474.2796630859375,
  "principal_point": [
    320.0,
    240.0
  ],
  "skew": 0.0,
  "pixel_aspect_ratio": 1.0,
  "radial_distortion": [
    0.057124994695186615,
    0.07796183973550797,
    0.0
  ],
  "tangential_distortion": [
    0.02577873319387436,
    -0.030609173700213432
  ],
  "image_size": [
    640,
    480
  ]
}