{
  "orientation": [
    [
      0.7938552498817444,
      -0.2839159667491913,
      0.5377597808837891
    ],
    [
      0.12309527397155762,
      0.9410370588302612,
      0.31511396169662476
    ],
    [
      -0.5955177545547485,
      -0.18395918607711792,
      0.781995952129364
    ]
  ],
  "position": [
    4.683624744415283,
    -0.9849270582199097,
    2.4373083114624023
  ],
  "focal_length": 1474.2796630859375,
  "principal_point": [
    320.0,
    240.0
  ],
  "skew": 0.0,
  "pixel_aspect_ratio": 1.0,
  "radial_distortion": [
    0.057124994695186615,
    0.07796183973550797,
    0.0
  ],
  "tangential_distortion": [
    0.02577873319387436,
    -0.030609173700213432
  ],
  "image_size": [
    640,
    480
  ]
}