{
  "orientation": [
    [
      0.9928649067878723,
      0.09727100282907486,
      -0.0689755231142044
    ],
    [
      -0.08134876191616058,
      0.9754519462585449,
      0.2046358436346054
    ],
    [
      0.08718744665384293,
      -0.19756467640399933,
      0.9764049053192139
    ]
  ],
  "position": [
    -6.167928218841553,
    -0.18986806273460388,
    -0.9729004502296448
  ],
  "focal_length": 1474.2796630859375,
  "principal_point": [
    320.0,
    240.0
  ],
  "skew": 0.0,
  "pixel_aspect_ratio": 1.0,
  "radial_distortion": [
    0.057124994695186615,
    0.07796183973550797,
    0.0
  ],
  "tangential_distortion": [
    0.02577873319387436,
    -0.030609173700213432
  ],
  "image_size": [
    640,
    480
  ]
}