{
  "orientation": [
    [
      0.8759452700614929,
      -0.24806800484657288,
      0.4137415885925293
    ],
    [
      0.14114373922348022,
      0.9519125819206238,
      0.2719206213951111
    ],
    [
      -0.46130064129829407,
      -0.17979057133197784,
      0.8688366413116455
    ]
  ],
  "position": [
    2.010364055633545,
    -0.2929876744747162,
    1.2183972597122192
  ],
  "focal_length": 1474.2796630859375,
  "principal_point": [
    320.0,
    240.0
  ],
  "skew": 0.0,
  "pixel_aspect_ratio": 1.0,
  "radial_distortion": [
    0.057124994695186615,
    0.07796183973550797,
    0.0
  ],
  "tangential_distortion": [
    0.02577873319387436,
    -0.030609173700213432
  ],
  "image_size": [
    640,
    480
  ]
}