{
  "orientation": [
    [
      0.9368641972541809,
      -0.15123896300792694,
      0.31529709696769714
    ],
    [
      0.06383571028709412,
      0.9604539275169373,
      0.27102264761924744
    ],
    [
      -0.3438175320625305,
      -0.23378419876098633,
      0.9094693064689636
    ]
  ],
  "position": [
    0.3943873345851898,
    0.43468815088272095,
    -0.1675867885351181
  ],
  "focal_length": 1474.2796630859375,
  "principal_point": [
    320.0,
    240.0
  ],
  "skew": 0.0,
  "pixel_aspect_ratio": 1.0,
  "radial_distortion": [
    0.057124994695186615,
    0.07796183973550797,
    0.0
  ],
  "tangential_distortion": [
    0.02577873319387436,
    -0.030609173700213432
  ],
  "image_size": [
    640,
    480
  ]
}