{
  "orientation": [
    [
      0.8762416243553162,
      -0.256769061088562,
      0.4077625572681427
    ],
    [
      0.1437559872865677,
      0.946964681148529,
      0.2873884439468384
    ],
    [
      -0.4599291980266571,
      -0.193203404545784,
      0.8666819334030151
    ]
  ],
  "position": [
    3.158691644668579,
    -0.5786700248718262,
    1.5462301969528198
  ],
  "focal_length": 1474.2796630859375,
  "principal_point": [
    320.0,
    240.0
  ],
  "skew": 0.0,
  "pixel_aspect_ratio": 1.0,
  "radial_distortion": [
    0.057124994695186615,
    0.07796183973550797,
    0.0
  ],
  "tangential_distortion": [
    0.02577873319387436,
    -0.030609173700213432
  ],
  "image_size": [
    640,
    480
  ]
}