{
  "orientation": [
    [
      0.9831444025039673,
      -0.010930227115750313,
      0.1825036108493805
    ],
    [
      -0.037839122116565704,
      0.9644345641136169,
      0.26159927248954773
    ],
    [
      -0.17887212336063385,
      -0.26409563422203064,
      0.9477648735046387
    ]
  ],
  "position": [
    -0.9183349609375,
    0.6153014302253723,
    -0.8326690196990967
  ],
  "focal_length": 1474.2796630859375,
  "principal_point": [
    320.0,
    240.0
  ],
  "skew": 0.0,
  "pixel_aspect_ratio": 1.0,
  "radial_distortion": [
    0.057124994695186615,
    0.07796183973550797,
    0.0
  ],
  "tangential_distortion": [
    0.02577873319387436,
    -0.030609173700213432
  ],
  "image_size": [
    640,
    480
  ]
}