{
  "orientation": [
    [
      0.9976679086685181,
      0.030596893280744553,
      0.06101265922188759
    ],
    [
      -0.04319960996508598,
      0.9751307368278503,
      0.2173793762922287
    ],
    [
      -0.05284418910741806,
      -0.21950815618038177,
      0.9741784334182739
    ]
  ],
  "position": [
    -2.6875243186950684,
    0.03253823518753052,
    -1.3629215955734253
  ],
  "focal_length": 1474.2796630859375,
  "principal_point": [
    320.0,
    240.0
  ],
  "skew": 0.0,
  "pixel_aspect_ratio": 1.0,
  "radial_distortion": [
    0.057124994695186615,
    0.07796183973550797,
    0.0
  ],
  "tangential_distortion": [
    0.02577873319387436,
    -0.030609173700213432
  ],
  "image_size": [
    640,
    480
  ]
}