{
  "orientation": [
    [
      0.846526026725769,
      -0.27658694982528687,
      0.4548552632331848
    ],
    [
      0.16120997071266174,
      0.9475041031837463,
      0.27612924575805664
    ],
    [
      -0.5073509812355042,
      -0.1604233980178833,
      0.846675455570221
    ]
  ],
  "position": [
    2.6498444080352783,
    -0.7398754954338074,
    1.659356713294983
  ],
  "focal_length": 1474.2796630859375,
  "principal_point": [
    320.0,
    240.0
  ],
  "skew": 0.0,
  "pixel_aspect_ratio": 1.0,
  "radial_distortion": [
    0.057124994695186615,
    0.07796183973550797,
    0.0
  ],
  "tangential_distortion": [
    0.02577873319387436,
    -0.030609173700213432
  ],
  "image_size": [
    640,
    480
  ]
}