{
  "orientation": [
    [
      0.9703789949417114,
      -0.033894315361976624,
      0.2391982227563858
    ],
    [
      -0.02573929727077484,
      0.969968855381012,
      0.2418634295463562
    ],
    [
      -0.24021261930465698,
      -0.24085599184036255,
      0.9403649568557739
    ]
  ],
  "position": [
    -1.3252989053726196,
    0.5735110640525818,
    -0.871952474117279
  ],
  "focal_length": 1474.2796630859375,
  "principal_point": [
    320.0,
    240.0
  ],
  "skew": 0.0,
  "pixel_aspect_ratio": 1.0,
  "radial_distortion": [
    0.057124994695186615,
    0.07796183973550797,
    0.0
  ],
  "tangential_distortion": [
    0.02577873319387436,
    -0.030609173700213432
  ],
  "image_size": [
    640,
    480
  ]
}