{
  "orientation": [
    [
      0.8544221520423889,
      -0.21026365458965302,
      0.47513362765312195
    ],
    [
      0.08577203750610352,
      0.958991289138794,
      0.27014607191085815
    ],
    [
      -0.5124509334564209,
      -0.19006560742855072,
      0.8374181389808655
    ]
  ],
  "position": [
    3.407012462615967,
    -0.39707237482070923,
    1.2921596765518188
  ],
  "focal_length": 1474.2796630859375,
  "principal_point": [
    320.0,
    240.0
  ],
  "skew": 0.0,
  "pixel_aspect_ratio": 1.0,
  "radial_distortion": [
    0.057124994695186615,
    0.07796183973550797,
    0.0
  ],
  "tangential_distortion": [
    0.02577873319387436,
    -0.030609173700213432
  ],
  "image_size": [
    640,
    480
  ]
}