{
  "orientation": [
    [
      0.7918056845664978,
      -0.27511632442474365,
      0.5453024506568909
    ],
    [
      0.12566551566123962,
      0.9470875859260559,
      0.2953527867794037
    ],
    [
      -0.5977055430412292,
      -0.16533629596233368,
      0.7844820022583008
    ]
  ],
  "position": [
    3.5871002674102783,
    -0.6924915313720703,
    1.9856326580047607
  ],
  "focal_length": 1474.2796630859375,
  "principal_point": [
    320.0,
    240.0
  ],
  "skew": 0.0,
  "pixel_aspect_ratio": 1.0,
  "radial_distortion": [
    0.057124994695186615,
    0.07796183973550797,
    0.0
  ],
  "tangential_distortion": [
    0.02577873319387436,
    -0.030609173700213432
  ],
  "image_size": [
    640,
    480
  ]
}