{
  "orientation": [
    [
      0.9862412810325623,
      0.12477175146341324,
      -0.10844442248344421
    ],
    [
      -0.10167010128498077,
      0.9750686287879944,
      0.19724178314208984
    ],
    [
      0.1303509622812271,
      -0.1835024207830429,
      0.9743384718894958
    ]
  ],
  "position": [
    -6.9446797370910645,
    -0.20024175941944122,
    -1.003265619277954
  ],
  "focal_length": 1474.2796630859375,
  "principal_point": [
    320.0,
    240.0
  ],
  "skew": 0.0,
  "pixel_aspect_ratio": 1.0,
  "radial_distortion": [
    0.057124994695186615,
    0.07796183973550797,
    0.0
  ],
  "tangential_distortion": [
    0.02577873319387436,
    -0.030609173700213432
  ],
  "image_size": [
    640,
    480
  ]
}