{
  "orientation": [
    [
      0.9963340163230896,
      0.07938747853040695,
      -0.03187679499387741
    ],
    [
      -0.07037248462438583,
      0.9724422693252563,
      0.22226954996585846
    ],
    [
      0.04864376410841942,
      -0.21921147406101227,
      0.9744639992713928
    ]
  ],
  "position": [
    -4.311099052429199,
    -0.057374257594347,
    -1.492416262626648
  ],
  "focal_length": 1474.2796630859375,
  "principal_point": [
    320.0,
    240.0
  ],
  "skew": 0.0,
  "pixel_aspect_ratio": 1.0,
  "radial_distortion": [
    0.057124994695186615,
    0.07796183973550797,
    0.0
  ],
  "tangential_distortion": [
    0.02577873319387436,
    -0.030609173700213432
  ],
  "image_size": [
    640,
    480
  ]
}