{
  "orientation": [
    [
      0.9945973753929138,
      0.08792241662740707,
      -0.05518818274140358
    ],
    [
      -0.07370264828205109,
      0.9724783301353455,
      0.22102895379066467
    ],
    [
      0.07310271263122559,
      -0.2157672941684723,
      0.9737045168876648
    ]
  ],
  "position": [
    -4.688467025756836,
    -0.003050620434805751,
    -1.38912832736969
  ],
  "focal_length": 1474.2796630859375,
  "principal_point": [
    320.0,
    240.0
  ],
  "skew": 0.0,
  "pixel_aspect_ratio": 1.0,
  "radial_distortion": [
    0.057124994695186615,
    0.07796183973550797,
    0.0
  ],
  "tangential_distortion": [
    0.02577873319387436,
    -0.030609173700213432
  ],
  "image_size": [
    640,
    480
  ]
}