{
  "orientation": [
    [
      0.7858918905258179,
      -0.30589887499809265,
      0.5374009609222412
    ],
    [
      0.14057737588882446,
      0.9346961975097656,
      0.3264674246311188
    ],
    [
      -0.6021726727485657,
      -0.18102169036865234,
      0.7775726318359375
    ]
  ],
  "position": [
    4.702656269073486,
    -1.1282036304473877,
    2.5238327980041504
  ],
  "focal_length": 1474.2796630859375,
  "principal_point": [
    320.0,
    240.0
  ],
  "skew": 0.0,
  "pixel_aspect_ratio": 1.0,
  "radial_distortion": [
    0.057124994695186615,
    0.07796183973550797,
    0.0
  ],
  "tangential_distortion": [
    0.02577873319387436,
    -0.030609173700213432
  ],
  "image_size": [
    640,
    480
  ]
}