{
  "orientation": [
    [
      0.9527066349983215,
      -0.08861623704433441,
      0.2906840741634369
    ],
    [
      0.014735051430761814,
      0.9688843488693237,
      0.24707478284835815
    ],
    [
      -0.3035341203212738,
      -0.23110653460025787,
      0.9243683218955994
    ]
  ],
  "position": [
    0.9185152053833008,
    0.4666516184806824,
    -0.6507689952850342
  ],
  "focal_length": 1474.2796630859375,
  "principal_point": [
    320.0,
    240.0
  ],
  "skew": 0.0,
  "pixel_aspect_ratio": 1.0,
  "radial_distortion": [
    0.057124994695186615,
    0.07796183973550797,
    0.0
  ],
  "tangential_distortion": [
    0.02577873319387436,
    -0.030609173700213432
  ],
  "image_size": [
    640,
    480
  ]
}