{
  "orientation": [
    [
      0.9948235154151917,
      0.07700235396623611,
      0.06630874425172806
    ],
    [
      -0.091658815741539,
      0.9616883397102356,
      0.2583683431148529
    ],
    [
      -0.0438733734190464,
      -0.2631087005138397,
      0.9637681245803833
    ]
  ],
  "position": [
    -2.967747688293457,
    0.31612807512283325,
    -1.2462764978408813
  ],
  "focal_length": 1474.2796630859375,
  "principal_point": [
    320.0,
    240.0
  ],
  "skew": 0.0,
  "pixel_aspect_ratio": 1.0,
  "radial_distortion": [
    0.057124994695186615,
    0.07796183973550797,
    0.0
  ],
  "tangential_distortion": [
    0.02577873319387436,
    -0.030609173700213432
  ],
  "image_size": [
    640,
    480
  ]
}