{
  "orientation": [
    [
      0.9504050016403198,
      -0.08309320360422134,
      0.2997095286846161
    ],
    [
      0.011746239848434925,
      0.9725522994995117,
      0.2323876917362213
    ],
    [
      -0.3107930123806,
      -0.21734197437763214,
      0.9252946376800537
    ]
  ],
  "position": [
    -0.28613990545272827,
    0.48659974336624146,
    -0.762249231338501
  ],
  "focal_length": 1474.2796630859375,
  "principal_point": [
    320.0,
    240.0
  ],
  "skew": 0.0,
  "pixel_aspect_ratio": 1.0,
  "radial_distortion": [
    0.057124994695186615,
    0.07796183973550797,
    0.0
  ],
  "tangential_distortion": [
    0.02577873319387436,
    -0.030609173700213432
  ],
  "image_size": [
    640,
    480
  ]
}