{
  "orientation": [
    [
      0.863338053226471,
      -0.19081345200538635,
      0.46715909242630005
    ],
    [
      0.08112499862909317,
      0.9661933183670044,
      0.24472260475158691
    ],
    [
      -0.4980623722076416,
      -0.1733800619840622,
      0.8496312499046326
    ]
  ],
  "position": [
    1.8825739622116089,
    -0.1042637974023819,
    0.7709084749221802
  ],
  "focal_length": 1474.2796630859375,
  "principal_point": [
    320.0,
    240.0
  ],
  "skew": 0.0,
  "pixel_aspect_ratio": 1.0,
  "radial_distortion": [
    0.057124994695186615,
    0.07796183973550797,
    0.0
  ],
  "tangential_distortion": [
    0.02577873319387436,
    -0.030609173700213432
  ],
  "image_size": [
    640,
    480
  ]
}