{
  "orientation": [
    [
      0.9862215518951416,
      -0.0374954491853714,
      0.16112445294857025
    ],
    [
      -0.015028029680252075,
      0.9496418833732605,
      0.31297680735588074
    ],
    [
      -0.1647457331418991,
      -0.31108585000038147,
      0.9359937906265259
    ]
  ],
  "position": [
    -0.9870693683624268,
    1.272038221359253,
    -0.7017346620559692
  ],
  "focal_length": 1474.2796630859375,
  "principal_point": [
    320.0,
    240.0
  ],
  "skew": 0.0,
  "pixel_aspect_ratio": 1.0,
  "radial_distortion": [
    0.057124994695186615,
    0.07796183973550797,
    0.0
  ],
  "tangential_distortion": [
    0.02577873319387436,
    -0.030609173700213432
  ],
  "image_size": [
    640,
    480
  ]
}