{
  "orientation": [
    [
      0.9958668351173401,
      0.020634906366467476,
      0.08845020085573196
    ],
    [
      -0.03989590331912041,
      0.9742521047592163,
      0.221903458237648
    ],
    [
      -0.0815938413143158,
      -0.22451509535312653,
      0.9710485935211182
    ]
  ],
  "position": [
    -2.171487808227539,
    0.15975528955459595,
    -1.2878243923187256
  ],
  "focal_length": 1474.2796630859375,
  "principal_point": [
    320.0,
    240.0
  ],
  "skew": 0.0,
  "pixel_aspect_ratio": 1.0,
  "radial_distortion": [
    0.057124994695186615,
    0.07796183973550797,
    0.0
  ],
  "tangential_distortion": [
    0.02577873319387436,
    -0.030609173700213432
  ],
  "image_size": [
    640,
    480
  ]
}