{
  "orientation": [
    [
      0.8551026582717896,
      -0.2679305672645569,
      0.4438610076904297
    ],
    [
      0.15561048686504364,
      0.9492780566215515,
      0.27323344349861145
    ],
    [
      -0.49455511569976807,
      -0.16457322239875793,
      0.8534230589866638
    ]
  ],
  "position": [
    2.4783473014831543,
    -0.6632384061813354,
    1.5744454860687256
  ],
  "focal_length": 1474.2796630859375,
  "principal_point": [
    320.0,
    240.0
  ],
  "skew": 0.0,
  "pixel_aspect_ratio": 1.0,
  "radial_distortion": [
    0.057124994695186615,
    0.07796183973550797,
    0.0
  ],
  "tangential_distortion": [
    0.02577873319387436,
    -0.030609173700213432
  ],
  "image_size": [
    640,
    480
  ]
}