{
  "orientation": [
    [
      0.8786718249320984,
      -0.2451241910457611,
      0.40969496965408325
    ],
    [
      0.1388608068227768,
      0.9522474408149719,
      0.2719237506389618
    ],
    [
      -0.45678606629371643,
      -0.18204116821289062,
      0.870751142501831
    ]
  ],
  "position": [
    1.9565638303756714,
    -0.24127085506916046,
    1.1639665365219116
  ],
  "focal_length": 1474.2796630859375,
  "principal_point": [
    320.0,
    240.0
  ],
  "skew": 0.0,
  "pixel_aspect_ratio": 1.0,
  "radial_distortion": [
    0.057124994695186615,
    0.07796183973550797,
    0.0
  ],
  "tangential_distortion": [
    0.02577873319387436,
    -0.030609173700213432
  ],
  "image_size": [
    640,
    480
  ]
}