{
  "orientation": [
    [
      0.924261212348938,
      -0.17974986135959625,
      0.3367954194545746
    ],
    [
      0.08743353188037872,
      0.9584357738494873,
      0.27158108353614807
    ],
    [
      -0.37161344289779663,
      -0.2215646505355835,
      0.9015612006187439
    ]
  ],
  "position": [
    0.9516969919204712,
    0.39656248688697815,
    0.06710471212863922
  ],
  "focal_length": 1474.2796630859375,
  "principal_point": [
    320.0,
    240.0
  ],
  "skew": 0.0,
  "pixel_aspect_ratio": 1.0,
  "radial_distortion": [
    0.057124994695186615,
    0.07796183973550797,
    0.0
  ],
  "tangential_distortion": [
    0.02577873319387436,
    -0.030609173700213432
  ],
  "image_size": [
    640,
    480
  ]
}