{
  "orientation": [
    [
      0.9386945962905884,
      -0.10414519906044006,
      0.32864293456077576
    ],
    [
      0.028599705547094345,
      0.9735180735588074,
      0.22681406140327454
    ],
    [
      -0.34356144070625305,
      -0.20351004600524902,
      0.9168146848678589
    ]
  ],
  "position": [
    0.1698126494884491,
    0.444181889295578,
    -0.3764011263847351
  ],
  "focal_length": 1474.2796630859375,
  "principal_point": [
    320.0,
    240.0
  ],
  "skew": 0.0,
  "pixel_aspect_ratio": 1.0,
  "radial_distortion": [
    0.057124994695186615,
    0.07796183973550797,
    0.0
  ],
  "tangential_distortion": [
    0.02577873319387436,
    -0.030609173700213432
  ],
  "image_size": [
    640,
    480
  ]
}