{
  "orientation": [
    [
      0.7808522582054138,
      -0.3029056787490845,
      0.5463679432868958
    ],
    [
      0.14816142618656158,
      0.9394275546073914,
      0.3090696334838867
    ],
    [
      -0.6068920493125916,
      -0.1603870689868927,
      0.7784330248832703
    ]
  ],
  "position": [
    3.6351616382598877,
    -0.8858807682991028,
    2.1354212760925293
  ],
  "focal_length": 1474.2796630859375,
  "principal_point": [
    320.0,
    240.0
  ],
  "skew": 0.0,
  "pixel_aspect_ratio": 1.0,
  "radial_distortion": [
    0.057124994695186615,
    0.07796183973550797,
    0.0
  ],
  "tangential_distortion": [
    0.02577873319387436,
    -0.030609173700213432
  ],
  "image_size": [
    640,
    480
  ]
}