{
  "orientation": [
    [
      0.790375828742981,
      -0.30922847986221313,
      0.5288513898849487
    ],
    [
      0.14839458465576172,
      0.9341874718666077,
      0.32445767521858215
    ],
    [
      -0.5943779349327087,
      -0.17796482145786285,
      0.7842470407485962
    ]
  ],
  "position": [
    4.720322132110596,
    -1.1383355855941772,
    2.499817371368408
  ],
  "focal_length": 1474.2796630859375,
  "principal_point": [
    320.0,
    240.0
  ],
  "skew": 0.0,
  "pixel_aspect_ratio": 1.0,
  "radial_distortion": [
    0.057124994695186615,
    0.07796183973550797,
    0.0
  ],
  "tangential_distortion": [
    0.02577873319387436,
    -0.030609173700213432
  ],
  "image_size": [
    640,
    480
  ]
}