{
  "orientation": [
    [
      0.9469706416130066,
      -0.1395837664604187,
      0.28941839933395386
    ],
    [
      0.052349407225847244,
      0.9557029008865356,
      0.2896403968334198
    ],
    [
      -0.31702709197998047,
      -0.25913006067276,
      0.9123296737670898
    ]
  ],
  "position": [
    1.14229154586792,
    0.39566099643707275,
    -0.20991076529026031
  ],
  "focal_length": 1474.2796630859375,
  "principal_point": [
    320.0,
    240.0
  ],
  "skew": 0.0,
  "pixel_aspect_ratio": 1.0,
  "radial_distortion": [
    0.057124994695186615,
    0.07796183973550797,
    0.0
  ],
  "tangential_distortion": [
    0.02577873319387436,
    -0.030609173700213432
  ],
  "image_size": [
    640,
    480
  ]
}