{
  "orientation": [
    [
      0.8236873745918274,
      -0.29343846440315247,
      0.48521438241004944
    ],
    [
      0.16778017580509186,
      0.9434963464736938,
      0.2857699990272522
    ],
    [
      -0.5416539311408997,
      -0.15397578477859497,
      0.8263791799545288
    ]
  ],
  "position": [
    3.055615186691284,
    -0.7764634490013123,
    1.9067506790161133
  ],
  "focal_length": 1474.2796630859375,
  "principal_point": [
    320.0,
    240.0
  ],
  "skew": 0.0,
  "pixel_aspect_ratio": 1.0,
  "radial_distortion": [
    0.057124994695186615,
    0.07796183973550797,
    0.0
  ],
  "tangential_distortion": [
    0.02577873319387436,
    -0.030609173700213432
  ],
  "image_size": [
    640,
    480
  ]
}