{
  "orientation": [
    [
      0.8078144192695618,
      -0.25650298595428467,
      0.5306995511054993
    ],
    [
      0.11567063629627228,
      0.9518284797668457,
      0.2839769124984741
    ],
    [
      -0.577975869178772,
      -0.1680143028497696,
      0.7985706329345703
    ]
  ],
  "position": [
    3.2190468311309814,
    -0.6226401925086975,
    1.6029387712478638
  ],
  "focal_length": 1474.2796630859375,
  "principal_point": [
    320.0,
    240.0
  ],
  "skew": 0.0,
  "pixel_aspect_ratio": 1.0,
  "radial_distortion": [
    0.057124994695186615,
    0.07796183973550797,
    0.0
  ],
  "tangential_distortion": [
    0.02577873319387436,
    -0.030609173700213432
  ],
  "image_size": [
    640,
    480
  ]
}