{
  "orientation": [
    [
      0.9935706853866577,
      0.0616002231836319,
      0.0949878916144371
    ],
    [
      -0.08420690894126892,
      0.9629092216491699,
      0.25634947419166565
    ],
    [
      -0.07567352801561356,
      -0.2626999616622925,
      0.9619055390357971
    ]
  ],
  "position": [
    -2.6014561653137207,
    0.3167373239994049,
    -1.1089133024215698
  ],
  "focal_length": 1474.2796630859375,
  "principal_point": [
    320.0,
    240.0
  ],
  "skew": 0.0,
  "pixel_aspect_ratio": 1.0,
  "radial_distortion": [
    0.057124994695186615,
    0.07796183973550797,
    0.0
  ],
  "tangential_distortion": [
    0.02577873319387436,
    -0.030609173700213432
  ],
  "image_size": [
    640,
    480
  ]
}