{
  "orientation": [
    [
      0.9869414567947388,
      0.000990272150374949,
      0.16107623279094696
    ],
    [
      -0.04393410310149193,
      0.9637221097946167,
      0.2632668912410736
    ],
    [
      -0.15497201681137085,
      -0.2669057548046112,
      0.9511808156967163
    ]
  ],
  "position": [
    -1.2630845308303833,
    0.6371731758117676,
    -0.8048669099807739
  ],
  "focal_length": 1474.2796630859375,
  "principal_point": [
    320.0,
    240.0
  ],
  "skew": 0.0,
  "pixel_aspect_ratio": 1.0,
  "radial_distortion": [
    0.057124994695186615,
    0.07796183973550797,
    0.0
  ],
  "tangential_distortion": [
    0.02577873319387436,
    -0.030609173700213432
  ],
  "image_size": [
    640,
    480
  ]
}