{
  "orientation": [
    [
      0.9737467169761658,
      0.13998118042945862,
      -0.1795065999031067
    ],
    [
      -0.1030081957578659,
      0.9741806983947754,
      0.20090113580226898
    ],
    [
      0.20299425721168518,
      -0.17713616788387299,
      0.9630244374275208
    ]
  ],
  "position": [
    -6.877257347106934,
    -0.34550297260284424,
    -1.261040449142456
  ],
  "focal_length": 1474.2796630859375,
  "principal_point": [
    320.0,
    240.0
  ],
  "skew": 0.0,
  "pixel_aspect_ratio": 1.0,
  "radial_distortion": [
    0.057124994695186615,
    0.07796183973550797,
    0.0
  ],
  "tangential_distortion": [
    0.02577873319387436,
    -0.030609173700213432
  ],
  "image_size": [
    640,
    480
  ]
}