{
  "orientation": [
    [
      0.8077764511108398,
      -0.2998124063014984,
      0.5075526833534241
    ],
    [
      0.1637514978647232,
      0.9412415623664856,
      0.29538071155548096
    ],
    [
      -0.5662884712219238,
      -0.15548907220363617,
      0.8094074726104736
    ]
  ],
  "position": [
    3.3603453636169434,
    -0.7425154447555542,
    2.027416706085205
  ],
  "focal_length": 1474.2796630859375,
  "principal_point": [
    320.0,
    240.0
  ],
  "skew": 0.0,
  "pixel_aspect_ratio": 1.0,
  "radial_distortion": [
    0.057124994695186615,
    0.07796183973550797,
    0.0
  ],
  "tangential_distortion": [
    0.02577873319387436,
    -0.030609173700213432
  ],
  "image_size": [
    640,
    480
  ]
}