{
  "orientation": [
    [
      0.9862847924232483,
      0.11986434459686279,
      -0.11346715688705444
    ],
    [
      -0.09441234916448593,
      0.9735974669456482,
      0.20783239603042603
    ],
    [
      0.1353830248117447,
      -0.19426922500133514,
      0.971561074256897
    ]
  ],
  "position": [
    -5.786572456359863,
    -0.010789974592626095,
    -1.4600721597671509
  ],
  "focal_length": 1474.2796630859375,
  "principal_point": [
    320.0,
    240.0
  ],
  "skew": 0.0,
  "pixel_aspect_ratio": 1.0,
  "radial_distortion": [
    0.057124994695186615,
    0.07796183973550797,
    0.0
  ],
  "tangential_distortion": [
    0.02577873319387436,
    -0.030609173700213432
  ],
  "image_size": [
    640,
    480
  ]
}