{
  "orientation": [
    [
      0.9017574787139893,
      -0.14360621571540833,
      0.4076894521713257
    ],
    [
      0.05266644433140755,
      0.9726730585098267,
      0.22612686455249786
    ],
    [
      -0.4290217459201813,
      -0.18244004249572754,
      0.8846784234046936
    ]
  ],
  "position": [
    1.0058032274246216,
    0.014155852608382702,
    0.24774719774723053
  ],
  "focal_length": 1474.2796630859375,
  "principal_point": [
    320.0,
    240.0
  ],
  "skew": 0.0,
  "pixel_aspect_ratio": 1.0,
  "radial_distortion": [
    0.057124994695186615,
    0.07796183973550797,
    0.0
  ],
  "tangential_distortion": [
    0.02577873319387436,
    -0.030609173700213432
  ],
  "image_size": [
    640,
    480
  ]
}