{
  "orientation": [
    [
      0.9242023229598999,
      -0.13264501094818115,
      0.3581275939941406
    ],
    [
      0.04527811333537102,
      0.9691879153251648,
      0.24212542176246643
    ],
    [
      -0.3792096674442291,
      -0.2075575441122055,
      0.9017316102981567
    ]
  ],
  "position": [
    1.7279146909713745,
    0.12377378344535828,
    0.2627970278263092
  ],
  "focal_length": 1474.2796630859375,
  "principal_point": [
    320.0,
    240.0
  ],
  "skew": 0.0,
  "pixel_aspect_ratio": 1.0,
  "radial_distortion": [
    0.057124994695186615,
    0.07796183973550797,
    0.0
  ],
  "tangential_distortion": [
    0.02577873319387436,
    -0.030609173700213432
  ],
  "image_size": [
    640,
    480
  ]
}