{
  "orientation": [
    [
      0.9915788173675537,
      0.0036370838060975075,
      0.12945373356342316
    ],
    [
      -0.03739730268716812,
      0.965062141418457,
      0.2593386769294739
    ],
    [
      -0.12398765981197357,
      -0.26199594140052795,
      0.9570711255073547
    ]
  ],
  "position": [
    -2.833542823791504,
    0.7890483736991882,
    -1.00601327419281
  ],
  "focal_length": 1474.2796630859375,
  "principal_point": [
    320.0,
    240.0
  ],
  "skew": 0.0,
  "pixel_aspect_ratio": 1.0,
  "radial_distortion": [
    0.057124994695186615,
    0.07796183973550797,
    0.0
  ],
  "tangential_distortion": [
    0.02577873319387436,
    -0.030609173700213432
  ],
  "image_size": [
    640,
    480
  ]
}