{
  "orientation": [
    [
      0.9652689099311829,
      -0.05030587688088417,
      0.25636938214302063
    ],
    [
      -0.0132625512778759,
      0.9705862998962402,
      0.24038799107074738
    ],
    [
      -0.26092153787612915,
      -0.23543916642665863,
      0.9362095594406128
    ]
  ],
  "position": [
    -0.9959341287612915,
    0.5652170777320862,
    -0.8748215436935425
  ],
  "focal_length": 1474.2796630859375,
  "principal_point": [
    320.0,
    240.0
  ],
  "skew": 0.0,
  "pixel_aspect_ratio": 1.0,
  "radial_distortion": [
    0.057124994695186615,
    0.07796183973550797,
    0.0
  ],
  "tangential_distortion": [
    0.02577873319387436,
    -0.030609173700213432
  ],
  "image_size": [
    640,
    480
  ]
}