{
  "orientation": [
    [
      0.9056938886642456,
      -0.2079709768295288,
      0.36941397190093994
    ],
    [
      0.10956374555826187,
      0.956623911857605,
      0.26993781328201294
    ],
    [
      -0.4095294773578644,
      -0.2040066421031952,
      0.8891945481300354
    ]
  ],
  "position": [
    1.4320684671401978,
    0.20564967393875122,
    0.4867672622203827
  ],
  "focal_length": 1474.2796630859375,
  "principal_point": [
    320.0,
    240.0
  ],
  "skew": 0.0,
  "pixel_aspect_ratio": 1.0,
  "radial_distortion": [
    0.057124994695186615,
    0.07796183973550797,
    0.0
  ],
  "tangential_distortion": [
    0.02577873319387436,
    -0.030609173700213432
  ],
  "image_size": [
    640,
    480
  ]
}