{
  "orientation": [
    [
      0.7883333563804626,
      -0.29662078619003296,
      0.539023756980896
    ],
    [
      0.13238529860973358,
      0.9373661279678345,
      0.3222094178199768
    ],
    [
      -0.6008366346359253,
      -0.18264959752559662,
      0.7782251834869385
    ]
  ],
  "position": [
    4.710305213928223,
    -1.081261157989502,
    2.487032413482666
  ],
  "focal_length": 1474.2796630859375,
  "principal_point": [
    320.0,
    240.0
  ],
  "skew": 0.0,
  "pixel_aspect_ratio": 1.0,
  "radial_distortion": [
    0.057124994695186615,
    0.07796183973550797,
    0.0
  ],
  "tangential_distortion": [
    0.02577873319387436,
    -0.030609173700213432
  ],
  "image_size": [
    640,
    480
  ]
}