{
  "orientation": [
    [
      0.9973977208137512,
      0.07077734917402267,
      -0.013722682371735573
    ],
    [
      -0.0664733424782753,
      0.9764968156814575,
      0.20502497255802155
    ],
    [
      0.02791127935051918,
      -0.20357924699783325,
      0.978660523891449
    ]
  ],
  "position": [
    -5.266035556793213,
    -0.2516404390335083,
    -1.274513602256775
  ],
  "focal_length": 1474.2796630859375,
  "principal_point": [
    320.0,
    240.0
  ],
  "skew": 0.0,
  "pixel_aspect_ratio": 1.0,
  "radial_distortion": [
    0.057124994695186615,
    0.07796183973550797,
    0.0
  ],
  "tangential_distortion": [
    0.02577873319387436,
    -0.030609173700213432
  ],
  "image_size": [
    640,
    480
  ]
}