{
  "orientation": [
    [
      0.9572799205780029,
      -0.11908748745918274,
      0.2635020315647125
    ],
    [
      0.03916739299893379,
      0.9562605619430542,
      0.2898820638656616
    ],
    [
      -0.28649792075157166,
      -0.2671775817871094,
      0.920073390007019
    ]
  ],
  "position": [
    0.5985345244407654,
    0.5237753987312317,
    -0.4242344796657562
  ],
  "focal_length": 1474.2796630859375,
  "principal_point": [
    320.0,
    240.0
  ],
  "skew": 0.0,
  "pixel_aspect_ratio": 1.0,
  "radial_distortion": [
    0.057124994695186615,
    0.07796183973550797,
    0.0
  ],
  "tangential_distortion": [
    0.02577873319387436,
    -0.030609173700213432
  ],
  "image_size": [
    640,
    480
  ]
}