{
  "orientation": [
    [
      0.9966811537742615,
      0.07690296322107315,
      -0.026694541797041893
    ],
    [
      -0.06908491253852844,
      0.972525417804718,
      0.22230975329875946
    ],
    [
      0.0430574007332325,
      -0.2197277545928955,
      0.9746105670928955
    ]
  ],
  "position": [
    -4.22416877746582,
    -0.061785005033016205,
    -1.5117133855819702
  ],
  "focal_length": 1474.2796630859375,
  "principal_point": [
    320.0,
    240.0
  ],
  "skew": 0.0,
  "pixel_aspect_ratio": 1.0,
  "radial_distortion": [
    0.057124994695186615,
    0.07796183973550797,
    0.0
  ],
  "tangential_distortion": [
    0.02577873319387436,
    -0.030609173700213432
  ],
  "image_size": [
    640,
    480
  ]
}