{
  "orientation": [
    [
      0.9945064783096313,
      0.012711578980088234,
      0.10390015691518784
    ],
    [
      -0.038255590945482254,
      0.968072235584259,
      0.24773500859737396
    ],
    [
      -0.09743375331163406,
      -0.250348836183548,
      0.9632404446601868
    ]
  ],
  "position": [
    -1.9125467538833618,
    0.5270361304283142,
    -1.237941861152649
  ],
  "focal_length": 1474.2796630859375,
  "principal_point": [
    320.0,
    240.0
  ],
  "skew": 0.0,
  "pixel_aspect_ratio": 1.0,
  "radial_distortion": [
    0.057124994695186615,
    0.07796183973550797,
    0.0
  ],
  "tangential_distortion": [
    0.02577873319387436,
    -0.030609173700213432
  ],
  "image_size": [
    640,
    480
  ]
}