{
  "orientation": [
    [
      0.8803160190582275,
      -0.17792432010173798,
      0.43975746631622314
    ],
    [
      0.06932138651609421,
      0.9652968645095825,
      0.25178664922714233
    ],
    [
      -0.469295471906662,
      -0.1911672204732895,
      0.8621002435684204
    ]
  ],
  "position": [
    2.6837387084960938,
    -0.1377997249364853,
    0.8215343952178955
  ],
  "focal_length": 1474.2796630859375,
  "principal_point": [
    320.0,
    240.0
  ],
  "skew": 0.0,
  "pixel_aspect_ratio": 1.0,
  "radial_distortion": [
    0.057124994695186615,
    0.07796183973550797,
    0.0
  ],
  "tangential_distortion": [
    0.02577873319387436,
    -0.030609173700213432
  ],
  "image_size": [
    640,
    480
  ]
}