{
  "orientation": [
    [
      0.989241361618042,
      0.11383480578660965,
      -0.091886505484581
    ],
    [
      -0.09343955665826797,
      0.9749462604522705,
      0.20186354219913483
    ],
    [
      0.11256350576877594,
      -0.1911059319972992,
      0.9750938415527344
    ]
  ],
  "position": [
    -6.585269451141357,
    -0.17647995054721832,
    -0.9173707365989685
  ],
  "focal_length": 1474.2796630859375,
  "principal_point": [
    320.0,
    240.0
  ],
  "skew": 0.0,
  "pixel_aspect_ratio": 1.0,
  "radial_distortion": [
    0.057124994695186615,
    0.07796183973550797,
    0.0
  ],
  "tangential_distortion": [
    0.02577873319387436,
    -0.030609173700213432
  ],
  "image_size": [
    640,
    480
  ]
}