{
  "orientation": [
    [
      0.9875438809394836,
      0.11742307245731354,
      -0.10473276674747467
    ],
    [
      -0.09310600906610489,
      0.9726864099502563,
      0.2126321792602539
    ],
    [
      0.12684005498886108,
      -0.2002323567867279,
      0.9715032577514648
    ]
  ],
  "position": [
    -5.623348236083984,
    0.036903537809848785,
    -1.41439950466156
  ],
  "focal_length": 1474.2796630859375,
  "principal_point": [
    320.0,
    240.0
  ],
  "skew": 0.0,
  "pixel_aspect_ratio": 1.0,
  "radial_distortion": [
    0.057124994695186615,
    0.07796183973550797,
    0.0
  ],
  "tangential_distortion": [
    0.02577873319387436,
    -0.030609173700213432
  ],
  "image_size": [
    640,
    480
  ]
}