{
  "orientation": [
    [
      0.9780621528625488,
      -0.056361518800258636,
      0.2005436271429062
    ],
    [
      -0.0001458512560930103,
      0.9625172019004822,
      0.27122068405151367
    ],
    [
      -0.20831309258937836,
      -0.2652999460697174,
      0.9413934350013733
    ]
  ],
  "position": [
    -1.6281291246414185,
    0.8097595572471619,
    -0.7800467014312744
  ],
  "focal_length": 1474.2796630859375,
  "principal_point": [
    320.0,
    240.0
  ],
  "skew": 0.0,
  "pixel_aspect_ratio": 1.0,
  "radial_distortion": [
    0.057124994695186615,
    0.07796183973550797,
    0.0
  ],
  "tangential_distortion": [
    0.02577873319387436,
    -0.030609173700213432
  ],
  "image_size": [
    640,
    480
  ]
}