{
  "orientation": [
    [
      0.9503725171089172,
      -0.13343846797943115,
      0.28104501962661743
    ],
    [
      0.04831680282950401,
      0.9556935429573059,
      0.29037100076675415
    ],
    [
      -0.3073395788669586,
      -0.2623814046382904,
      0.9147121906280518
    ]
  ],
  "position": [
    0.9493371248245239,
    0.43022575974464417,
    -0.3110660910606384
  ],
  "focal_length": 1474.2796630859375,
  "principal_point": [
    320.0,
    240.0
  ],
  "skew": 0.0,
  "pixel_aspect_ratio": 1.0,
  "radial_distortion": [
    0.057124994695186615,
    0.07796183973550797,
    0.0
  ],
  "tangential_distortion": [
    0.02577873319387436,
    -0.030609173700213432
  ],
  "image_size": [
    640,
    480
  ]
}