{
  "orientation": [
    [
      0.9930140972137451,
      -0.0004361658066045493,
      0.11799518764019012
    ],
    [
      -0.03344864025712013,
      0.957933247089386,
      0.28503525257110596
    ],
    [
      -0.11315583437681198,
      -0.28699079155921936,
      0.9512265920639038
    ]
  ],
  "position": [
    -1.6546428203582764,
    1.0396190881729126,
    -1.0860316753387451
  ],
  "focal_length": 1474.2796630859375,
  "principal_point": [
    320.0,
    240.0
  ],
  "skew": 0.0,
  "pixel_aspect_ratio": 1.0,
  "radial_distortion": [
    0.057124994695186615,
    0.07796183973550797,
    0.0
  ],
  "tangential_distortion": [
    0.02577873319387436,
    -0.030609173700213432
  ],
  "image_size": [
    640,
    480
  ]
}