{
  "orientation": [
    [
      0.9687466025352478,
      -0.03964299336075783,
      0.24486419558525085
    ],
    [
      -0.021395064890384674,
      0.9701141715049744,
      0.24170388281345367
    ],
    [
      -0.24712808430194855,
      -0.23938868939876556,
      0.9389466047286987
    ]
  ],
  "position": [
    -1.2087846994400024,
    0.5733202695846558,
    -0.8841114640235901
  ],
  "focal_length": 1474.2796630859375,
  "principal_point": [
    320.0,
    240.0
  ],
  "skew": 0.0,
  "pixel_aspect_ratio": 1.0,
  "radial_distortion": [
    0.057124994695186615,
    0.07796183973550797,
    0.0
  ],
  "tangential_distortion": [
    0.02577873319387436,
    -0.030609173700213432
  ],
  "image_size": [
    640,
    480
  ]
}