{
  "orientation": [
    [
      0.9165059328079224,
      -0.13195888698101044,
      0.3776291012763977
    ],
    [
      0.04741121083498001,
      0.9732024669647217,
      0.22500930726528168
    ],
    [
      -0.3972015380859375,
      -0.18831850588321686,
      0.898202121257782
    ]
  ],
  "position": [
    0.6822684407234192,
    0.13397216796875,
    0.10545026510953903
  ],
  "focal_length": 1474.2796630859375,
  "principal_point": [
    320.0,
    240.0
  ],
  "skew": 0.0,
  "pixel_aspect_ratio": 1.0,
  "radial_distortion": [
    0.057124994695186615,
    0.07796183973550797,
    0.0
  ],
  "tangential_distortion": [
    0.02577873319387436,
    -0.030609173700213432
  ],
  "image_size": [
    640,
    480
  ]
}