{
  "orientation": [
    [
      0.8495778441429138,
      -0.2734048664569855,
      0.45107346773147583
    ],
    [
      0.15856164693832397,
      0.9480006098747253,
      0.27595844864845276
    ],
    [
      -0.5030663013458252,
      -0.16292522847652435,
      0.8487518429756165
    ]
  ],
  "position": [
    2.595433473587036,
    -0.7032650709152222,
    1.634024977684021
  ],
  "focal_length": 1474.2796630859375,
  "principal_point": [
    320.0,
    240.0
  ],
  "skew": 0.0,
  "pixel_aspect_ratio": 1.0,
  "radial_distortion": [
    0.057124994695186615,
    0.07796183973550797,
    0.0
  ],
  "tangential_distortion": [
    0.02577873319387436,
    -0.030609173700213432
  ],
  "image_size": [
    640,
    480
  ]
}