{
  "orientation": [
    [
      0.7973971962928772,
      -0.27707144618034363,
      0.5360868573188782
    ],
    [
      0.11841855198144913,
      0.9429355263710022,
      0.31120678782463074
    ],
    [
      -0.5917218923568726,
      -0.18467280268669128,
      0.7847045063972473
    ]
  ],
  "position": [
    4.64213752746582,
    -0.9292197227478027,
    2.384111166000366
  ],
  "focal_length": 1474.2796630859375,
  "principal_point": [
    320.0,
    240.0
  ],
  "skew": 0.0,
  "pixel_aspect_ratio": 1.0,
  "radial_distortion": [
    0.057124994695186615,
    0.07796183973550797,
    0.0
  ],
  "tangential_distortion": [
    0.02577873319387436,
    -0.030609173700213432
  ],
  "image_size": [
    640,
    480
  ]
}