{
  "orientation": [
    [
      0.991001546382904,
      0.04209784045815468,
      0.12705768644809723
    ],
    [
      -0.07494613528251648,
      0.9610167145729065,
      0.2661390006542206
    ],
    [
      -0.11090068519115448,
      -0.27326667308807373,
      0.9555241465568542
    ]
  ],
  "position": [
    -3.4133007526397705,
    0.7029820084571838,
    -0.7045469284057617
  ],
  "focal_length": 1474.2796630859375,
  "principal_point": [
    320.0,
    240.0
  ],
  "skew": 0.0,
  "pixel_aspect_ratio": 1.0,
  "radial_distortion": [
    0.057124994695186615,
    0.07796183973550797,
    0.0
  ],
  "tangential_distortion": [
    0.02577873319387436,
    -0.030609173700213432
  ],
  "image_size": [
    640,
    480
  ]
}