{
  "orientation": [
    [
      0.8044981360435486,
      -0.2700513005256653,
      0.5290132761001587
    ],
    [
      0.11442957073450089,
      0.9444461464881897,
      0.30810287594795227
    ],
    [
      -0.582828164100647,
      -0.18733341991901398,
      0.790706992149353
    ]
  ],
  "position": [
    4.482579708099365,
    -0.8679153323173523,
    2.2064883708953857
  ],
  "focal_length": 1474.2796630859375,
  "principal_point": [
    320.0,
    240.0
  ],
  "skew": 0.0,
  "pixel_aspect_ratio": 1.0,
  "radial_distortion": [
    0.057124994695186615,
    0.07796183973550797,
    0.0
  ],
  "tangential_distortion": [
    0.02577873319387436,
    -0.030609173700213432
  ],
  "image_size": [
    640,
    480
  ]
}