{
  "orientation": [
    [
      0.9431961178779602,
      -0.10667987912893295,
      0.31464338302612305
    ],
    [
      0.028576450422406197,
      0.9695863127708435,
      0.2430756837129593
    ],
    [
      -0.33100518584251404,
      -0.22027665376663208,
      0.9175586104393005
    ]
  ],
  "position": [
    1.286061406135559,
    0.3965994417667389,
    -0.2861708402633667
  ],
  "focal_length": 1474.2796630859375,
  "principal_point": [
    320.0,
    240.0
  ],
  "skew": 0.0,
  "pixel_aspect_ratio": 1.0,
  "radial_distortion": [
    0.057124994695186615,
    0.07796183973550797,
    0.0
  ],
  "tangential_distortion": [
    0.02577873319387436,
    -0.030609173700213432
  ],
  "image_size": [
    640,
    480
  ]
}