{
  "orientation": [
    [
      0.7888436913490295,
      -0.3096248209476471,
      0.5309031009674072
    ],
    [
      0.1607188582420349,
      0.9376926422119141,
      0.3080615699291229
    ],
    [
      -0.5932074785232544,
      -0.1576862931251526,
      0.7894554734230042
    ]
  ],
  "position": [
    3.6264538764953613,
    -0.8502874970436096,
    2.062044858932495
  ],
  "focal_length": 1474.2796630859375,
  "principal_point": [
    320.0,
    240.0
  ],
  "skew": 0.0,
  "pixel_aspect_ratio": 1.0,
  "radial_distortion": [
    0.057124994695186615,
    0.07796183973550797,
    0.0
  ],
  "tangential_distortion": [
    0.02577873319387436,
    -0.030609173700213432
  ],
  "image_size": [
    640,
    480
  ]
}