{
  "orientation": [
    [
      0.852997899055481,
      -0.27899423241615295,
      0.44108596444129944
    ],
    [
      0.15675295889377594,
      0.9430619478225708,
      0.29336437582969666
    ],
    [
      -0.49781835079193115,
      -0.18109765648841858,
      0.8481630086898804
    ]
  ],
  "position": [
    3.659921646118164,
    -0.9451231956481934,
    1.941510558128357
  ],
  "focal_length": 1474.2796630859375,
  "principal_point": [
    320.0,
    240.0
  ],
  "skew": 0.0,
  "pixel_aspect_ratio": 1.0,
  "radial_distortion": [
    0.057124994695186615,
    0.07796183973550797,
    0.0
  ],
  "tangential_distortion": [
    0.02577873319387436,
    -0.030609173700213432
  ],
  "image_size": [
    640,
    480
  ]
}