{
  "orientation": [
    [
      0.7881104946136475,
      -0.3086426854133606,
      0.5325613021850586
    ],
    [
      0.14557158946990967,
      0.9341164827346802,
      0.32593753933906555
    ],
    [
      -0.5980725288391113,
      -0.17934902012348175,
      0.7811166048049927
    ]
  ],
  "position": [
    4.713615894317627,
    -1.141664743423462,
    2.518127679824829
  ],
  "focal_length": 1474.2796630859375,
  "principal_point": [
    320.0,
    240.0
  ],
  "skew": 0.0,
  "pixel_aspect_ratio": 1.0,
  "radial_distortion": [
    0.057124994695186615,
    0.07796183973550797,
    0.0
  ],
  "tangential_distortion": [
    0.02577873319387436,
    -0.030609173700213432
  ],
  "image_size": [
    640,
    480
  ]
}