{
  "orientation": [
    [
      0.9984527230262756,
      0.043591514229774475,
      0.034523747861385345
    ],
    [
      -0.04997745156288147,
      0.9756758213043213,
      0.21344538033008575
    ],
    [
      -0.024379579350352287,
      -0.21484053134918213,
      0.9763448238372803
    ]
  ],
  "position": [
    -3.1728310585021973,
    -0.06425174325704575,
    -1.4744206666946411
  ],
  "focal_length": 1474.2796630859375,
  "principal_point": [
    320.0,
    240.0
  ],
  "skew": 0.0,
  "pixel_aspect_ratio": 1.0,
  "radial_distortion": [
    0.057124994695186615,
    0.07796183973550797,
    0.0
  ],
  "tangential_distortion": [
    0.02577873319387436,
    -0.030609173700213432
  ],
  "image_size": [
    640,
    480
  ]
}