{
  "orientation": [
    [
      0.9453344345092773,
      -0.10317228734493256,
      0.30935147404670715
    ],
    [
      0.025965292006731033,
      0.9694347381591797,
      0.24397142231464386
    ],
    [
      -0.3250671625137329,
      -0.22260217368602753,
      0.9191189408302307
    ]
  ],
  "position": [
    1.2152299880981445,
    0.41241711378097534,
    -0.3543546795845032
  ],
  "focal_length": 1474.2796630859375,
  "principal_point": [
    320.0,
    240.0
  ],
  "skew": 0.0,
  "pixel_aspect_ratio": 1.0,
  "radial_distortion": [
    0.057124994695186615,
    0.07796183973550797,
    0.0
  ],
  "tangential_distortion": [
    0.02577873319387436,
    -0.030609173700213432
  ],
  "image_size": [
    640,
    480
  ]
}