{
  "orientation": [
    [
      0.8655680418014526,
      -0.19736731052398682,
      0.46025869250297546
    ],
    [
      0.07956361770629883,
      0.9615867733955383,
      0.262717604637146
    ],
    [
      -0.4944305419921875,
      -0.19078011810779572,
      0.8480220437049866
    ]
  ],
  "position": [
    3.10630202293396,
    -0.2630283832550049,
    1.0954986810684204
  ],
  "focal_length": 1474.2796630859375,
  "principal_point": [
    320.0,
    240.0
  ],
  "skew": 0.0,
  "pixel_aspect_ratio": 1.0,
  "radial_distortion": [
    0.057124994695186615,
    0.07796183973550797,
    0.0
  ],
  "tangential_distortion": [
    0.02577873319387436,
    -0.030609173700213432
  ],
  "image_size": [
    640,
    480
  ]
}