{
  "orientation": [
    [
      0.9740335941314697,
      -0.023274635896086693,
      0.22520391643047333
    ],
    [
      -0.033087462186813354,
      0.9693884253501892,
      0.2432926595211029
    ],
    [
      -0.2239726185798645,
      -0.2444266527891159,
      0.9434468150138855
    ]
  ],
  "position": [
    -1.5940970182418823,
    0.5733333826065063,
    -0.8596047163009644
  ],
  "focal_length": 1474.2796630859375,
  "principal_point": [
    320.0,
    240.0
  ],
  "skew": 0.0,
  "pixel_aspect_ratio": 1.0,
  "radial_distortion": [
    0.057124994695186615,
    0.07796183973550797,
    0.0
  ],
  "tangential_distortion": [
    0.02577873319387436,
    -0.030609173700213432
  ],
  "image_size": [
    640,
    480
  ]
}