{
  "orientation": [
    [
      0.8910239338874817,
      -0.16352491080760956,
      0.42348068952560425
    ],
    [
      0.06078910455107689,
      0.9674453735351562,
      0.2456708550453186
    ],
    [
      -0.44986775517463684,
      -0.19315560162067413,
      0.871957540512085
    ]
  ],
  "position": [
    2.4368374347686768,
    -0.12779158353805542,
    0.6295563578605652
  ],
  "focal_length": 1474.2796630859375,
  "principal_point": [
    320.0,
    240.0
  ],
  "skew": 0.0,
  "pixel_aspect_ratio": 1.0,
  "radial_distortion": [
    0.057124994695186615,
    0.07796183973550797,
    0.0
  ],
  "tangential_distortion": [
    0.02577873319387436,
    -0.030609173700213432
  ],
  "image_size": [
    640,
    480
  ]
}