{
  "orientation": [
    [
      0.9747346043586731,
      0.14396178722381592,
      -0.17078492045402527
    ],
    [
      -0.1110493466258049,
      0.9757378101348877,
      0.18868951499462128
    ],
    [
      0.19380538165569305,
      -0.16495664417743683,
      0.9670722484588623
    ]
  ],
  "position": [
    -7.917271614074707,
    -0.5139878392219543,
    -0.8523688316345215
  ],
  "focal_length": 1474.2796630859375,
  "principal_point": [
    320.0,
    240.0
  ],
  "skew": 0.0,
  "pixel_aspect_ratio": 1.0,
  "radial_distortion": [
    0.057124994695186615,
    0.07796183973550797,
    0.0
  ],
  "tangential_distortion": [
    0.02577873319387436,
    -0.030609173700213432
  ],
  "image_size": [
    640,
    480
  ]
}