{
  "orientation": [
    [
      0.9747447371482849,
      -0.07412673532962799,
      0.21066062152385712
    ],
    [
      0.012382203713059425,
      0.9597928524017334,
      0.28043603897094727
    ],
    [
      -0.2229783684015274,
      -0.27074509859085083,
      0.9364709258079529
    ]
  ],
  "position": [
    -0.11740203201770782,
    0.6432651877403259,
    -0.7216343283653259
  ],
  "focal_length": 1474.2796630859375,
  "principal_point": [
    320.0,
    240.0
  ],
  "skew": 0.0,
  "pixel_aspect_ratio": 1.0,
  "radial_distortion": [
    0.057124994695186615,
    0.07796183973550797,
    0.0
  ],
  "tangential_distortion": [
    0.02577873319387436,
    -0.030609173700213432
  ],
  "image_size": [
    640,
    480
  ]
}