{
  "orientation": [
    [
      0.9956713318824768,
      0.08472461998462677,
      -0.03821445256471634
    ],
    [
      -0.07508701086044312,
      0.9755582213401794,
      0.20651401579380035
    ],
    [
      0.054777245968580246,
      -0.20275068283081055,
      0.9776970744132996
    ]
  ],
  "position": [
    -5.688701629638672,
    -0.24651780724525452,
    -1.1649988889694214
  ],
  "focal_length": 1474.2796630859375,
  "principal_point": [
    320.0,
    240.0
  ],
  "skew": 0.0,
  "pixel_aspect_ratio": 1.0,
  "radial_distortion": [
    0.057124994695186615,
    0.07796183973550797,
    0.0
  ],
  "tangential_distortion": [
    0.02577873319387436,
    -0.030609173700213432
  ],
  "image_size": [
    640,
    480
  ]
}