{
  "orientation": [
    [
      0.8612467646598816,
      -0.27109023928642273,
      0.4298419952392578
    ],
    [
      0.1532294601202011,
      0.944996178150177,
      0.28896868228912354
    ],
    [
      -0.4845356345176697,
      -0.18300889432430267,
      0.8554139137268066
    ]
  ],
  "position": [
    3.493375778198242,
    -0.8765026330947876,
    1.8153162002563477
  ],
  "focal_length": 1474.2796630859375,
  "principal_point": [
    320.0,
    240.0
  ],
  "skew": 0.0,
  "pixel_aspect_ratio": 1.0,
  "radial_distortion": [
    0.057124994695186615,
    0.07796183973550797,
    0.0
  ],
  "tangential_distortion": [
    0.02577873319387436,
    -0.030609173700213432
  ],
  "image_size": [
    640,
    480
  ]
}