{
  "orientation": [
    [
      0.9145501852035522,
      -0.2013402283191681,
      0.35079920291900635
    ],
    [
      0.09944562613964081,
      0.9526078701019287,
      0.2874871492385864
    ],
    [
      -0.39205679297447205,
      -0.22803597152233124,
      0.8912301063537598
    ]
  ],
  "position": [
    2.4238903522491455,
    0.13334853947162628,
    0.5536739230155945
  ],
  "focal_length": 1474.2796630859375,
  "principal_point": [
    320.0,
    240.0
  ],
  "skew": 0.0,
  "pixel_aspect_ratio": 1.0,
  "radial_distortion": [
    0.057124994695186615,
    0.07796183973550797,
    0.0
  ],
  "tangential_distortion": [
    0.02577873319387436,
    -0.030609173700213432
  ],
  "image_size": [
    640,
    480
  ]
}