{
  "orientation": [
    [
      0.9791524410247803,
      -0.05391447991132736,
      0.1958412230014801
    ],
    [
      -0.0013586543500423431,
      0.9623723030090332,
      0.27173101902008057
    ],
    [
      -0.20312240719795227,
      -0.26633214950561523,
      0.9422358870506287
    ]
  ],
  "position": [
    -1.7144029140472412,
    0.8322051763534546,
    -0.7874560952186584
  ],
  "focal_length": 1474.2796630859375,
  "principal_point": [
    320.0,
    240.0
  ],
  "skew": 0.0,
  "pixel_aspect_ratio": 1.0,
  "radial_distortion": [
    0.057124994695186615,
    0.07796183973550797,
    0.0
  ],
  "tangential_distortion": [
    0.02577873319387436,
    -0.030609173700213432
  ],
  "image_size": [
    640,
    480
  ]
}