{
  "orientation": [
    [
      0.9933368563652039,
      0.09506363421678543,
      -0.06515181809663773
    ],
    [
      -0.0798577293753624,
      0.9753684401512146,
      0.20561885833740234
    ],
    [
      0.08309390395879745,
      -0.19904591143131256,
      0.9764609932899475
    ]
  ],
  "position": [
    -6.109951019287109,
    -0.18674196302890778,
    -1.000753402709961
  ],
  "focal_length": 1474.2796630859375,
  "principal_point": [
    320.0,
    240.0
  ],
  "skew": 0.0,
  "pixel_aspect_ratio": 1.0,
  "radial_distortion": [
    0.057124994695186615,
    0.07796183973550797,
    0.0
  ],
  "tangential_distortion": [
    0.02577873319387436,
    -0.030609173700213432
  ],
  "image_size": [
    640,
    480
  ]
}