{
  "orientation": [
    [
      0.7865402102470398,
      -0.2855270504951477,
      0.547566294670105
    ],
    [
      0.13394400477409363,
      0.944461464881897,
      0.30008596181869507
    ],
    [
      -0.6028379201889038,
      -0.16268645226955414,
      0.7811015248298645
    ]
  ],
  "position": [
    3.645287036895752,
    -0.7917442917823792,
    2.031548500061035
  ],
  "focal_length": 1474.2796630859375,
  "principal_point": [
    320.0,
    240.0
  ],
  "skew": 0.0,
  "pixel_aspect_ratio": 1.0,
  "radial_distortion": [
    0.057124994695186615,
    0.07796183973550797,
    0.0
  ],
  "tangential_distortion": [
    0.02577873319387436,
    -0.030609173700213432
  ],
  "image_size": [
    640,
    480
  ]
}