{
  "orientation": [
    [
      0.9634560942649841,
      -0.06521060317754745,
      0.25980740785598755
    ],
    [
      -0.0027516833506524563,
      0.967454195022583,
      0.25303128361701965
    ],
    [
      -0.2678520679473877,
      -0.24449944496154785,
      0.9319202303886414
    ]
  ],
  "position": [
    0.43945252895355225,
    0.573559045791626,
    -0.8266072273254395
  ],
  "focal_length": 1474.2796630859375,
  "principal_point": [
    320.0,
    240.0
  ],
  "skew": 0.0,
  "pixel_aspect_ratio": 1.0,
  "radial_distortion": [
    0.057124994695186615,
    0.07796183973550797,
    0.0
  ],
  "tangential_distortion": [
    0.02577873319387436,
    -0.030609173700213432
  ],
  "image_size": [
    640,
    480
  ]
}