{
  "orientation": [
    [
      0.9054040908813477,
      -0.2184806764125824,
      0.3640187680721283
    ],
    [
      0.11391498148441315,
      0.9509985446929932,
      0.28744596242904663
    ],
    [
      -0.40898269414901733,
      -0.2187875509262085,
      0.8859261870384216
    ]
  ],
  "position": [
    2.58842134475708,
    -0.005756258498877287,
    0.8062604069709778
  ],
  "focal_length": 1474.2796630859375,
  "principal_point": [
    320.0,
    240.0
  ],
  "skew": 0.0,
  "pixel_aspect_ratio": 1.0,
  "radial_distortion": [
    0.057124994695186615,
    0.07796183973550797,
    0.0
  ],
  "tangential_distortion": [
    0.02577873319387436,
    -0.030609173700213432
  ],
  "image_size": [
    640,
    480
  ]
}