{
  "orientation": [
    [
      0.9818850159645081,
      0.12902767956256866,
      -0.1387576460838318
    ],
    [
      -0.0995381772518158,
      0.9743775129318237,
      0.2016943246126175
    ],
    [
      0.16122648119926453,
      -0.18422895669937134,
      0.9695698618888855
    ]
  ],
  "position": [
    -6.214782238006592,
    -0.11518468707799911,
    -1.4880810976028442
  ],
  "focal_length": 1474.2796630859375,
  "principal_point": [
    320.0,
    240.0
  ],
  "skew": 0.0,
  "pixel_aspect_ratio": 1.0,
  "radial_distortion": [
    0.057124994695186615,
    0.07796183973550797,
    0.0
  ],
  "tangential_distortion": [
    0.02577873319387436,
    -0.030609173700213432
  ],
  "image_size": [
    640,
    480
  ]
}