{
  "orientation": [
    [
      0.8137496709823608,
      -0.2578093707561493,
      0.5209086537361145
    ],
    [
      0.10854585468769073,
      0.9478824138641357,
      0.2995608150959015
    ],
    [
      -0.570989727973938,
      -0.18722504377365112,
      0.7993231415748596
    ]
  ],
  "position": [
    4.274317741394043,
    -0.8364188075065613,
    1.995822787284851
  ],
  "focal_length": 1474.2796630859375,
  "principal_point": [
    320.0,
    240.0
  ],
  "skew": 0.0,
  "pixel_aspect_ratio": 1.0,
  "radial_distortion": [
    0.057124994695186615,
    0.07796183973550797,
    0.0
  ],
  "tangential_distortion": [
    0.02577873319387436,
    -0.030609173700213432
  ],
  "image_size": [
    640,
    480
  ]
}