{
  "orientation": [
    [
      0.8205828666687012,
      -0.29400166869163513,
      0.4901089072227478
    ],
    [
      0.16762124001979828,
      0.9436331391334534,
      0.2854112684726715
    ],
    [
      -0.546394407749176,
      -0.1520509421825409,
      0.8236101269721985
    ]
  ],
  "position": [
    3.121411085128784,
    -0.7907158136367798,
    1.9152884483337402
  ],
  "focal_length": 1474.2796630859375,
  "principal_point": [
    320.0,
    240.0
  ],
  "skew": 0.0,
  "pixel_aspect_ratio": 1.0,
  "radial_distortion": [
    0.057124994695186615,
    0.07796183973550797,
    0.0
  ],
  "tangential_distortion": [
    0.02577873319387436,
    -0.030609173700213432
  ],
  "image_size": [
    640,
    480
  ]
}