{
  "orientation": [
    [
      0.796005368232727,
      -0.307670921087265,
      0.521261990070343
    ],
    [
      0.16408775746822357,
      0.9386165738105774,
      0.3034372329711914
    ],
    [
      -0.5826239585876465,
      -0.15600495040416718,
      0.7976288199424744
    ]
  ],
  "position": [
    3.553286552429199,
    -0.7746867537498474,
    2.0382065773010254
  ],
  "focal_length": 1474.2796630859375,
  "principal_point": [
    320.0,
    240.0
  ],
  "skew": 0.0,
  "pixel_aspect_ratio": 1.0,
  "radial_distortion": [
    0.057124994695186615,
    0.07796183973550797,
    0.0
  ],
  "tangential_distortion": [
    0.02577873319387436,
    -0.030609173700213432
  ],
  "image_size": [
    640,
    480
  ]
}