{
  "orientation": [
    [
      0.9881093502044678,
      0.11603750288486481,
      -0.10087214410305023
    ],
    [
      -0.09244723618030548,
      0.9726126790046692,
      0.21325582265853882
    ],
    [
      0.12285520136356354,
      -0.20139473676681519,
      0.9717750549316406
    ]
  ],
  "position": [
    -5.540825366973877,
    0.037529829889535904,
    -1.3869154453277588
  ],
  "focal_length": 1474.2796630859375,
  "principal_point": [
    320.0,
    240.0
  ],
  "skew": 0.0,
  "pixel_aspect_ratio": 1.0,
  "radial_distortion": [
    0.057124994695186615,
    0.07796183973550797,
    0.0
  ],
  "tangential_distortion": [
    0.02577873319387436,
    -0.030609173700213432
  ],
  "image_size": [
    640,
    480
  ]
}