{
  "orientation": [
    [
      0.9702800512313843,
      -0.047143276780843735,
      0.23734821379184723
    ],
    [
      -0.01582758128643036,
      0.9663749933242798,
      0.256649374961853
    ],
    [
      -0.24146665632724762,
      -0.25277841091156006,
      0.9369081854820251
    ]
  ],
  "position": [
    0.020363405346870422,
    0.5988482236862183,
    -0.8471947908401489
  ],
  "focal_length": 1474.2796630859375,
  "principal_point": [
    320.0,
    240.0
  ],
  "skew": 0.0,
  "pixel_aspect_ratio": 1.0,
  "radial_distortion": [
    0.057124994695186615,
    0.07796183973550797,
    0.0
  ],
  "tangential_distortion": [
    0.02577873319387436,
    -0.030609173700213432
  ],
  "image_size": [
    640,
    480
  ]
}