{
  "orientation": [
    [
      0.9965102672576904,
      0.024471789598464966,
      0.07980211824178696
    ],
    [
      -0.0413375049829483,
      0.9752691388130188,
      0.21712037920951843
    ],
    [
      -0.07251522690057755,
      -0.21966151893138885,
      0.9728773832321167
    ]
  ],
  "position": [
    -2.3171279430389404,
    0.07980171591043472,
    -1.2806986570358276
  ],
  "focal_length": 1474.2796630859375,
  "principal_point": [
    320.0,
    240.0
  ],
  "skew": 0.0,
  "pixel_aspect_ratio": 1.0,
  "radial_distortion": [
    0.057124994695186615,
    0.07796183973550797,
    0.0
  ],
  "tangential_distortion": [
    0.02577873319387436,
    -0.030609173700213432
  ],
  "image_size": [
    640,
    480
  ]
}