{
  "orientation": [
    [
      0.7821739912033081,
      -0.29546093940734863,
      0.5485496520996094
    ],
    [
      0.14145714044570923,
      0.9416322708129883,
      0.3054809272289276
    ],
    [
      -0.6067897081375122,
      -0.16134296357631683,
      0.7783153057098389
    ]
  ],
  "position": [
    3.649807929992676,
    -0.8616681098937988,
    2.1009674072265625
  ],
  "focal_length": 1474.2796630859375,
  "principal_point": [
    320.0,
    240.0
  ],
  "skew": 0.0,
  "pixel_aspect_ratio": 1.0,
  "radial_distortion": [
    0.057124994695186615,
    0.07796183973550797,
    0.0
  ],
  "tangential_distortion": [
    0.02577873319387436,
    -0.030609173700213432
  ],
  "image_size": [
    640,
    480
  ]
}