{
  "orientation": [
    [
      0.9984263777732849,
      0.05156039819121361,
      0.02205132134258747
    ],
    [
      -0.05494450405240059,
      0.9781007170677185,
      0.20074889063835144
    ],
    [
      -0.011217719875276089,
      -0.20164459943771362,
      0.9793944954872131
    ]
  ],
  "position": [
    -4.65064811706543,
    -0.1889037787914276,
    -1.298863172531128
  ],
  "focal_length": 1474.2796630859375,
  "principal_point": [
    320.0,
    240.0
  ],
  "skew": 0.0,
  "pixel_aspect_ratio": 1.0,
  "radial_distortion": [
    0.057124994695186615,
    0.07796183973550797,
    0.0
  ],
  "tangential_distortion": [
    0.02577873319387436,
    -0.030609173700213432
  ],
  "image_size": [
    640,
    480
  ]
}