{
  "orientation": [
    [
      0.78325355052948,
      -0.30686962604522705,
      0.5406892895698547
    ],
    [
      0.1544068604707718,
      0.9384609460830688,
      0.3089490532875061
    ],
    [
      -0.6022228598594666,
      -0.15849930047988892,
      0.7824356555938721
    ]
  ],
  "position": [
    3.6511037349700928,
    -0.889186441898346,
    2.121845006942749
  ],
  "focal_length": 1474.2796630859375,
  "principal_point": [
    320.0,
    240.0
  ],
  "skew": 0.0,
  "pixel_aspect_ratio": 1.0,
  "radial_distortion": [
    0.057124994695186615,
    0.07796183973550797,
    0.0
  ],
  "tangential_distortion": [
    0.02577873319387436,
    -0.030609173700213432
  ],
  "image_size": [
    640,
    480
  ]
}