{
  "orientation": [
    [
      0.9978264570236206,
      0.039734628051519394,
      0.0525691919028759
    ],
    [
      -0.0494108721613884,
      0.9789725542068481,
      0.19791755080223083
    ],
    [
      -0.04359961673617363,
      -0.20008485019207,
      0.9788079857826233
    ]
  ],
  "position": [
    -4.145199775695801,
    -0.16466167569160461,
    -1.2353177070617676
  ],
  "focal_length": 1474.2796630859375,
  "principal_point": [
    320.0,
    240.0
  ],
  "skew": 0.0,
  "pixel_aspect_ratio": 1.0,
  "radial_distortion": [
    0.057124994695186615,
    0.07796183973550797,
    0.0
  ],
  "tangential_distortion": [
    0.02577873319387436,
    -0.030609173700213432
  ],
  "image_size": [
    640,
    480
  ]
}