{
  "orientation": [
    [
      0.9590316414833069,
      -0.11551021784543991,
      0.2586806118488312
    ],
    [
      0.03724006190896034,
      0.9565792679786682,
      0.28908345103263855
    ],
    [
      -0.28084060549736023,
      -0.2676069140434265,
      0.9216914176940918
    ]
  ],
  "position": [
    0.5203413963317871,
    0.5380204916000366,
    -0.45684748888015747
  ],
  "focal_length": 1474.2796630859375,
  "principal_point": [
    320.0,
    240.0
  ],
  "skew": 0.0,
  "pixel_aspect_ratio": 1.0,
  "radial_distortion": [
    0.057124994695186615,
    0.07796183973550797,
    0.0
  ],
  "tangential_distortion": [
    0.02577873319387436,
    -0.030609173700213432
  ],
  "image_size": [
    640,
    480
  ]
}