{
  "orientation": [
    [
      0.7829261422157288,
      -0.29314637184143066,
      0.5487183928489685
    ],
    [
      0.13966567814350128,
      0.9423301815986633,
      0.30415013432502747
    ],
    [
      -0.6062343716621399,
      -0.16148996353149414,
      0.7787174582481384
    ]
  ],
  "position": [
    3.647786855697632,
    -0.8537005186080933,
    2.090954303741455
  ],
  "focal_length": 1474.2796630859375,
  "principal_point": [
    320.0,
    240.0
  ],
  "skew": 0.0,
  "pixel_aspect_ratio": 1.0,
  "radial_distortion": [
    0.057124994695186615,
    0.07796183973550797,
    0.0
  ],
  "tangential_distortion": [
    0.02577873319387436,
    -0.030609173700213432
  ],
  "image_size": [
    640,
    480
  ]
}