{
  "orientation": [
    [
      0.9825179576873779,
      -0.04512329027056694,
      0.1806165724992752
    ],
    [
      -0.01071561872959137,
      0.9548658132553101,
      0.29684415459632874
    ],
    [
      -0.18585917353630066,
      -0.29359012842178345,
      0.9376893043518066
    ]
  ],
  "position": [
    -0.6628627181053162,
    1.0265017747879028,
    -0.7361661195755005
  ],
  "focal_length": 1474.2796630859375,
  "principal_point": [
    320.0,
    240.0
  ],
  "skew": 0.0,
  "pixel_aspect_ratio": 1.0,
  "radial_distortion": [
    0.057124994695186615,
    0.07796183973550797,
    0.0
  ],
  "tangential_distortion": [
    0.02577873319387436,
    -0.030609173700213432
  ],
  "image_size": [
    640,
    480
  ]
}