{
  "orientation": [
    [
      0.913232684135437,
      -0.14358995854854584,
      0.3812978267669678
    ],
    [
      0.05092071369290352,
      0.9687272310256958,
      0.2428470253944397
    ],
    [
      -0.40424397587776184,
      -0.2023598849773407,
      0.8919849991798401
    ]
  ],
  "position": [
    1.9857513904571533,
    -0.031023738905787468,
    0.3707362413406372
  ],
  "focal_length": 1474.2796630859375,
  "principal_point": [
    320.0,
    240.0
  ],
  "skew": 0.0,
  "pixel_aspect_ratio": 1.0,
  "radial_distortion": [
    0.057124994695186615,
    0.07796183973550797,
    0.0
  ],
  "tangential_distortion": [
    0.02577873319387436,
    -0.030609173700213432
  ],
  "image_size": [
    640,
    480
  ]
}