{
  "orientation": [
    [
      0.7882288098335266,
      -0.2823450565338135,
      0.5467875003814697
    ],
    [
      0.1310485154390335,
      0.9451668858528137,
      0.2991417944431305
    ],
    [
      -0.6012666821479797,
      -0.16413648426532745,
      0.782008707523346
    ]
  ],
  "position": [
    3.6229088306427,
    -0.7492572665214539,
    2.035961151123047
  ],
  "focal_length": 1474.2796630859375,
  "principal_point": [
    320.0,
    240.0
  ],
  "skew": 0.0,
  "pixel_aspect_ratio": 1.0,
  "radial_distortion": [
    0.057124994695186615,
    0.07796183973550797,
    0.0
  ],
  "tangential_distortion": [
    0.02577873319387436,
    -0.030609173700213432
  ],
  "image_size": [
    640,
    480
  ]
}