{
  "orientation": [
    [
      0.9430399537086487,
      -0.09743968397378922,
      0.3180897831916809
    ],
    [
      0.023340169340372086,
      0.973167359828949,
      0.22891150414943695
    ],
    [
      -0.33185967803001404,
      -0.20844842493534088,
      0.9200100302696228
    ]
  ],
  "position": [
    0.02537560649216175,
    0.46477675437927246,
    -0.5037689208984375
  ],
  "focal_length": 1474.2796630859375,
  "principal_point": [
    320.0,
    240.0
  ],
  "skew": 0.0,
  "pixel_aspect_ratio": 1.0,
  "radial_distortion": [
    0.057124994695186615,
    0.07796183973550797,
    0.0
  ],
  "tangential_distortion": [
    0.02577873319387436,
    -0.030609173700213432
  ],
  "image_size": [
    640,
    480
  ]
}