{
  "orientation": [
    [
      0.8186659216880798,
      -0.2405332326889038,
      0.521468997001648
    ],
    [
      0.10589051246643066,
      0.9557123184204102,
      0.274592787027359
    ],
    [
      -0.5644230246543884,
      -0.16958114504814148,
      0.8078792691230774
    ]
  ],
  "position": [
    2.9668307304382324,
    -0.5229771137237549,
    1.41656494140625
  ],
  "focal_length": 1474.2796630859375,
  "principal_point": [
    320.0,
    240.0
  ],
  "skew": 0.0,
  "pixel_aspect_ratio": 1.0,
  "radial_distortion": [
    0.057124994695186615,
    0.07796183973550797,
    0.0
  ],
  "tangential_distortion": [
    0.02577873319387436,
    -0.030609173700213432
  ],
  "image_size": [
    640,
    480
  ]
}