{
  "orientation": [
    [
      0.9963274598121643,
      0.0808965340256691,
      -0.02805927023291588
    ],
    [
      -0.07340031117200851,
      0.9756665229797363,
      0.20660880208015442
    ],
    [
      0.044090427458286285,
      -0.20379047095775604,
      0.9780212044715881
    ]
  ],
  "position": [
    -5.52166748046875,
    -0.25347378849983215,
    -1.2096859216690063
  ],
  "focal_length": 1474.2796630859375,
  "principal_point": [
    320.0,
    240.0
  ],
  "skew": 0.0,
  "pixel_aspect_ratio": 1.0,
  "radial_distortion": [
    0.057124994695186615,
    0.07796183973550797,
    0.0
  ],
  "tangential_distortion": [
    0.02577873319387436,
    -0.030609173700213432
  ],
  "image_size": [
    640,
    480
  ]
}