{
  "orientation": [
    [
      0.8915467262268066,
      -0.2301364243030548,
      0.3901046812534332
    ],
    [
      0.1271650791168213,
      0.9538358449935913,
      0.27207764983177185
    ],
    [
      -0.4347108006477356,
      -0.19296225905418396,
      0.8796545267105103
    ]
  ],
  "position": [
    1.6914982795715332,
    -0.037600159645080566,
    0.8581308126449585
  ],
  "focal_length": 1474.2796630859375,
  "principal_point": [
    320.0,
    240.0
  ],
  "skew": 0.0,
  "pixel_aspect_ratio": 1.0,
  "radial_distortion": [
    0.057124994695186615,
    0.07796183973550797,
    0.0
  ],
  "tangential_distortion": [
    0.02577873319387436,
    -0.030609173700213432
  ],
  "image_size": [
    640,
    480
  ]
}