{
  "orientation": [
    [
      0.9121289253234863,
      -0.2052524834871292,
      0.3548129200935364
    ],
    [
      0.102528877556324,
      0.9523285031318665,
      0.2873295545578003
    ],
    [
      -0.3968735635280609,
      -0.22570303082466125,
      0.8896906971931458
    ]
  ],
  "position": [
    2.473332643508911,
    0.10563236474990845,
    0.6156249642372131
  ],
  "focal_length": 1474.2796630859375,
  "principal_point": [
    320.0,
    240.0
  ],
  "skew": 0.0,
  "pixel_aspect_ratio": 1.0,
  "radial_distortion": [
    0.057124994695186615,
    0.07796183973550797,
    0.0
  ],
  "tangential_distortion": [
    0.02577873319387436,
    -0.030609173700213432
  ],
  "image_size": [
    640,
    480
  ]
}