{
  "orientation": [
    [
      0.9768067598342896,
      0.1381690800189972,
      -0.16357846558094025
    ],
    [
      -0.10399926453828812,
      0.9739282727241516,
      0.20161327719688416
    ],
    [
      0.18717041611671448,
      -0.17992515861988068,
      0.9657091498374939
    ]
  ],
  "position": [
    -6.58325719833374,
    -0.23103231191635132,
    -1.3934462070465088
  ],
  "focal_length": 1474.2796630859375,
  "principal_point": [
    320.0,
    240.0
  ],
  "skew": 0.0,
  "pixel_aspect_ratio": 1.0,
  "radial_distortion": [
    0.057124994695186615,
    0.07796183973550797,
    0.0
  ],
  "tangential_distortion": [
    0.02577873319387436,
    -0.030609173700213432
  ],
  "image_size": [
    640,
    480
  ]
}