{
  "orientation": [
    [
      0.8041480183601379,
      -0.30800125002861023,
      0.5084105134010315
    ],
    [
      0.15734507143497467,
      0.9350758790969849,
      0.31760916113853455
    ],
    [
      -0.5732264518737793,
      -0.17540888488292694,
      0.8004018664360046
    ]
  ],
  "position": [
    4.529568195343018,
    -1.038339376449585,
    2.4557955265045166
  ],
  "focal_length": 1474.2796630859375,
  "principal_point": [
    320.0,
    240.0
  ],
  "skew": 0.0,
  "pixel_aspect_ratio": 1.0,
  "radial_distortion": [
    0.057124994695186615,
    0.07796183973550797,
    0.0
  ],
  "tangential_distortion": [
    0.02577873319387436,
    -0.030609173700213432
  ],
  "image_size": [
    640,
    480
  ]
}