{
  "orientation": [
    [
      0.7962524890899658,
      -0.27055320143699646,
      0.5410942435264587
    ],
    [
      0.12322427332401276,
      0.9482060074806213,
      0.292781800031662
    ],
    [
      -0.5922818779945374,
      -0.1664522886276245,
      0.7883501052856445
    ]
  ],
  "position": [
    3.5001819133758545,
    -0.6565719246864319,
    1.8707093000411987
  ],
  "focal_length": 1474.2796630859375,
  "principal_point": [
    320.0,
    240.0
  ],
  "skew": 0.0,
  "pixel_aspect_ratio": 1.0,
  "radial_distortion": [
    0.057124994695186615,
    0.07796183973550797,
    0.0
  ],
  "tangential_distortion": [
    0.02577873319387436,
    -0.030609173700213432
  ],
  "image_size": [
    640,
    480
  ]
}