{
  "orientation": [
    [
      0.9266223907470703,
      -0.17525294423103333,
      0.3326520621776581
    ],
    [
      0.0838240310549736,
      0.9587507843971252,
      0.2716071307659149
    ],
    [
      -0.3665303885936737,
      -0.22379301488399506,
      0.9030903577804565
    ]
  ],
  "position": [
    0.8670633435249329,
    0.41186442971229553,
    0.019893096759915352
  ],
  "focal_length": 1474.2796630859375,
  "principal_point": [
    320.0,
    240.0
  ],
  "skew": 0.0,
  "pixel_aspect_ratio": 1.0,
  "radial_distortion": [
    0.057124994695186615,
    0.07796183973550797,
    0.0
  ],
  "tangential_distortion": [
    0.02577873319387436,
    -0.030609173700213432
  ],
  "image_size": [
    640,
    480
  ]
}