{
  "orientation": [
    [
      0.991187334060669,
      0.10385512560606003,
      -0.08223035931587219
    ],
    [
      -0.08386263251304626,
      0.9724820256233215,
      0.21736088395118713
    ],
    [
      0.10254159569740295,
      -0.20854930579662323,
      0.9726214408874512
    ]
  ],
  "position": [
    -5.160468578338623,
    0.011915282346308231,
    -1.3115328550338745
  ],
  "focal_length": 1474.2796630859375,
  "principal_point": [
    320.0,
    240.0
  ],
  "skew": 0.0,
  "pixel_aspect_ratio": 1.0,
  "radial_distortion": [
    0.057124994695186615,
    0.07796183973550797,
    0.0
  ],
  "tangential_distortion": [
    0.02577873319387436,
    -0.030609173700213432
  ],
  "image_size": [
    640,
    480
  ]
}