{
  "orientation": [
    [
      0.9928604364395142,
      0.09592459350824356,
      -0.07089868932962418
    ],
    [
      -0.07830571383237839,
      0.9725273251533508,
      0.21922330558300018
    ],
    [
      0.08997981250286102,
      -0.2121063768863678,
      0.9730953574180603
    ]
  ],
  "position": [
    -4.944202899932861,
    0.017644358798861504,
    -1.3185144662857056
  ],
  "focal_length": 1474.2796630859375,
  "principal_point": [
    320.0,
    240.0
  ],
  "skew": 0.0,
  "pixel_aspect_ratio": 1.0,
  "radial_distortion": [
    0.057124994695186615,
    0.07796183973550797,
    0.0
  ],
  "tangential_distortion": [
    0.02577873319387436,
    -0.030609173700213432
  ],
  "image_size": [
    640,
    480
  ]
}