{
  "orientation": [
    [
      0.9757548570632935,
      0.1426442414522171,
      -0.16599734127521515
    ],
    [
      -0.11043843626976013,
      0.9756966829299927,
      0.1892600953578949
    ],
    [
      0.18895991146564484,
      -0.1663389652967453,
      0.9677941203117371
    ]
  ],
  "position": [
    -7.83118200302124,
    -0.47028881311416626,
    -0.8909050226211548
  ],
  "focal_length": 1474.2796630859375,
  "principal_point": [
    320.0,
    240.0
  ],
  "skew": 0.0,
  "pixel_aspect_ratio": 1.0,
  "radial_distortion": [
    0.057124994695186615,
    0.07796183973550797,
    0.0
  ],
  "tangential_distortion": [
    0.02577873319387436,
    -0.030609173700213432
  ],
  "image_size": [
    640,
    480
  ]
}