{
  "orientation": [
    [
      0.988583505153656,
      0.11626482754945755,
      -0.09583945572376251
    ],
    [
      -0.09517751634120941,
      0.974959135055542,
      0.20098745822906494
    ],
    [
      0.11680731922388077,
      -0.18957111239433289,
      0.9748942852020264
    ]
  ],
  "position": [
    -6.6604437828063965,
    -0.17577439546585083,
    -0.9318702220916748
  ],
  "focal_length": 1474.2796630859375,
  "principal_point": [
    320.0,
    240.0
  ],
  "skew": 0.0,
  "pixel_aspect_ratio": 1.0,
  "radial_distortion": [
    0.057124994695186615,
    0.07796183973550797,
    0.0
  ],
  "tangential_distortion": [
    0.02577873319387436,
    -0.030609173700213432
  ],
  "image_size": [
    640,
    480
  ]
}