{
  "orientation": [
    [
      0.992958664894104,
      0.04414527118206024,
      0.10992839932441711
    ],
    [
      -0.07257668673992157,
      0.960120677947998,
      0.27000173926353455
    ],
    [
      -0.09362523257732391,
      -0.27607882022857666,
      0.9565640687942505
    ]
  ],
  "position": [
    -2.3460018634796143,
    0.6301535964012146,
    -0.9405492544174194
  ],
  "focal_length": 1474.2796630859375,
  "principal_point": [
    320.0,
    240.0
  ],
  "skew": 0.0,
  "pixel_aspect_ratio": 1.0,
  "radial_distortion": [
    0.057124994695186615,
    0.07796183973550797,
    0.0
  ],
  "tangential_distortion": [
    0.02577873319387436,
    -0.030609173700213432
  ],
  "image_size": [
    640,
    480
  ]
}