{
  "orientation": [
    [
      0.9852768182754517,
      -0.03963669389486313,
      0.16630852222442627
    ],
    [
      -0.014254508540034294,
      0.9503220915794373,
      0.3109417259693146
    ],
    [
      -0.17037136852741241,
      -0.30873432755470276,
      0.9357653260231018
    ]
  ],
  "position": [
    -0.9005275368690491,
    1.2417042255401611,
    -0.6787683367729187
  ],
  "focal_length": 1474.2796630859375,
  "principal_point": [
    320.0,
    240.0
  ],
  "skew": 0.0,
  "pixel_aspect_ratio": 1.0,
  "radial_distortion": [
    0.057124994695186615,
    0.07796183973550797,
    0.0
  ],
  "tangential_distortion": [
    0.02577873319387436,
    -0.030609173700213432
  ],
  "image_size": [
    640,
    480
  ]
}