{
  "orientation": [
    [
      0.9641386270523071,
      -0.1033979207277298,
      0.2444290816783905
    ],
    [
      0.029706422239542007,
      0.957243025302887,
      0.2877555787563324
    ],
    [
      -0.26373136043548584,
      -0.27017515897750854,
      0.9259865880012512
    ]
  ],
  "position": [
    0.3022603988647461,
    0.5650395750999451,
    -0.5269089341163635
  ],
  "focal_length": 1474.2796630859375,
  "principal_point": [
    320.0,
    240.0
  ],
  "skew": 0.0,
  "pixel_aspect_ratio": 1.0,
  "radial_distortion": [
    0.057124994695186615,
    0.07796183973550797,
    0.0
  ],
  "tangential_distortion": [
    0.02577873319387436,
    -0.030609173700213432
  ],
  "image_size": [
    640,
    480
  ]
}