{
  "orientation": [
    [
      0.9937706589698792,
      0.09163853526115417,
      -0.06342099606990814
    ],
    [
      -0.07560264319181442,
      0.9724576473236084,
      0.22047755122184753
    ],
    [
      0.08187847584486008,
      -0.21430933475494385,
      0.9733279943466187
    ]
  ],
  "position": [
    -4.819949626922607,
    0.005751610733568668,
    -1.348501443862915
  ],
  "focal_length": 1474.2796630859375,
  "principal_point": [
    320.0,
    240.0
  ],
  "skew": 0.0,
  "pixel_aspect_ratio": 1.0,
  "radial_distortion": [
    0.057124994695186615,
    0.07796183973550797,
    0.0
  ],
  "tangential_distortion": [
    0.02577873319387436,
    -0.030609173700213432
  ],
  "image_size": [
    640,
    480
  ]
}