{
  "orientation": [
    [
      0.8503697514533997,
      -0.2822633385658264,
      0.4440705478191376
    ],
    [
      0.15953229367733002,
      0.9425230026245117,
      0.29359808564186096
    ],
    [
      -0.5014187097549438,
      -0.1788233369588852,
      0.8465231657028198
    ]
  ],
  "position": [
    3.696962594985962,
    -0.9834844470024109,
    1.972900629043579
  ],
  "focal_length": 1474.2796630859375,
  "principal_point": [
    320.0,
    240.0
  ],
  "skew": 0.0,
  "pixel_aspect_ratio": 1.0,
  "radial_distortion": [
    0.057124994695186615,
    0.07796183973550797,
    0.0
  ],
  "tangential_distortion": [
    0.02577873319387436,
    -0.030609173700213432
  ],
  "image_size": [
    640,
    480
  ]
}