{
  "orientation": [
    [
      0.8695256114006042,
      -0.19284455478191376,
      0.4546825587749481
    ],
    [
      0.077719546854496,
      0.962576150894165,
      0.2596282362937927
    ],
    [
      -0.48773446679115295,
      -0.1904156655073166,
      0.8519724011421204
    ]
  ],
  "position": [
    2.995652198791504,
    -0.22172895073890686,
    1.0089244842529297
  ],
  "focal_length": 1474.2796630859375,
  "principal_point": [
    320.0,
    240.0
  ],
  "skew": 0.0,
  "pixel_aspect_ratio": 1.0,
  "radial_distortion": [
    0.057124994695186615,
    0.07796183973550797,
    0.0
  ],
  "tangential_distortion": [
    0.02577873319387436,
    -0.030609173700213432
  ],
  "image_size": [
    640,
    480
  ]
}