{
  "orientation": [
    [
      0.8474686145782471,
      -0.28482896089553833,
      0.44796136021614075
    ],
    [
      0.1603727787733078,
      0.9418064951896667,
      0.2954337000846863
    ],
    [
      -0.5060409903526306,
      -0.17852997779846191,
      0.8438302874565125
    ]
  ],
  "position": [
    3.7457499504089355,
    -0.9943337440490723,
    2.013319730758667
  ],
  "focal_length": 1474.2796630859375,
  "principal_point": [
    320.0,
    240.0
  ],
  "skew": 0.0,
  "pixel_aspect_ratio": 1.0,
  "radial_distortion": [
    0.057124994695186615,
    0.07796183973550797,
    0.0
  ],
  "tangential_distortion": [
    0.02577873319387436,
    -0.030609173700213432
  ],
  "image_size": [
    640,
    480
  ]
}