{
  "orientation": [
    [
      0.9953384399414062,
      0.08483679592609406,
      -0.04587006941437721
    ],
    [
      -0.07268629968166351,
      0.9724768400192261,
      0.22137197852134705
    ],
    [
      0.06338807195425034,
      -0.2170059233903885,
      0.9741100668907166
    ]
  ],
  "position": [
    -4.544398307800293,
    -0.03770814090967178,
    -1.4369733333587646
  ],
  "focal_length": 1474.2796630859375,
  "principal_point": [
    320.0,
    240.0
  ],
  "skew": 0.0,
  "pixel_aspect_ratio": 1.0,
  "radial_distortion": [
    0.057124994695186615,
    0.07796183973550797,
    0.0
  ],
  "tangential_distortion": [
    0.02577873319387436,
    -0.030609173700213432
  ],
  "image_size": [
    640,
    480
  ]
}