{
  "orientation": [
    [
      0.8938913345336914,
      -0.22674284875392914,
      0.3867116868495941
    ],
    [
      0.12478708475828171,
      0.9544116258621216,
      0.2711578905582428
    ],
    [
      -0.4305652379989624,
      -0.1941290646791458,
      0.8814349174499512
    ]
  ],
  "position": [
    1.6512218713760376,
    -0.003697367152199149,
    0.7866900563240051
  ],
  "focal_length": 1474.2796630859375,
  "principal_point": [
    320.0,
    240.0
  ],
  "skew": 0.0,
  "pixel_aspect_ratio": 1.0,
  "radial_distortion": [
    0.057124994695186615,
    0.07796183973550797,
    0.0
  ],
  "tangential_distortion": [
    0.02577873319387436,
    -0.030609173700213432
  ],
  "image_size": [
    640,
    480
  ]
}