{
  "orientation": [
    [
      0.9169450998306274,
      -0.19792671501636505,
      0.34646305441856384
    ],
    [
      0.09722740203142166,
      0.9529585242271423,
      0.28708332777023315
    ],
    [
      -0.3869864046573639,
      -0.2295539528131485,
      0.8930546045303345
    ]
  ],
  "position": [
    2.375565528869629,
    0.15311147272586823,
    0.46715232729911804
  ],
  "focal_length": 1474.2796630859375,
  "principal_point": [
    320.0,
    240.0
  ],
  "skew": 0.0,
  "pixel_aspect_ratio": 1.0,
  "radial_distortion": [
    0.057124994695186615,
    0.07796183973550797,
    0.0
  ],
  "tangential_distortion": [
    0.02577873319387436,
    -0.030609173700213432
  ],
  "image_size": [
    640,
    480
  ]
}