{
  "orientation": [
    [
      0.9160073399543762,
      -0.1413297951221466,
      0.37544170022010803
    ],
    [
      0.049883004277944565,
      0.9687509536743164,
      0.2429676204919815
    ],
    [
      -0.39804807305336,
      -0.20383195579051971,
      0.8944329023361206
    ]
  ],
  "position": [
    1.9143035411834717,
    0.003176299622282386,
    0.3498784899711609
  ],
  "focal_length": 1474.2796630859375,
  "principal_point": [
    320.0,
    240.0
  ],
  "skew": 0.0,
  "pixel_aspect_ratio": 1.0,
  "radial_distortion": [
    0.057124994695186615,
    0.07796183973550797,
    0.0
  ],
  "tangential_distortion": [
    0.02577873319387436,
    -0.030609173700213432
  ],
  "image_size": [
    640,
    480
  ]
}