{
  "orientation": [
    [
      0.9752845168113708,
      -0.0678306296467781,
      0.2102833390235901
    ],
    [
      0.010083043947815895,
      0.9643838405609131,
      0.2643144726753235
    ],
    [
      -0.22072246670722961,
      -0.2556615173816681,
      0.9412325620651245
    ]
  ],
  "position": [
    -1.4167736768722534,
    0.648894190788269,
    -0.7975339889526367
  ],
  "focal_length": 1474.2796630859375,
  "principal_point": [
    320.0,
    240.0
  ],
  "skew": 0.0,
  "pixel_aspect_ratio": 1.0,
  "radial_distortion": [
    0.057124994695186615,
    0.07796183973550797,
    0.0
  ],
  "tangential_distortion": [
    0.02577873319387436,
    -0.030609173700213432
  ],
  "image_size": [
    640,
    480
  ]
}