{
  "orientation": [
    [
      0.9892458319664001,
      0.11162193864583969,
      -0.09451563656330109
    ],
    [
      -0.0891801118850708,
      0.9725074768066406,
      0.21511895954608917
    ],
    [
      0.11592915654182434,
      -0.20437662303447723,
      0.9720034003257751
    ]
  ],
  "position": [
    -5.393741607666016,
    0.03654588758945465,
    -1.328779935836792
  ],
  "focal_length": 1474.2796630859375,
  "principal_point": [
    320.0,
    240.0
  ],
  "skew": 0.0,
  "pixel_aspect_ratio": 1.0,
  "radial_distortion": [
    0.057124994695186615,
    0.07796183973550797,
    0.0
  ],
  "tangential_distortion": [
    0.02577873319387436,
    -0.030609173700213432
  ],
  "image_size": [
    640,
    480
  ]
}