{
  "orientation": [
    [
      0.8172032833099365,
      -0.2523120045661926,
      0.5181866884231567
    ],
    [
      0.10500945895910263,
      0.9492166638374329,
      0.2965816855430603
    ],
    [
      -0.5667025446891785,
      -0.18795304000377655,
      0.8021981716156006
    ]
  ],
  "position": [
    4.201463222503662,
    -0.7985835671424866,
    1.9355498552322388
  ],
  "focal_length": 1474.2796630859375,
  "principal_point": [
    320.0,
    240.0
  ],
  "skew": 0.0,
  "pixel_aspect_ratio": 1.0,
  "radial_distortion": [
    0.057124994695186615,
    0.07796183973550797,
    0.0
  ],
  "tangential_distortion": [
    0.02577873319387436,
    -0.030609173700213432
  ],
  "image_size": [
    640,
    480
  ]
}