{
  "orientation": [
    [
      0.8521811962127686,
      -0.20456287264823914,
      0.4816027879714966
    ],
    [
      0.08889973908662796,
      0.9636345505714417,
      0.25200262665748596
    ],
    [
      -0.5156394839286804,
      -0.17193752527236938,
      0.8393768072128296
    ]
  ],
  "position": [
    2.201695680618286,
    -0.22105219960212708,
    0.9397929310798645
  ],
  "focal_length": 1474.2796630859375,
  "principal_point": [
    320.0,
    240.0
  ],
  "skew": 0.0,
  "pixel_aspect_ratio": 1.0,
  "radial_distortion": [
    0.057124994695186615,
    0.07796183973550797,
    0.0
  ],
  "tangential_distortion": [
    0.02577873319387436,
    -0.030609173700213432
  ],
  "image_size": [
    640,
    480
  ]
}