{
  "orientation": [
    [
      0.9900654554367065,
      -0.006886322051286697,
      0.14043840765953064
    ],
    [
      -0.03292502462863922,
      0.9596762657165527,
      0.2791726887226105
    ],
    [
      -0.1366978883743286,
      -0.28102317452430725,
      0.9499155879020691
    ]
  ],
  "position": [
    -2.629887819290161,
    1.056005835533142,
    -0.8990480899810791
  ],
  "focal_length": 1474.2796630859375,
  "principal_point": [
    320.0,
    240.0
  ],
  "skew": 0.0,
  "pixel_aspect_ratio": 1.0,
  "radial_distortion": [
    0.057124994695186615,
    0.07796183973550797,
    0.0
  ],
  "tangential_distortion": [
    0.02577873319387436,
    -0.030609173700213432
  ],
  "image_size": [
    640,
    480
  ]
}