{
  "orientation": [
    [
      0.9983222484588623,
      0.057673051953315735,
      0.00515252398326993
    ],
    [
      -0.05739153176546097,
      0.9737838506698608,
      0.2201162576675415
    ],
    [
      0.007677331566810608,
      -0.22004267573356628,
      0.9754600524902344
    ]
  ],
  "position": [
    -3.644810914993286,
    -0.016592973843216896,
    -1.553966999053955
  ],
  "focal_length": 1474.2796630859375,
  "principal_point": [
    320.0,
    240.0
  ],
  "skew": 0.0,
  "pixel_aspect_ratio": 1.0,
  "radial_distortion": [
    0.057124994695186615,
    0.07796183973550797,
    0.0
  ],
  "tangential_distortion": [
    0.02577873319387436,
    -0.030609173700213432
  ],
  "image_size": [
    640,
    480
  ]
}