{
  "orientation": [
    [
      0.9951700568199158,
      0.015808070078492165,
      0.09688454866409302
    ],
    [
      -0.03834036737680435,
      0.9711506962776184,
      0.23536434769630432
    ],
    [
      -0.0903688371181488,
      -0.2379421442747116,
      0.9670661687850952
    ]
  ],
  "position": [
    -2.030566453933716,
    0.35206520557403564,
    -1.2636500597000122
  ],
  "focal_length": 1474.2796630859375,
  "principal_point": [
    320.0,
    240.0
  ],
  "skew": 0.0,
  "pixel_aspect_ratio": 1.0,
  "radial_distortion": [
    0.057124994695186615,
    0.07796183973550797,
    0.0
  ],
  "tangential_distortion": [
    0.02577873319387436,
    -0.030609173700213432
  ],
  "image_size": [
    640,
    480
  ]
}