{
  "orientation": [
    [
      0.9598367214202881,
      -0.0735868290066719,
      0.2707367539405823
    ],
    [
      0.0033072226215153933,
      0.9678906798362732,
      0.25134971737861633
    ],
    [
      -0.2805396318435669,
      -0.2403593212366104,
      0.9292604327201843
    ]
  ],
  "position": [
    0.6156436800956726,
    0.5403262972831726,
    -0.8118495345115662
  ],
  "focal_length": 1474.2796630859375,
  "principal_point": [
    320.0,
    240.0
  ],
  "skew": 0.0,
  "pixel_aspect_ratio": 1.0,
  "radial_distortion": [
    0.057124994695186615,
    0.07796183973550797,
    0.0
  ],
  "tangential_distortion": [
    0.02577873319387436,
    -0.030609173700213432
  ],
  "image_size": [
    640,
    480
  ]
}