{
  "orientation": [
    [
      0.984727680683136,
      0.12270893156528473,
      -0.12350685894489288
    ],
    [
      -0.09618772566318512,
      0.9747462272644043,
      0.20153826475143433
    ],
    [
      0.14511840045452118,
      -0.18658046424388885,
      0.971662700176239
    ]
  ],
  "position": [
    -5.9609246253967285,
    -0.08228219300508499,
    -1.4860197305679321
  ],
  "focal_length": 1474.2796630859375,
  "principal_point": [
    320.0,
    240.0
  ],
  "skew": 0.0,
  "pixel_aspect_ratio": 1.0,
  "radial_distortion": [
    0.057124994695186615,
    0.07796183973550797,
    0.0
  ],
  "tangential_distortion": [
    0.02577873319387436,
    -0.030609173700213432
  ],
  "image_size": [
    640,
    480
  ]
}