{
  "orientation": [
    [
      0.783881425857544,
      -0.29072192311286926,
      0.5486443638801575
    ],
    [
      0.13773027062416077,
      0.9430138468742371,
      0.30291134119033813
    ],
    [
      -0.605442225933075,
      -0.16188162565231323,
      0.7792522311210632
    ]
  ],
  "position": [
    3.65537691116333,
    -0.8358296155929565,
    2.064654588699341
  ],
  "focal_length": 1474.2796630859375,
  "principal_point": [
    320.0,
    240.0
  ],
  "skew": 0.0,
  "pixel_aspect_ratio": 1.0,
  "radial_distortion": [
    0.057124994695186615,
    0.07796183973550797,
    0.0
  ],
  "tangential_distortion": [
    0.02577873319387436,
    -0.030609173700213432
  ],
  "image_size": [
    640,
    480
  ]
}