{
  "orientation": [
    [
      0.9968864917755127,
      0.028249066323041916,
      0.073616161942482
    ],
    [
      -0.04355860501527786,
      0.9755290746688843,
      0.2155124545097351
    ],
    [
      -0.06572668254375458,
      -0.2180480808019638,
      0.9737222790718079
    ]
  ],
  "position": [
    -2.4384572505950928,
    0.04526985064148903,
    -1.2744791507720947
  ],
  "focal_length": 1474.2796630859375,
  "principal_point": [
    320.0,
    240.0
  ],
  "skew": 0.0,
  "pixel_aspect_ratio": 1.0,
  "radial_distortion": [
    0.057124994695186615,
    0.07796183973550797,
    0.0
  ],
  "tangential_distortion": [
    0.02577873319387436,
    -0.030609173700213432
  ],
  "image_size": [
    640,
    480
  ]
}