{
  "orientation": [
    [
      0.8641432523727417,
      -0.26928719878196716,
      0.4251362979412079
    ],
    [
      0.15253639221191406,
      0.945203959941864,
      0.28865575790405273
    ],
    [
      -0.47957178950309753,
      -0.1845911592245102,
      0.8578677177429199
    ]
  ],
  "position": [
    3.4233286380767822,
    -0.8331167101860046,
    1.7726954221725464
  ],
  "focal_length": 1474.2796630859375,
  "principal_point": [
    320.0,
    240.0
  ],
  "skew": 0.0,
  "pixel_aspect_ratio": 1.0,
  "radial_distortion": [
    0.057124994695186615,
    0.07796183973550797,
    0.0
  ],
  "tangential_distortion": [
    0.02577873319387436,
    -0.030609173700213432
  ],
  "image_size": [
    640,
    480
  ]
}