{
  "orientation": [
    [
      0.9864814281463623,
      -0.03098323754966259,
      0.16091734170913696
    ],
    [
      -0.018510226160287857,
      0.9546119570732117,
      0.2972766160964966
    ],
    [
      -0.16282421350479126,
      -0.29623648524284363,
      0.9411334991455078
    ]
  ],
  "position": [
    -2.2982470989227295,
    1.2389940023422241,
    -0.7521826028823853
  ],
  "focal_length": 1474.2796630859375,
  "principal_point": [
    320.0,
    240.0
  ],
  "skew": 0.0,
  "pixel_aspect_ratio": 1.0,
  "radial_distortion": [
    0.057124994695186615,
    0.07796183973550797,
    0.0
  ],
  "tangential_distortion": [
    0.02577873319387436,
    -0.030609173700213432
  ],
  "image_size": [
    640,
    480
  ]
}