{
  "orientation": [
    [
      0.9365697503089905,
      -0.1187877357006073,
      0.3297370672225952
    ],
    [
      0.03786090016365051,
      0.9695973992347717,
      0.24175900220870972
    ],
    [
      -0.34843021631240845,
      -0.21394002437591553,
      0.9125930070877075
    ]
  ],
  "position": [
    1.4614731073379517,
    0.3323449492454529,
    -0.03519604355096817
  ],
  "focal_length": 1474.2796630859375,
  "principal_point": [
    320.0,
    240.0
  ],
  "skew": 0.0,
  "pixel_aspect_ratio": 1.0,
  "radial_distortion": [
    0.057124994695186615,
    0.07796183973550797,
    0.0
  ],
  "tangential_distortion": [
    0.02577873319387436,
    -0.030609173700213432
  ],
  "image_size": [
    640,
    480
  ]
}