{
  "orientation": [
    [
      0.9855570793151855,
      -0.03369598090648651,
      0.1659572869539261
    ],
    [
      -0.01764851063489914,
      0.9542293548583984,
      0.29855459928512573
    ],
    [
      -0.1684214025735855,
      -0.2971715033054352,
      0.9398528337478638
    ]
  ],
  "position": [
    -2.2400033473968506,
    1.2363790273666382,
    -0.7171986103057861
  ],
  "focal_length": 1474.2796630859375,
  "principal_point": [
    320.0,
    240.0
  ],
  "skew": 0.0,
  "pixel_aspect_ratio": 1.0,
  "radial_distortion": [
    0.057124994695186615,
    0.07796183973550797,
    0.0
  ],
  "tangential_distortion": [
    0.02577873319387436,
    -0.030609173700213432
  ],
  "image_size": [
    640,
    480
  ]
}