{
  "orientation": [
    [
      0.9791602492332458,
      -0.021890081465244293,
      0.20190586149692535
    ],
    [
      -0.03212204575538635,
      0.9649669528007507,
      0.2603977620601654
    ],
    [
      -0.20053261518478394,
      -0.26145678758621216,
      0.9441541433334351
    ]
  ],
  "position": [
    -0.605567991733551,
    0.6198369860649109,
    -0.855785608291626
  ],
  "focal_length": 1474.2796630859375,
  "principal_point": [
    320.0,
    240.0
  ],
  "skew": 0.0,
  "pixel_aspect_ratio": 1.0,
  "radial_distortion": [
    0.057124994695186615,
    0.07796183973550797,
    0.0
  ],
  "tangential_distortion": [
    0.02577873319387436,
    -0.030609173700213432
  ],
  "image_size": [
    640,
    480
  ]
}