{
  "orientation": [
    [
      0.9945924878120422,
      0.08978774398565292,
      -0.05219155550003052
    ],
    [
      -0.07720590382814407,
      0.9753583073616028,
      0.20667722821235657
    ],
    [
      0.06946254521608353,
      -0.2015301138162613,
      0.9770161509513855
    ]
  ],
  "position": [
    -5.911860466003418,
    -0.19962018728256226,
    -1.0705934762954712
  ],
  "focal_length": 1474.2796630859375,
  "principal_point": [
    320.0,
    240.0
  ],
  "skew": 0.0,
  "pixel_aspect_ratio": 1.0,
  "radial_distortion": [
    0.057124994695186615,
    0.07796183973550797,
    0.0
  ],
  "tangential_distortion": [
    0.02577873319387436,
    -0.030609173700213432
  ],
  "image_size": [
    640,
    480
  ]
}