{
  "orientation": [
    [
      0.9136664271354675,
      -0.1345285177230835,
      0.38355666399002075
    ],
    [
      0.048742201179265976,
      0.9730938673019409,
      0.2251942902803421
    ],
    [
      -0.4035317003726959,
      -0.18705707788467407,
      0.8956404328346252
    ]
  ],
  "position": [
    0.7377570867538452,
    0.09731316566467285,
    0.14384788274765015
  ],
  "focal_length": 1474.2796630859375,
  "principal_point": [
    320.0,
    240.0
  ],
  "skew": 0.0,
  "pixel_aspect_ratio": 1.0,
  "radial_distortion": [
    0.057124994695186615,
    0.07796183973550797,
    0.0
  ],
  "tangential_distortion": [
    0.02577873319387436,
    -0.030609173700213432
  ],
  "image_size": [
    640,
    480
  ]
}