{
  "orientation": [
    [
      0.9477680325508118,
      -0.13230249285697937,
      0.29022714495658875
    ],
    [
      0.05005480721592903,
      0.9603355526924133,
      0.2743176817893982
    ],
    [
      -0.31500834226608276,
      -0.24546226859092712,
      0.9167976975440979
    ]
  ],
  "position": [
    -0.20080675184726715,
    0.4977567791938782,
    -0.4261402189731598
  ],
  "focal_length": 1474.2796630859375,
  "principal_point": [
    320.0,
    240.0
  ],
  "skew": 0.0,
  "pixel_aspect_ratio": 1.0,
  "radial_distortion": [
    0.057124994695186615,
    0.07796183973550797,
    0.0
  ],
  "tangential_distortion": [
    0.02577873319387436,
    -0.030609173700213432
  ],
  "image_size": [
    640,
    480
  ]
}