{
  "orientation": [
    [
      0.8889690041542053,
      -0.2335456758737564,
      0.39394232630729675
    ],
    [
      0.12980255484580994,
      0.9534136056900024,
      0.2723119258880615
    ],
    [
      -0.43918725848197937,
      -0.19094213843345642,
      0.8778699636459351
    ]
  ],
  "position": [
    1.739329218864441,
    -0.07680237293243408,
    0.9310289025306702
  ],
  "focal_length": 1474.2796630859375,
  "principal_point": [
    320.0,
    240.0
  ],
  "skew": 0.0,
  "pixel_aspect_ratio": 1.0,
  "radial_distortion": [
    0.057124994695186615,
    0.07796183973550797,
    0.0
  ],
  "tangential_distortion": [
    0.02577873319387436,
    -0.030609173700213432
  ],
  "image_size": [
    640,
    480
  ]
}