{
  "orientation": [
    [
      0.9468533992767334,
      -0.09076566994190216,
      0.3085939586162567
    ],
    [
      0.018119074404239655,
      0.97288978099823,
      0.23055827617645264
    ],
    [
      -0.3211546838283539,
      -0.21271345019340515,
      0.9228286147117615
    ]
  ],
  "position": [
    -0.12694358825683594,
    0.48978766798973083,
    -0.6333990097045898
  ],
  "focal_length": 1474.2796630859375,
  "principal_point": [
    320.0,
    240.0
  ],
  "skew": 0.0,
  "pixel_aspect_ratio": 1.0,
  "radial_distortion": [
    0.057124994695186615,
    0.07796183973550797,
    0.0
  ],
  "tangential_distortion": [
    0.02577873319387436,
    -0.030609173700213432
  ],
  "image_size": [
    640,
    480
  ]
}