{
  "orientation": [
    [
      0.7872411012649536,
      -0.29928791522979736,
      0.539145827293396
    ],
    [
      0.13457484543323517,
      0.9366313219070435,
      0.32343676686286926
    ],
    [
      -0.6017816066741943,
      -0.18206726014614105,
      0.7776312828063965
    ]
  ],
  "position": [
    4.705842018127441,
    -1.0997551679611206,
    2.5102784633636475
  ],
  "focal_length": 1474.2796630859375,
  "principal_point": [
    320.0,
    240.0
  ],
  "skew": 0.0,
  "pixel_aspect_ratio": 1.0,
  "radial_distortion": [
    0.057124994695186615,
    0.07796183973550797,
    0.0
  ],
  "tangential_distortion": [
    0.02577873319387436,
    -0.030609173700213432
  ],
  "image_size": [
    640,
    480
  ]
}