{
  "orientation": [
    [
      0.8707817792892456,
      -0.2631351947784424,
      0.4153299629688263
    ],
    [
      0.14823539555072784,
      0.9459320902824402,
      0.2885112464427948
    ],
    [
      -0.4687913954257965,
      -0.18966372311115265,
      0.8627063632011414
    ]
  ],
  "position": [
    3.2700538635253906,
    -0.6803908944129944,
    1.6767287254333496
  ],
  "focal_length": 1474.2796630859375,
  "principal_point": [
    320.0,
    240.0
  ],
  "skew": 0.0,
  "pixel_aspect_ratio": 1.0,
  "radial_distortion": [
    0.057124994695186615,
    0.07796183973550797,
    0.0
  ],
  "tangential_distortion": [
    0.02577873319387436,
    -0.030609173700213432
  ],
  "image_size": [
    640,
    480
  ]
}