{
  "orientation": [
    [
      0.9364068508148193,
      -0.10805688053369522,
      0.33386510610580444
    ],
    [
      0.03184078261256218,
      0.9736484885215759,
      0.22582021355628967
    ],
    [
      -0.3494686782360077,
      -0.20082907378673553,
      0.91517174243927
    ]
  ],
  "position": [
    0.23519162833690643,
    0.43368756771087646,
    -0.3116321861743927
  ],
  "focal_length": 1474.2796630859375,
  "principal_point": [
    320.0,
    240.0
  ],
  "skew": 0.0,
  "pixel_aspect_ratio": 1.0,
  "radial_distortion": [
    0.057124994695186615,
    0.07796183973550797,
    0.0
  ],
  "tangential_distortion": [
    0.02577873319387436,
    -0.030609173700213432
  ],
  "image_size": [
    640,
    480
  ]
}