{
  "orientation": [
    [
      0.9906606078147888,
      0.10822553932666779,
      -0.08293850719928741
    ],
    [
      -0.08954139053821564,
      0.9751027226448059,
      0.20287182927131653
    ],
    [
      0.1028294786810875,
      -0.193550705909729,
      0.9756865501403809
    ]
  ],
  "position": [
    -6.43214750289917,
    -0.19125008583068848,
    -0.9264803528785706
  ],
  "focal_length": 1474.2796630859375,
  "principal_point": [
    320.0,
    240.0
  ],
  "skew": 0.0,
  "pixel_aspect_ratio": 1.0,
  "radial_distortion": [
    0.057124994695186615,
    0.07796183973550797,
    0.0
  ],
  "tangential_distortion": [
    0.02577873319387436,
    -0.030609173700213432
  ],
  "image_size": [
    640,
    480
  ]
}