{
  "orientation": [
    [
      0.9923892617225647,
      0.0512838214635849,
      0.1119532659649849
    ],
    [
      -0.08042506873607635,
      0.9583922624588013,
      0.2738906443119049
    ],
    [
      -0.09324898570775986,
      -0.2808099687099457,
      0.9552226662635803
    ]
  ],
  "position": [
    -3.696134328842163,
    0.7094792723655701,
    -0.731375515460968
  ],
  "focal_length": 1474.2796630859375,
  "principal_point": [
    320.0,
    240.0
  ],
  "skew": 0.0,
  "pixel_aspect_ratio": 1.0,
  "radial_distortion": [
    0.057124994695186615,
    0.07796183973550797,
    0.0
  ],
  "tangential_distortion": [
    0.02577873319387436,
    -0.030609173700213432
  ],
  "image_size": [
    640,
    480
  ]
}