{
  "orientation": [
    [
      0.9671003818511963,
      -0.045300133526325226,
      0.2503293752670288
    ],
    [
      -0.016920901834964752,
      0.9703841805458069,
      0.24097348749637604
    ],
    [
      -0.25383180379867554,
      -0.23728133738040924,
      0.9376923441886902
    ]
  ],
  "position": [
    -1.1020631790161133,
    0.5650750398635864,
    -0.8839724659919739
  ],
  "focal_length": 1474.2796630859375,
  "principal_point": [
    320.0,
    240.0
  ],
  "skew": 0.0,
  "pixel_aspect_ratio": 1.0,
  "radial_distortion": [
    0.057124994695186615,
    0.07796183973550797,
    0.0
  ],
  "tangential_distortion": [
    0.02577873319387436,
    -0.030609173700213432
  ],
  "image_size": [
    640,
    480
  ]
}