{
  "orientation": [
    [
      0.9173125624656677,
      -0.1899878829717636,
      0.34991756081581116
    ],
    [
      0.09523019939661026,
      0.9579987525939941,
      0.2704988121986389
    ],
    [
      -0.38661208748817444,
      -0.21480925381183624,
      0.896876871585846
    ]
  ],
  "position": [
    1.1706808805465698,
    0.33505502343177795,
    0.197649747133255
  ],
  "focal_length": 1474.2796630859375,
  "principal_point": [
    320.0,
    240.0
  ],
  "skew": 0.0,
  "pixel_aspect_ratio": 1.0,
  "radial_distortion": [
    0.057124994695186615,
    0.07796183973550797,
    0.0
  ],
  "tangential_distortion": [
    0.02577873319387436,
    -0.030609173700213432
  ],
  "image_size": [
    640,
    480
  ]
}