{
  "orientation": [
    [
      0.9656340479850769,
      -0.0996844694018364,
      0.24002882838249207
    ],
    [
      0.02742103859782219,
      0.95744389295578,
      0.2873138189315796
    ],
    [
      -0.2584548592567444,
      -0.27085816860198975,
      0.9272739291191101
    ]
  ],
  "position": [
    0.2343929260969162,
    0.5698676705360413,
    -0.5547468066215515
  ],
  "focal_length": 1474.2796630859375,
  "principal_point": [
    320.0,
    240.0
  ],
  "skew": 0.0,
  "pixel_aspect_ratio": 1.0,
  "radial_distortion": [
    0.057124994695186615,
    0.07796183973550797,
    0.0
  ],
  "tangential_distortion": [
    0.02577873319387436,
    -0.030609173700213432
  ],
  "image_size": [
    640,
    480
  ]
}