{
  "orientation": [
    [
      0.9433218836784363,
      -0.1454439014196396,
      0.29831168055534363
    ],
    [
      0.056494660675525665,
      0.956109881401062,
      0.28751036524772644
    ],
    [
      -0.32703539729118347,
      -0.2543618083000183,
      0.9101362228393555
    ]
  ],
  "position": [
    1.3516817092895508,
    0.3533640205860138,
    -0.11943529546260834
  ],
  "focal_length": 1474.2796630859375,
  "principal_point": [
    320.0,
    240.0
  ],
  "skew": 0.0,
  "pixel_aspect_ratio": 1.0,
  "radial_distortion": [
    0.057124994695186615,
    0.07796183973550797,
    0.0
  ],
  "tangential_distortion": [
    0.02577873319387436,
    -0.030609173700213432
  ],
  "image_size": [
    640,
    480
  ]
}