{
  "orientation": [
    [
      0.8736745715141296,
      -0.2600385844707489,
      0.4111844301223755
    ],
    [
      0.1460273563861847,
      0.94636470079422,
      0.2882184684276581
    ],
    [
      -0.4640783667564392,
      -0.1917649656534195,
      0.8647875189781189
    ]
  ],
  "position": [
    3.2118380069732666,
    -0.6240788698196411,
    1.6133145093917847
  ],
  "focal_length": 1474.2796630859375,
  "principal_point": [
    320.0,
    240.0
  ],
  "skew": 0.0,
  "pixel_aspect_ratio": 1.0,
  "radial_distortion": [
    0.057124994695186615,
    0.07796183973550797,
    0.0
  ],
  "tangential_distortion": [
    0.02577873319387436,
    -0.030609173700213432
  ],
  "image_size": [
    640,
    480
  ]
}