{
  "orientation": [
    [
      0.990472674369812,
      -0.0005970473866909742,
      0.13770802319049835
    ],
    [
      -0.03656390309333801,
      0.9629574418067932,
      0.26716291904449463
    ],
    [
      -0.1327664703130722,
      -0.26965272426605225,
      0.9537612199783325
    ]
  ],
  "position": [
    -2.697472333908081,
    0.9028463959693909,
    -0.9747941493988037
  ],
  "focal_length": 1474.2796630859375,
  "principal_point": [
    320.0,
    240.0
  ],
  "skew": 0.0,
  "pixel_aspect_ratio": 1.0,
  "radial_distortion": [
    0.057124994695186615,
    0.07796183973550797,
    0.0
  ],
  "tangential_distortion": [
    0.02577873319387436,
    -0.030609173700213432
  ],
  "image_size": [
    640,
    480
  ]
}