{
  "orientation": [
    [
      0.9877752065658569,
      -0.02300657518208027,
      0.15417790412902832
    ],
    [
      -0.023679977282881737,
      0.9554256796836853,
      0.2942805886268616
    ],
    [
      -0.15407592058181763,
      -0.2943340241909027,
      0.9432010054588318
    ]
  ],
  "position": [
    -2.3971078395843506,
    1.2305607795715332,
    -0.7716991901397705
  ],
  "focal_length": 1474.2796630859375,
  "principal_point": [
    320.0,
    240.0
  ],
  "skew": 0.0,
  "pixel_aspect_ratio": 1.0,
  "radial_distortion": [
    0.057124994695186615,
    0.07796183973550797,
    0.0
  ],
  "tangential_distortion": [
    0.02577873319387436,
    -0.030609173700213432
  ],
  "image_size": [
    640,
    480
  ]
}