{
  "orientation": [
    [
      0.8023884892463684,
      -0.303593248128891,
      0.5138130187988281
    ],
    [
      0.16440048813819885,
      0.9400734305381775,
      0.2987213134765625
    ],
    [
      -0.5737117528915405,
      -0.1552194356918335,
      0.8042150139808655
    ]
  ],
  "position": [
    3.449700355529785,
    -0.7530878186225891,
    2.0550923347473145
  ],
  "focal_length": 1474.2796630859375,
  "principal_point": [
    320.0,
    240.0
  ],
  "skew": 0.0,
  "pixel_aspect_ratio": 1.0,
  "radial_distortion": [
    0.057124994695186615,
    0.07796183973550797,
    0.0
  ],
  "tangential_distortion": [
    0.02577873319387436,
    -0.030609173700213432
  ],
  "image_size": [
    640,
    480
  ]
}