{
  "orientation": [
    [
      0.8247079253196716,
      -0.2422957867383957,
      0.5110279321670532
    ],
    [
      0.09951988607645035,
      0.9516538381576538,
      0.29060420393943787
    ],
    [
      -0.5567338466644287,
      -0.18880616128444672,
      0.8089497089385986
    ]
  ],
  "position": [
    4.035833358764648,
    -0.7146804928779602,
    1.7885032892227173
  ],
  "focal_length": 1474.2796630859375,
  "principal_point": [
    320.0,
    240.0
  ],
  "skew": 0.0,
  "pixel_aspect_ratio": 1.0,
  "radial_distortion": [
    0.057124994695186615,
    0.07796183973550797,
    0.0
  ],
  "tangential_distortion": [
    0.02577873319387436,
    -0.030609173700213432
  ],
  "image_size": [
    640,
    480
  ]
}