{
  "orientation": [
    [
      0.9530678391456604,
      -0.12199296802282333,
      0.2770908772945404
    ],
    [
      0.043264638632535934,
      0.9607117176055908,
      0.27415531873703003
    ],
    [
      -0.2996494770050049,
      -0.24930040538311005,
      0.9209014773368835
    ]
  ],
  "position": [
    -0.4728677570819855,
    0.5497501492500305,
    -0.5033708214759827
  ],
  "focal_length": 1474.2796630859375,
  "principal_point": [
    320.0,
    240.0
  ],
  "skew": 0.0,
  "pixel_aspect_ratio": 1.0,
  "radial_distortion": [
    0.057124994695186615,
    0.07796183973550797,
    0.0
  ],
  "tangential_distortion": [
    0.02577873319387436,
    -0.030609173700213432
  ],
  "image_size": [
    640,
    480
  ]
}