{
  "orientation": [
    [
      0.9828380346298218,
      0.12672875821590424,
      -0.13404928147792816
    ],
    [
      -0.09809480607509613,
      0.974456787109375,
      0.20201820135116577
    ],
    [
      0.1562267541885376,
      -0.18540163338184357,
      0.9701646566390991
    ]
  ],
  "position": [
    -6.141057968139648,
    -0.0888092964887619,
    -1.4921278953552246
  ],
  "focal_length": 1474.2796630859375,
  "principal_point": [
    320.0,
    240.0
  ],
  "skew": 0.0,
  "pixel_aspect_ratio": 1.0,
  "radial_distortion": [
    0.057124994695186615,
    0.07796183973550797,
    0.0
  ],
  "tangential_distortion": [
    0.02577873319387436,
    -0.030609173700213432
  ],
  "image_size": [
    640,
    480
  ]
}