{
  "orientation": [
    [
      0.9952259063720703,
      0.08577032387256622,
      0.04657146707177162
    ],
    [
      -0.0949685201048851,
      0.9610713720321655,
      0.259466290473938
    ],
    [
      -0.022503996267914772,
      -0.26265040040016174,
      0.9646285772323608
    ]
  ],
  "position": [
    -3.1615612506866455,
    0.329180508852005,
    -1.2884010076522827
  ],
  "focal_length": 1474.2796630859375,
  "principal_point": [
    320.0,
    240.0
  ],
  "skew": 0.0,
  "pixel_aspect_ratio": 1.0,
  "radial_distortion": [
    0.057124994695186615,
    0.07796183973550797,
    0.0
  ],
  "tangential_distortion": [
    0.02577873319387436,
    -0.030609173700213432
  ],
  "image_size": [
    640,
    480
  ]
}