{
  "orientation": [
    [
      0.7895717024803162,
      -0.2938094735145569,
      0.5387508869171143
    ],
    [
      0.13024455308914185,
      0.9381660223007202,
      0.32075053453445435
    ],
    [
      -0.599677324295044,
      -0.18308617174625397,
      0.7790164351463318
    ]
  ],
  "position": [
    4.713706970214844,
    -1.0606718063354492,
    2.462984323501587
  ],
  "focal_length": 1474.2796630859375,
  "principal_point": [
    320.0,
    240.0
  ],
  "skew": 0.0,
  "pixel_aspect_ratio": 1.0,
  "radial_distortion": [
    0.057124994695186615,
    0.07796183973550797,
    0.0
  ],
  "tangential_distortion": [
    0.02577873319387436,
    -0.030609173700213432
  ],
  "image_size": [
    640,
    480
  ]
}