{
  "orientation": [
    [
      0.9318225979804993,
      -0.123521588742733,
      0.34124627709388733
    ],
    [
      0.04003524407744408,
      0.9695433378219604,
      0.24162545800209045
    ],
    [
      -0.36069902777671814,
      -0.211490198969841,
      0.9083876609802246
    ]
  ],
  "position": [
    1.5856969356536865,
    0.24488763511180878,
    0.07646097987890244
  ],
  "focal_length": 1474.2796630859375,
  "principal_point": [
    320.0,
    240.0
  ],
  "skew": 0.0,
  "pixel_aspect_ratio": 1.0,
  "radial_distortion": [
    0.057124994695186615,
    0.07796183973550797,
    0.0
  ],
  "tangential_distortion": [
    0.02577873319387436,
    -0.030609173700213432
  ],
  "image_size": [
    640,
    480
  ]
}