{
  "orientation": [
    [
      0.9758524298667908,
      0.13911575078964233,
      -0.16840070486068726
    ],
    [
      -0.10395336151123047,
      0.9738338589668274,
      0.2020922750234604
    ],
    [
      0.19210852682590485,
      -0.1797064244747162,
      0.9647797346115112
    ]
  ],
  "position": [
    -6.671156883239746,
    -0.25433290004730225,
    -1.3547157049179077
  ],
  "focal_length": 1474.2796630859375,
  "principal_point": [
    320.0,
    240.0
  ],
  "skew": 0.0,
  "pixel_aspect_ratio": 1.0,
  "radial_distortion": [
    0.057124994695186615,
    0.07796183973550797,
    0.0
  ],
  "tangential_distortion": [
    0.02577873319387436,
    -0.030609173700213432
  ],
  "image_size": [
    640,
    480
  ]
}