{
  "orientation": [
    [
      0.8619523048400879,
      -0.20146173238754272,
      0.4652434289455414
    ],
    [
      0.0816347599029541,
      0.9608358144760132,
      0.264821320772171
    ],
    [
      -0.500373899936676,
      -0.19028329849243164,
      0.8446409106254578
    ]
  ],
  "position": [
    3.2115259170532227,
    -0.30864277482032776,
    1.155396819114685
  ],
  "focal_length": 1474.2796630859375,
  "principal_point": [
    320.0,
    240.0
  ],
  "skew": 0.0,
  "pixel_aspect_ratio": 1.0,
  "radial_distortion": [
    0.057124994695186615,
    0.07796183973550797,
    0.0
  ],
  "tangential_distortion": [
    0.02577873319387436,
    -0.030609173700213432
  ],
  "image_size": [
    640,
    480
  ]
}