{
  "orientation": [
    [
      0.8018114566802979,
      -0.2725003659725189,
      0.5318288803100586
    ],
    [
      0.11605077981948853,
      0.9440382719039917,
      0.30874577164649963
    ],
    [
      -0.5862001180648804,
      -0.18583674728870392,
      0.7885645627975464
    ]
  ],
  "position": [
    4.539240837097168,
    -0.8892320990562439,
    2.286520004272461
  ],
  "focal_length": 1474.2796630859375,
  "principal_point": [
    320.0,
    240.0
  ],
  "skew": 0.0,
  "pixel_aspect_ratio": 1.0,
  "radial_distortion": [
    0.057124994695186615,
    0.07796183973550797,
    0.0
  ],
  "tangential_distortion": [
    0.02577873319387436,
    -0.030609173700213432
  ],
  "image_size": [
    640,
    480
  ]
}