{
  "orientation": [
    [
      0.8301306366920471,
      -0.2904318571090698,
      0.47595423460006714
    ],
    [
      0.16847681999206543,
      0.9443797469139099,
      0.2824224829673767
    ],
    [
      -0.5315060019493103,
      -0.1542603075504303,
      0.8328896164894104
    ]
  ],
  "position": [
    2.930194616317749,
    -0.8018869757652283,
    1.8463062047958374
  ],
  "focal_length": 1474.2796630859375,
  "principal_point": [
    320.0,
    240.0
  ],
  "skew": 0.0,
  "pixel_aspect_ratio": 1.0,
  "radial_distortion": [
    0.057124994695186615,
    0.07796183973550797,
    0.0
  ],
  "tangential_distortion": [
    0.02577873319387436,
    -0.030609173700213432
  ],
  "image_size": [
    640,
    480
  ]
}