{
  "orientation": [
    [
      0.9711035490036011,
      -0.08562429249286652,
      0.22276967763900757
    ],
    [
      0.01941719464957714,
      0.9586764574050903,
      0.283835232257843
    ],
    [
      -0.23786723613739014,
      -0.2713078558444977,
      0.9326366782188416
    ]
  ],
  "position": [
    0.0004856731684412807,
    0.599740743637085,
    -0.6597844958305359
  ],
  "focal_length": 1474.2796630859375,
  "principal_point": [
    320.0,
    240.0
  ],
  "skew": 0.0,
  "pixel_aspect_ratio": 1.0,
  "radial_distortion": [
    0.057124994695186615,
    0.07796183973550797,
    0.0
  ],
  "tangential_distortion": [
    0.02577873319387436,
    -0.030609173700213432
  ],
  "image_size": [
    640,
    480
  ]
}