{
  "orientation": [
    [
      0.87052983045578,
      -0.25437113642692566,
      0.42127561569213867
    ],
    [
      0.14608855545520782,
      0.951038122177124,
      0.27236849069595337
    ],
    [
      -0.46993184089660645,
      -0.1755613535642624,
      0.8650677800178528
    ]
  ],
  "position": [
    2.1189932823181152,
    -0.37802833318710327,
    1.3537861108779907
  ],
  "focal_length": 1474.2796630859375,
  "principal_point": [
    320.0,
    240.0
  ],
  "skew": 0.0,
  "pixel_aspect_ratio": 1.0,
  "radial_distortion": [
    0.057124994695186615,
    0.07796183973550797,
    0.0
  ],
  "tangential_distortion": [
    0.02577873319387436,
    -0.030609173700213432
  ],
  "image_size": [
    640,
    480
  ]
}