{
  "orientation": [
    [
      0.7998573184013367,
      -0.3105754256248474,
      0.5135865807533264
    ],
    [
      0.1567859649658203,
      0.9341147541999817,
      0.32069894671440125
    ],
    [
      -0.5793499946594238,
      -0.1759902387857437,
      0.7958523631095886
    ]
  ],
  "position": [
    4.596634387969971,
    -1.059097170829773,
    2.4513893127441406
  ],
  "focal_length": 1474.2796630859375,
  "principal_point": [
    320.0,
    240.0
  ],
  "skew": 0.0,
  "pixel_aspect_ratio": 1.0,
  "radial_distortion": [
    0.057124994695186615,
    0.07796183973550797,
    0.0
  ],
  "tangential_distortion": [
    0.02577873319387436,
    -0.030609173700213432
  ],
  "image_size": [
    640,
    480
  ]
}