{
  "orientation": [
    [
      0.883886992931366,
      -0.23930107057094574,
      0.40184423327445984
    ],
    [
      0.13433866202831268,
      0.952885091304779,
      0.27196168899536133
    ],
    [
      -0.44799208641052246,
      -0.1864001750946045,
      0.8743901252746582
    ]
  ],
  "position": [
    1.8376542329788208,
    -0.15577314794063568,
    1.0727897882461548
  ],
  "focal_length": 1474.2796630859375,
  "principal_point": [
    320.0,
    240.0
  ],
  "skew": 0.0,
  "pixel_aspect_ratio": 1.0,
  "radial_distortion": [
    0.057124994695186615,
    0.07796183973550797,
    0.0
  ],
  "tangential_distortion": [
    0.02577873319387436,
    -0.030609173700213432
  ],
  "image_size": [
    640,
    480
  ]
}