{
  "orientation": [
    [
      0.8361465930938721,
      -0.22236236929893494,
      0.5014118552207947
    ],
    [
      0.0975947231054306,
      0.9598669409751892,
      0.26292717456817627
    ],
    [
      -0.539753794670105,
      -0.17091050744056702,
      0.8242908716201782
    ]
  ],
  "position": [
    2.5889763832092285,
    -0.3834141790866852,
    1.1458741426467896
  ],
  "focal_length": 1474.2796630859375,
  "principal_point": [
    320.0,
    240.0
  ],
  "skew": 0.0,
  "pixel_aspect_ratio": 1.0,
  "radial_distortion": [
    0.057124994695186615,
    0.07796183973550797,
    0.0
  ],
  "tangential_distortion": [
    0.02577873319387436,
    -0.030609173700213432
  ],
  "image_size": [
    640,
    480
  ]
}