{
  "orientation": [
    [
      0.9809950590133667,
      -0.04687461629509926,
      0.188285693526268
    ],
    [
      -0.009349064901471138,
      0.957834780216217,
      0.2871674597263336
    ],
    [
      -0.193807452917099,
      -0.28347015380859375,
      0.9391929507255554
    ]
  ],
  "position": [
    -1.8730136156082153,
    1.0700548887252808,
    -0.6892266869544983
  ],
  "focal_length": 1474.2796630859375,
  "principal_point": [
    320.0,
    240.0
  ],
  "skew": 0.0,
  "pixel_aspect_ratio": 1.0,
  "radial_distortion": [
    0.057124994695186615,
    0.07796183973550797,
    0.0
  ],
  "tangential_distortion": [
    0.02577873319387436,
    -0.030609173700213432
  ],
  "image_size": [
    640,
    480
  ]
}