{
  "orientation": [
    [
      0.9220254421234131,
      -0.18291860818862915,
      0.34118884801864624
    ],
    [
      0.0898016169667244,
      0.9583494663238525,
      0.2711125314235687
    ],
    [
      -0.3765696585178375,
      -0.21933335065841675,
      0.9000489711761475
    ]
  ],
  "position": [
    1.0305042266845703,
    0.37784186005592346,
    0.11293944716453552
  ],
  "focal_length": 1474.2796630859375,
  "principal_point": [
    320.0,
    240.0
  ],
  "skew": 0.0,
  "pixel_aspect_ratio": 1.0,
  "radial_distortion": [
    0.057124994695186615,
    0.07796183973550797,
    0.0
  ],
  "tangential_distortion": [
    0.02577873319387436,
    -0.030609173700213432
  ],
  "image_size": [
    640,
    480
  ]
}