{
  "orientation": [
    [
      0.9917890429496765,
      0.03163466602563858,
      0.12390999495983124
    ],
    [
      -0.06429212540388107,
      0.9609146118164062,
      0.2692762017250061
    ],
    [
      -0.1105484589934349,
      -0.2750316262245178,
      0.9550584554672241
    ]
  ],
  "position": [
    -2.0579967498779297,
    0.6958131194114685,
    -0.8457649946212769
  ],
  "focal_length": 1474.2796630859375,
  "principal_point": [
    320.0,
    240.0
  ],
  "skew": 0.0,
  "pixel_aspect_ratio": 1.0,
  "radial_distortion": [
    0.057124994695186615,
    0.07796183973550797,
    0.0
  ],
  "tangential_distortion": [
    0.02577873319387436,
    -0.030609173700213432
  ],
  "image_size": [
    640,
    480
  ]
}