{
  "orientation": [
    [
      0.867019534111023,
      -0.18587830662727356,
      0.4623054563999176
    ],
    [
      0.07841327041387558,
      0.9671518802642822,
      0.24180272221565247
    ],
    [
      -0.4920654892921448,
      -0.17339679598808289,
      0.8531149625778198
    ]
  ],
  "position": [
    1.7636642456054688,
    -0.06797202676534653,
    0.7292876243591309
  ],
  "focal_length": 1474.2796630859375,
  "principal_point": [
    320.0,
    240.0
  ],
  "skew": 0.0,
  "pixel_aspect_ratio": 1.0,
  "radial_distortion": [
    0.057124994695186615,
    0.07796183973550797,
    0.0
  ],
  "tangential_distortion": [
    0.02577873319387436,
    -0.030609173700213432
  ],
  "image_size": [
    640,
    480
  ]
}