{
  "orientation": [
    [
      0.9548933506011963,
      -0.11826706677675247,
      0.2723812758922577
    ],
    [
      0.04088737815618515,
      0.9608950018882751,
      0.27387768030166626
    ],
    [
      -0.29412052035331726,
      -0.250387042760849,
      0.9223878979682922
    ]
  ],
  "position": [
    -0.5599923133850098,
    0.5704706907272339,
    -0.5095444321632385
  ],
  "focal_length": 1474.2796630859375,
  "principal_point": [
    320.0,
    240.0
  ],
  "skew": 0.0,
  "pixel_aspect_ratio": 1.0,
  "radial_distortion": [
    0.057124994695186615,
    0.07796183973550797,
    0.0
  ],
  "tangential_distortion": [
    0.02577873319387436,
    -0.030609173700213432
  ],
  "image_size": [
    640,
    480
  ]
}