{
  "orientation": [
    [
      0.9008719325065613,
      -0.152778759598732,
      0.40631070733070374
    ],
    [
      0.05472138524055481,
      0.968519389629364,
      0.242849200963974
    ],
    [
      -0.4306219816207886,
      -0.1965421438217163,
      0.8808722496032715
    ]
  ],
  "position": [
    2.2426230907440186,
    -0.07944143563508987,
    0.5160326361656189
  ],
  "focal_length": 1474.2796630859375,
  "principal_point": [
    320.0,
    240.0
  ],
  "skew": 0.0,
  "pixel_aspect_ratio": 1.0,
  "radial_distortion": [
    0.057124994695186615,
    0.07796183973550797,
    0.0
  ],
  "tangential_distortion": [
    0.02577873319387436,
    -0.030609173700213432
  ],
  "image_size": [
    640,
    480
  ]
}