{
  "orientation": [
    [
      0.9723594188690186,
      -0.081963449716568,
      0.21863028407096863
    ],
    [
      0.017385585233569145,
      0.9591778516769409,
      0.2822687029838562
    ],
    [
      -0.23284102976322174,
      -0.27066561579704285,
      0.9340905547142029
    ]
  ],
  "position": [
    -0.03975670412182808,
    0.605548620223999,
    -0.6895241141319275
  ],
  "focal_length": 1474.2796630859375,
  "principal_point": [
    320.0,
    240.0
  ],
  "skew": 0.0,
  "pixel_aspect_ratio": 1.0,
  "radial_distortion": [
    0.057124994695186615,
    0.07796183973550797,
    0.0
  ],
  "tangential_distortion": [
    0.02577873319387436,
    -0.030609173700213432
  ],
  "image_size": [
    640,
    480
  ]
}