{
  "orientation": [
    [
      0.8595906496047974,
      -0.19518150389194489,
      0.4722372889518738
    ],
    [
      0.08357894420623779,
      0.9654324054718018,
      0.24689042568206787
    ],
    [
      -0.5041016340255737,
      -0.17275561392307281,
      0.8461897373199463
    ]
  ],
  "position": [
    1.9938653707504272,
    -0.1465250849723816,
    0.8260437846183777
  ],
  "focal_length": 1474.2796630859375,
  "principal_point": [
    320.0,
    240.0
  ],
  "skew": 0.0,
  "pixel_aspect_ratio": 1.0,
  "radial_distortion": [
    0.057124994695186615,
    0.07796183973550797,
    0.0
  ],
  "tangential_distortion": [
    0.02577873319387436,
    -0.030609173700213432
  ],
  "image_size": [
    640,
    480
  ]
}