{
  "orientation": [
    [
      0.7908896803855896,
      -0.2907279431819916,
      0.5384894013404846
    ],
    [
      0.12795355916023254,
      0.9390559196472168,
      0.3190641403198242
    ],
    [
      -0.5984324812889099,
      -0.1834428906440735,
      0.7798892855644226
    ]
  ],
  "position": [
    4.706260681152344,
    -1.039476990699768,
    2.4535930156707764
  ],
  "focal_length": 1474.2796630859375,
  "principal_point": [
    320.0,
    240.0
  ],
  "skew": 0.0,
  "pixel_aspect_ratio": 1.0,
  "radial_distortion": [
    0.057124994695186615,
    0.07796183973550797,
    0.0
  ],
  "tangential_distortion": [
    0.02577873319387436,
    -0.030609173700213432
  ],
  "image_size": [
    640,
    480
  ]
}