{
  "orientation": [
    [
      0.8984116911888123,
      -0.2295689433813095,
      0.3743722140789032
    ],
    [
      0.12323740869760513,
      0.9500241279602051,
      0.28682181239128113
    ],
    [
      -0.42150798439979553,
      -0.211547389626503,
      0.8818042278289795
    ]
  ],
  "position": [
    2.7136058807373047,
    -0.16373836994171143,
    0.9762871265411377
  ],
  "focal_length": 1474.2796630859375,
  "principal_point": [
    320.0,
    240.0
  ],
  "skew": 0.0,
  "pixel_aspect_ratio": 1.0,
  "radial_distortion": [
    0.057124994695186615,
    0.07796183973550797,
    0.0
  ],
  "tangential_distortion": [
    0.02577873319387436,
    -0.030609173700213432
  ],
  "image_size": [
    640,
    480
  ]
}