{
  "orientation": [
    [
      0.9585541486740112,
      -0.1104661077260971,
      0.2626235783100128
    ],
    [
      0.03609155863523483,
      0.9614302515983582,
      0.2726706564426422
    ],
    [
      -0.28261512517929077,
      -0.2518910765647888,
      0.9255698919296265
    ]
  ],
  "position": [
    -0.7160059213638306,
    0.5933941006660461,
    -0.5489529967308044
  ],
  "focal_length": 1474.2796630859375,
  "principal_point": [
    320.0,
    240.0
  ],
  "skew": 0.0,
  "pixel_aspect_ratio": 1.0,
  "radial_distortion": [
    0.057124994695186615,
    0.07796183973550797,
    0.0
  ],
  "tangential_distortion": [
    0.02577873319387436,
    -0.030609173700213432
  ],
  "image_size": [
    640,
    480
  ]
}