{
  "orientation": [
    [
      0.9473761320114136,
      -0.0995560809969902,
      0.3042483925819397
    ],
    [
      0.02317500114440918,
      0.969247579574585,
      0.24499404430389404
    ],
    [
      -0.3192826807498932,
      -0.22505055367946625,
      0.920549213886261
    ]
  ],
  "position": [
    1.1448317766189575,
    0.4360729157924652,
    -0.42343994975090027
  ],
  "focal_length": 1474.2796630859375,
  "principal_point": [
    320.0,
    240.0
  ],
  "skew": 0.0,
  "pixel_aspect_ratio": 1.0,
  "radial_distortion": [
    0.057124994695186615,
    0.07796183973550797,
    0.0
  ],
  "tangential_distortion": [
    0.02577873319387436,
    -0.030609173700213432
  ],
  "image_size": [
    640,
    480
  ]
}