{
  "orientation": [
    [
      0.9684792757034302,
      -0.0928686261177063,
      0.23113472759723663
    ],
    [
      0.023577464744448662,
      0.9579121470451355,
      0.2860915958881378
    ],
    [
      -0.247975692152977,
      -0.27162423729896545,
      0.9299076795578003
    ]
  ],
  "position": [
    0.10115518420934677,
    0.5873674750328064,
    -0.6119073033332825
  ],
  "focal_length": 1474.2796630859375,
  "principal_point": [
    320.0,
    240.0
  ],
  "skew": 0.0,
  "pixel_aspect_ratio": 1.0,
  "radial_distortion": [
    0.057124994695186615,
    0.07796183973550797,
    0.0
  ],
  "tangential_distortion": [
    0.02577873319387436,
    -0.030609173700213432
  ],
  "image_size": [
    640,
    480
  ]
}