{
  "orientation": [
    [
      0.9887375235557556,
      -0.02847612090408802,
      0.1469259113073349
    ],
    [
      -0.01958879828453064,
      0.9486616253852844,
      0.31568554043769836
    ],
    [
      -0.14837248623371124,
      -0.3150082230567932,
      0.9374195337295532
    ]
  ],
  "position": [
    -1.1979609727859497,
    1.3441753387451172,
    -0.7741798162460327
  ],
  "focal_length": 1474.2796630859375,
  "principal_point": [
    320.0,
    240.0
  ],
  "skew": 0.0,
  "pixel_aspect_ratio": 1.0,
  "radial_distortion": [
    0.057124994695186615,
    0.07796183973550797,
    0.0
  ],
  "tangential_distortion": [
    0.02577873319387436,
    -0.030609173700213432
  ],
  "image_size": [
    640,
    480
  ]
}