{
  "orientation": [
    [
      0.9949543476104736,
      0.08837912976741791,
      -0.04748683050274849
    ],
    [
      -0.07677856087684631,
      0.9753962159156799,
      0.20665735006332397
    ],
    [
      0.06458267569541931,
      -0.20196865499019623,
      0.9772603511810303
    ]
  ],
  "position": [
    -5.8394904136657715,
    -0.22039443254470825,
    -1.105726718902588
  ],
  "focal_length": 1474.2796630859375,
  "principal_point": [
    320.0,
    240.0
  ],
  "skew": 0.0,
  "pixel_aspect_ratio": 1.0,
  "radial_distortion": [
    0.057124994695186615,
    0.07796183973550797,
    0.0
  ],
  "tangential_distortion": [
    0.02577873319387436,
    -0.030609173700213432
  ],
  "image_size": [
    640,
    480
  ]
}