{
  "orientation": [
    [
      0.9353978633880615,
      -0.1654832512140274,
      0.3124837875366211
    ],
    [
      0.07258279621601105,
      0.9547701478004456,
      0.2883499264717102
    ],
    [
      -0.34606727957725525,
      -0.24704095721244812,
      0.9051012396812439
    ]
  ],
  "position": [
    1.7184641361236572,
    0.3312842845916748,
    0.08769258856773376
  ],
  "focal_length": 1474.2796630859375,
  "principal_point": [
    320.0,
    240.0
  ],
  "skew": 0.0,
  "pixel_aspect_ratio": 1.0,
  "radial_distortion": [
    0.057124994695186615,
    0.07796183973550797,
    0.0
  ],
  "tangential_distortion": [
    0.02577873319387436,
    -0.030609173700213432
  ],
  "image_size": [
    640,
    480
  ]
}