{
  "orientation": [
    [
      0.8171181678771973,
      -0.30030059814453125,
      0.4920746386051178
    ],
    [
      0.15859614312648773,
      0.9377661347389221,
      0.30893680453300476
    ],
    [
      -0.5542248487472534,
      -0.17439672350883484,
      0.8138922452926636
    ]
  ],
  "position": [
    4.295374393463135,
    -1.0270938873291016,
    2.372506618499756
  ],
  "focal_length": 1474.2796630859375,
  "principal_point": [
    320.0,
    240.0
  ],
  "skew": 0.0,
  "pixel_aspect_ratio": 1.0,
  "radial_distortion": [
    0.057124994695186615,
    0.07796183973550797,
    0.0
  ],
  "tangential_distortion": [
    0.02577873319387436,
    -0.030609173700213432
  ],
  "image_size": [
    640,
    480
  ]
}