{
  "orientation": [
    [
      0.8408721089363098,
      -0.2899225652217865,
      0.45703285932540894
    ],
    [
      0.16199152171611786,
      0.9405319690704346,
      0.29859402775764465
    ],
    [
      -0.5164231657981873,
      -0.17704391479492188,
      0.8378320932388306
    ]
  ],
  "position": [
    3.854789972305298,
    -1.0227882862091064,
    2.114628791809082
  ],
  "focal_length": 1474.2796630859375,
  "principal_point": [
    320.0,
    240.0
  ],
  "skew": 0.0,
  "pixel_aspect_ratio": 1.0,
  "radial_distortion": [
    0.057124994695186615,
    0.07796183973550797,
    0.0
  ],
  "tangential_distortion": [
    0.02577873319387436,
    -0.030609173700213432
  ],
  "image_size": [
    640,
    480
  ]
}