{
  "orientation": [
    [
      0.9874215126037598,
      0.12170545756816864,
      -0.10092849284410477
    ],
    [
      -0.09969109296798706,
      0.9747031927108765,
      0.2000383585691452
    ],
    [
      0.12272108346223831,
      -0.1874604970216751,
      0.9745758771896362
    ]
  ],
  "position": [
    -6.78913688659668,
    -0.17266680300235748,
    -0.9647729396820068
  ],
  "focal_length": 1474.2796630859375,
  "principal_point": [
    320.0,
    240.0
  ],
  "skew": 0.0,
  "pixel_aspect_ratio": 1.0,
  "radial_distortion": [
    0.057124994695186615,
    0.07796183973550797,
    0.0
  ],
  "tangential_distortion": [
    0.02577873319387436,
    -0.030609173700213432
  ],
  "image_size": [
    640,
    480
  ]
}