{
  "orientation": [
    [
      0.8557519316673279,
      -0.20009396970272064,
      0.4771278500556946
    ],
    [
      0.08632180839776993,
      0.9644800424575806,
      0.2496533989906311
    ],
    [
      -0.5101343989372253,
      -0.1724548488855362,
      0.8426281213760376
    ]
  ],
  "position": [
    2.0902202129364014,
    -0.18345792591571808,
    0.9054095149040222
  ],
  "focal_length": 1474.2796630859375,
  "principal_point": [
    320.0,
    240.0
  ],
  "skew": 0.0,
  "pixel_aspect_ratio": 1.0,
  "radial_distortion": [
    0.057124994695186615,
    0.07796183973550797,
    0.0
  ],
  "tangential_distortion": [
    0.02577873319387436,
    -0.030609173700213432
  ],
  "image_size": [
    640,
    480
  ]
}