{
  "orientation": [
    [
      0.9833401441574097,
      -0.001419674139469862,
      0.18176952004432678
    ],
    [
      -0.04450129345059395,
      0.9676600098609924,
      0.24830162525177002
    ],
    [
      -0.1762436181306839,
      -0.2522539496421814,
      0.9514757394790649
    ]
  ],
  "position": [
    -2.294790267944336,
    0.5661439895629883,
    -0.7596372961997986
  ],
  "focal_length": 1474.2796630859375,
  "principal_point": [
    320.0,
    240.0
  ],
  "skew": 0.0,
  "pixel_aspect_ratio": 1.0,
  "radial_distortion": [
    0.057124994695186615,
    0.07796183973550797,
    0.0
  ],
  "tangential_distortion": [
    0.02577873319387436,
    -0.030609173700213432
  ],
  "image_size": [
    640,
    480
  ]
}