{
  "orientation": [
    [
      0.974150538444519,
      -0.07152537256479263,
      0.21427759528160095
    ],
    [
      0.012452851980924606,
      0.9641116261482239,
      0.2652049958705902
    ],
    [
      -0.2255564033985138,
      -0.25568121671676636,
      0.9400805234909058
    ]
  ],
  "position": [
    -1.353345274925232,
    0.653424084186554,
    -0.7767780423164368
  ],
  "focal_length": 1474.2796630859375,
  "principal_point": [
    320.0,
    240.0
  ],
  "skew": 0.0,
  "pixel_aspect_ratio": 1.0,
  "radial_distortion": [
    0.057124994695186615,
    0.07796183973550797,
    0.0
  ],
  "tangential_distortion": [
    0.02577873319387436,
    -0.030609173700213432
  ],
  "image_size": [
    640,
    480
  ]
}