{
  "orientation": [
    [
      0.991248369216919,
      0.10552613437175751,
      -0.07931550592184067
    ],
    [
      -0.08756819367408752,
      0.9752305150032043,
      0.20311889052391052
    ],
    [
      0.09878525137901306,
      -0.1943957507610321,
      0.9759363532066345
    ]
  ],
  "position": [
    -6.3612165451049805,
    -0.20151019096374512,
    -0.9330288171768188
  ],
  "focal_length": 1474.2796630859375,
  "principal_point": [
    320.0,
    240.0
  ],
  "skew": 0.0,
  "pixel_aspect_ratio": 1.0,
  "radial_distortion": [
    0.057124994695186615,
    0.07796183973550797,
    0.0
  ],
  "tangential_distortion": [
    0.02577873319387436,
    -0.030609173700213432
  ],
  "image_size": [
    640,
    480
  ]
}