{
  "orientation": [
    [
      0.9869849681854248,
      0.11918908357620239,
      -0.10795674473047256
    ],
    [
      -0.09463205188512802,
      0.9732513427734375,
      0.2093479484319687
    ],
    [
      0.13002103567123413,
      -0.19640710949897766,
      0.9718635678291321
    ]
  ],
  "position": [
    -5.690794467926025,
    -0.0016951201250776649,
    -1.445686936378479
  ],
  "focal_length": 1474.2796630859375,
  "principal_point": [
    320.0,
    240.0
  ],
  "skew": 0.0,
  "pixel_aspect_ratio": 1.0,
  "radial_distortion": [
    0.057124994695186615,
    0.07796183973550797,
    0.0
  ],
  "tangential_distortion": [
    0.02577873319387436,
    -0.030609173700213432
  ],
  "image_size": [
    640,
    480
  ]
}