{
  "orientation": [
    [
      0.9729255437850952,
      -0.07499895244836807,
      0.21861152350902557
    ],
    [
      0.014498785138130188,
      0.9638271927833557,
      0.26613324880599976
    ],
    [
      -0.2306634485721588,
      -0.25575822591781616,
      0.9388195276260376
    ]
  ],
  "position": [
    -1.2955427169799805,
    0.6552114486694336,
    -0.7580268979072571
  ],
  "focal_length": 1474.2796630859375,
  "principal_point": [
    320.0,
    240.0
  ],
  "skew": 0.0,
  "pixel_aspect_ratio": 1.0,
  "radial_distortion": [
    0.057124994695186615,
    0.07796183973550797,
    0.0
  ],
  "tangential_distortion": [
    0.02577873319387436,
    -0.030609173700213432
  ],
  "image_size": [
    640,
    480
  ]
}