{
  "orientation": [
    [
      0.9790343046188354,
      -0.19424688816070557,
      0.06131867319345474
    ],
    [
      0.19959695637226105,
      0.9749190807342529,
      -0.0984572172164917
    ],
    [
      -0.04065573588013649,
      0.10863201320171356,
      0.99325031042099
    ]
  ],
  "position": [
    -0.13119500875473022,
    -1.2047871351242065,
    0.7294209003448486
  ],
  "focal_length": 2892.91357421875,
  "principal_point": [
    696.362060546875,
    982.3938598632812
  ],
  "skew": 0.0,
  "pixel_aspect_ratio": 1.0120645761489868,
  "radial_distortion": [
    0.17549364268779755,
    -0.8630937933921814,
    0.0
  ],
  "tangential_distortion": [
    -0.006523536052554846,
    0.004955862183123827
  ],
  "image_size": [
    1072,
    1920
  ]
}