{
  "orientation": [
    [
      0.9827026724815369,
      0.04778400436043739,
      -0.17891943454742432
    ],
    [
      -0.05389359965920448,
      0.9981125593185425,
      -0.029441002756357193
    ],
    [
      0.17717492580413818,
      0.03857436403632164,
      0.983423113822937
    ]
  ],
  "position": [
    -2.5779402256011963,
    1.9574897289276123,
    -0.8565150499343872
  ],
  "focal_length": 2892.91357421875,
  "principal_point": [
    696.362060546875,
    982.3938598632812
  ],
  "skew": 0.0,
  "pixel_aspect_ratio": 1.0120645761489868,
  "radial_distortion": [
    0.17549364268779755,
    -0.8630937933921814,
    0.0
  ],
  "tangential_distortion": [
    -0.006523536052554846,
    0.004955862183123827
  ],
  "image_size": [
    1072,
    1920
  ]
}