{
  "orientation": [
    [
      0.9616947174072266,
      -0.24122890830039978,
      0.13019949197769165
    ],
    [
      0.25192907452583313,
      0.9649944305419922,
      -0.07292120903730392
    ],
    [
      -0.10805107653141022,
      0.10292897373437881,
      0.9888026118278503
    ]
  ],
  "position": [
    1.3110086917877197,
    -0.5703459978103638,
    0.4981399178504944
  ],
  "focal_length": 2892.91357421875,
  "principal_point": [
    696.362060546875,
    982.3938598632812
  ],
  "skew": 0.0,
  "pixel_aspect_ratio": 1.0120645761489868,
  "radial_distortion": [
    0.17549364268779755,
    -0.8630937933921814,
    0.0
  ],
  "tangential_distortion": [
    -0.006523536052554846,
    0.004955862183123827
  ],
  "image_size": [
    1072,
    1920
  ]
}