{
  "orientation": [
    [
      0.9266095161437988,
      0.17018640041351318,
      -0.33530789613723755
    ],
    [
      -0.17183130979537964,
      0.9848092794418335,
      0.024993810802698135
    ],
    [
      0.33446794748306274,
      0.03445689007639885,
      0.9417769908905029
    ]
  ],
  "position": [
    -5.344942569732666,
    0.9560405611991882,
    0.0672091394662857
  ],
  "focal_length": 2892.91357421875,
  "principal_point": [
    696.362060546875,
    982.3938598632812
  ],
  "skew": 0.0,
  "pixel_aspect_ratio": 1.0120645761489868,
  "radial_distortion": [
    0.17549364268779755,
    -0.8630937933921814,
    0.0
  ],
  "tangential_distortion": [
    -0.006523536052554846,
    0.004955862183123827
  ],
  "image_size": [
    1072,
    1920
  ]
}