{
  "orientation": [
    [
      0.9536377191543579,
      0.13659942150115967,
      -0.2681710124015808
    ],
    [
      -0.14991219341754913,
      0.9882528781890869,
      -0.02970924973487854
    ],
    [
      0.26096248626708984,
      0.06853396445512772,
      0.9629130959510803
    ]
  ],
  "position": [
    -4.231964111328125,
    1.5677253007888794,
    -0.6473421454429626
  ],
  "focal_length": 2892.91357421875,
  "principal_point": [
    696.362060546875,
    982.3938598632812
  ],
  "skew": 0.0,
  "pixel_aspect_ratio": 1.0120645761489868,
  "radial_distortion": [
    0.17549364268779755,
    -0.8630937933921814,
    0.0
  ],
  "tangential_distortion": [
    -0.006523536052554846,
    0.004955862183123827
  ],
  "image_size": [
    1072,
    1920
  ]
}