{
  "orientation": [
    [
      0.986176073551178,
      -0.16372711956501007,
      -0.025499774143099785
    ],
    [
      0.15924407541751862,
      0.9789985418319702,
      -0.12729193270206451
    ],
    [
      0.04580538347363472,
      0.1214715763926506,
      0.9915374517440796
    ]
  ],
  "position": [
    -0.7563337087631226,
    -1.6195861101150513,
    -0.18511199951171875
  ],
  "focal_length": 2892.91357421875,
  "principal_point": [
    696.362060546875,
    982.3938598632812
  ],
  "skew": 0.0,
  "pixel_aspect_ratio": 1.0120645761489868,
  "radial_distortion": [
    0.17549364268779755,
    -0.8630937933921814,
    0.0
  ],
  "tangential_distortion": [
    -0.006523536052554846,
    0.004955862183123827
  ],
  "image_size": [
    1072,
    1920
  ]
}