{
  "orientation": [
    [
      0.9610183835029602,
      0.10748019814491272,
      -0.25473853945732117
    ],
    [
      -0.09149644523859024,
      0.993065357208252,
      0.07382117211818695
    ],
    [
      0.2609063386917114,
      -0.04763583093881607,
      0.9641880989074707
    ]
  ],
  "position": [
    -4.395701885223389,
    2.3438212871551514,
    -0.5329999327659607
  ],
  "focal_length": 2892.91357421875,
  "principal_point": [
    696.362060546875,
    982.3938598632812
  ],
  "skew": 0.0,
  "pixel_aspect_ratio": 1.0120645761489868,
  "radial_distortion": [
    0.17549364268779755,
    -0.8630937933921814,
    0.0
  ],
  "tangential_distortion": [
    -0.006523536052554846,
    0.004955862183123827
  ],
  "image_size": [
    1072,
    1920
  ]
}