{
  "orientation": [
    [
      0.9745997190475464,
      -0.21903735399246216,
      0.04666995629668236
    ],
    [
      0.22203288972377777,
      0.9722633957862854,
      -0.07352027297019958
    ],
    [
      -0.02927180379629135,
      0.08201510459184647,
      0.9962010979652405
    ]
  ],
  "position": [
    0.1418522596359253,
    -0.6591504216194153,
    0.0662306696176529
  ],
  "focal_length": 2892.91357421875,
  "principal_point": [
    696.362060546875,
    982.3938598632812
  ],
  "skew": 0.0,
  "pixel_aspect_ratio": 1.0120645761489868,
  "radial_distortion": [
    0.17549364268779755,
    -0.8630937933921814,
    0.0
  ],
  "tangential_distortion": [
    -0.006523536052554846,
    0.004955862183123827
  ],
  "image_size": [
    1072,
    1920
  ]
}