{
  "orientation": [
    [
      0.9762946367263794,
      -0.21007753908634186,
      0.05211770161986351
    ],
    [
      0.21304699778556824,
      0.9751941561698914,
      -0.06006091833114624
    ],
    [
      -0.03820742666721344,
      0.0697406679391861,
      0.9968332052230835
    ]
  ],
  "position": [
    0.2359677404165268,
    -0.11674217879772186,
    0.2742293179035187
  ],
  "focal_length": 2892.91357421875,
  "principal_point": [
    696.362060546875,
    982.3938598632812
  ],
  "skew": 0.0,
  "pixel_aspect_ratio": 1.0120645761489868,
  "radial_distortion": [
    0.17549364268779755,
    -0.8630937933921814,
    0.0
  ],
  "tangential_distortion": [
    -0.006523536052554846,
    0.004955862183123827
  ],
  "image_size": [
    1072,
    1920
  ]
}