{
  "orientation": [
    [
      0.927863359451294,
      0.14161841571331024,
      -0.34498369693756104
    ],
    [
      -0.12992386519908905,
      0.9898890852928162,
      0.056915514171123505
    ],
    [
      0.3495558798313141,
      -0.007988202385604382,
      0.9368814826011658
    ]
  ],
  "position": [
    -5.731256008148193,
    1.0984548330307007,
    -0.3524967432022095
  ],
  "focal_length": 2892.91357421875,
  "principal_point": [
    696.362060546875,
    982.3938598632812
  ],
  "skew": 0.0,
  "pixel_aspect_ratio": 1.0120645761489868,
  "radial_distortion": [
    0.17549364268779755,
    -0.8630937933921814,
    0.0
  ],
  "tangential_distortion": [
    -0.006523536052554846,
    0.004955862183123827
  ],
  "image_size": [
    1072,
    1920
  ]
}