{
  "orientation": [
    [
      0.9575688242912292,
      -0.25796425342559814,
      0.128516286611557
    ],
    [
      0.2679625153541565,
      0.961063027381897,
      -0.06748273968696594
    ],
    [
      -0.10610412061214447,
      0.0990569144487381,
      0.9894087314605713
    ]
  ],
  "position": [
    1.2774955034255981,
    -0.1326984018087387,
    0.5240479707717896
  ],
  "focal_length": 2892.91357421875,
  "principal_point": [
    696.362060546875,
    982.3938598632812
  ],
  "skew": 0.0,
  "pixel_aspect_ratio": 1.0120645761489868,
  "radial_distortion": [
    0.17549364268779755,
    -0.8630937933921814,
    0.0
  ],
  "tangential_distortion": [
    -0.006523536052554846,
    0.004955862183123827
  ],
  "image_size": [
    1072,
    1920
  ]
}