{
  "orientation": [
    [
      0.9612525701522827,
      -0.2329138070344925,
      0.14746065437793732
    ],
    [
      0.2459709495306015,
      0.966188371181488,
      -0.07731954753398895
    ],
    [
      -0.12446598708629608,
      0.11059464514255524,
      0.9860410690307617
    ]
  ],
  "position": [
    1.3610116243362427,
    -1.9909331798553467,
    0.8376234769821167
  ],
  "focal_length": 2892.91357421875,
  "principal_point": [
    696.362060546875,
    982.3938598632812
  ],
  "skew": 0.0,
  "pixel_aspect_ratio": 1.0120645761489868,
  "radial_distortion": [
    0.17549364268779755,
    -0.8630937933921814,
    0.0
  ],
  "tangential_distortion": [
    -0.006523536052554846,
    0.004955862183123827
  ],
  "image_size": [
    1072,
    1920
  ]
}