{
  "orientation": [
    [
      0.9427098631858826,
      0.16031129658222198,
      -0.2925719916820526
    ],
    [
      -0.1483249068260193,
      0.9869390726089478,
      0.0628567785024643
    ],
    [
      0.2988273799419403,
      -0.01585998944938183,
      0.9541753530502319
    ]
  ],
  "position": [
    -5.169853687286377,
    1.253341555595398,
    0.22999413311481476
  ],
  "focal_length": 2892.91357421875,
  "principal_point": [
    696.362060546875,
    982.3938598632812
  ],
  "skew": 0.0,
  "pixel_aspect_ratio": 1.0120645761489868,
  "radial_distortion": [
    0.17549364268779755,
    -0.8630937933921814,
    0.0
  ],
  "tangential_distortion": [
    -0.006523536052554846,
    0.004955862183123827
  ],
  "image_size": [
    1072,
    1920
  ]
}