{
  "orientation": [
    [
      0.9748994708061218,
      -0.21199797093868256,
      0.06802822649478912
    ],
    [
      0.2164420783519745,
      0.9740363955497742,
      -0.06637749820947647
    ],
    [
      -0.05219006910920143,
      0.0794355645775795,
      0.9954728484153748
    ]
  ],
  "position": [
    -0.1656097024679184,
    -0.7280805110931396,
    0.845191240310669
  ],
  "focal_length": 2892.91357421875,
  "principal_point": [
    696.362060546875,
    982.3938598632812
  ],
  "skew": 0.0,
  "pixel_aspect_ratio": 1.0120645761489868,
  "radial_distortion": [
    0.17549364268779755,
    -0.8630937933921814,
    0.0
  ],
  "tangential_distortion": [
    -0.006523536052554846,
    0.004955862183123827
  ],
  "image_size": [
    1072,
    1920
  ]
}