{
  "orientation": [
    [
      0.9942619800567627,
      -0.10046026855707169,
      0.03675380349159241
    ],
    [
      0.10447712987661362,
      0.985730767250061,
      -0.13198255002498627
    ],
    [
      -0.022970352321863174,
      0.13506515324115753,
      0.9905704259872437
    ]
  ],
  "position": [
    0.06948915868997574,
    -1.681992769241333,
    -0.725798487663269
  ],
  "focal_length": 2892.91357421875,
  "principal_point": [
    696.362060546875,
    982.3938598632812
  ],
  "skew": 0.0,
  "pixel_aspect_ratio": 1.0120645761489868,
  "radial_distortion": [
    0.17549364268779755,
    -0.8630937933921814,
    0.0
  ],
  "tangential_distortion": [
    -0.006523536052554846,
    0.004955862183123827
  ],
  "image_size": [
    1072,
    1920
  ]
}