{
  "orientation": [
    [
      0.9542055130004883,
      0.057211823761463165,
      -0.29363009333610535
    ],
    [
      -0.07654457539319992,
      0.995560884475708,
      -0.05476756393909454
    ],
    [
      0.2891932725906372,
      0.07473529875278473,
      0.9543489217758179
    ]
  ],
  "position": [
    -4.968011856079102,
    -0.8539677262306213,
    -0.8173762559890747
  ],
  "focal_length": 2892.91357421875,
  "principal_point": [
    696.362060546875,
    982.3938598632812
  ],
  "skew": 0.0,
  "pixel_aspect_ratio": 1.0120645761489868,
  "radial_distortion": [
    0.17549364268779755,
    -0.8630937933921814,
    0.0
  ],
  "tangential_distortion": [
    -0.006523536052554846,
    0.004955862183123827
  ],
  "image_size": [
    1072,
    1920
  ]
}