{
  "orientation": [
    [
      0.987786591053009,
      -0.1514815241098404,
      -0.036482732743024826
    ],
    [
      0.14283481240272522,
      0.9738944172859192,
      -0.1764311045408249
    ],
    [
      0.062256380915641785,
      0.16906528174877167,
      0.9836366772651672
    ]
  ],
  "position": [
    -0.3334195613861084,
    -2.183882474899292,
    -0.6569759845733643
  ],
  "focal_length": 2892.91357421875,
  "principal_point": [
    696.362060546875,
    982.3938598632812
  ],
  "skew": 0.0,
  "pixel_aspect_ratio": 1.0120645761489868,
  "radial_distortion": [
    0.17549364268779755,
    -0.8630937933921814,
    0.0
  ],
  "tangential_distortion": [
    -0.006523536052554846,
    0.004955862183123827
  ],
  "image_size": [
    1072,
    1920
  ]
}