{
  "orientation": [
    [
      0.969554603099823,
      0.07410699129104614,
      -0.23339246213436127
    ],
    [
      -0.07487166672945023,
      0.9971774816513062,
      0.005594223737716675
    ],
    [
      0.23314827680587769,
      0.012050577439367771,
      0.9723665118217468
    ]
  ],
  "position": [
    -3.7222471237182617,
    1.6709426641464233,
    -0.023243509232997894
  ],
  "focal_length": 2892.91357421875,
  "principal_point": [
    696.362060546875,
    982.3938598632812
  ],
  "skew": 0.0,
  "pixel_aspect_ratio": 1.0120645761489868,
  "radial_distortion": [
    0.17549364268779755,
    -0.8630937933921814,
    0.0
  ],
  "tangential_distortion": [
    -0.006523536052554846,
    0.004955862183123827
  ],
  "image_size": [
    1072,
    1920
  ]
}