{
  "orientation": [
    [
      0.937568187713623,
      0.12856937944889069,
      -0.32316529750823975
    ],
    [
      -0.13196821510791779,
      0.991187572479248,
      0.011471445672214031
    ],
    [
      0.3217923045158386,
      0.031892284750938416,
      0.9462730288505554
    ]
  ],
  "position": [
    -5.381308078765869,
    -0.04392265900969505,
    -0.20369502902030945
  ],
  "focal_length": 2892.91357421875,
  "principal_point": [
    696.362060546875,
    982.3938598632812
  ],
  "skew": 0.0,
  "pixel_aspect_ratio": 1.0120645761489868,
  "radial_distortion": [
    0.17549364268779755,
    -0.8630937933921814,
    0.0
  ],
  "tangential_distortion": [
    -0.006523536052554846,
    0.004955862183123827
  ],
  "image_size": [
    1072,
    1920
  ]
}