{
  "orientation": [
    [
      0.984463095664978,
      -0.1684724986553192,
      0.04949197173118591
    ],
    [
      0.16989269852638245,
      0.985119104385376,
      -0.026016680523753166
    ],
    [
      -0.04437239095568657,
      0.03402078524231911,
      0.9984356164932251
    ]
  ],
  "position": [
    0.2837124466896057,
    1.496964454650879,
    0.7549073696136475
  ],
  "focal_length": 2892.91357421875,
  "principal_point": [
    696.362060546875,
    982.3938598632812
  ],
  "skew": 0.0,
  "pixel_aspect_ratio": 1.0120645761489868,
  "radial_distortion": [
    0.17549364268779755,
    -0.8630937933921814,
    0.0
  ],
  "tangential_distortion": [
    -0.006523536052554846,
    0.004955862183123827
  ],
  "image_size": [
    1072,
    1920
  ]
}