{
  "orientation": [
    [
      0.9029940962791443,
      0.18872009217739105,
      -0.3859875798225403
    ],
    [
      -0.20414364337921143,
      0.9789403676986694,
      0.0010498138144612312
    ],
    [
      0.37805694341659546,
      0.07784893363714218,
      0.9225033521652222
    ]
  ],
  "position": [
    -6.208779335021973,
    0.2529628574848175,
    -0.262697696685791
  ],
  "focal_length": 2892.91357421875,
  "principal_point": [
    696.362060546875,
    982.3938598632812
  ],
  "skew": 0.0,
  "pixel_aspect_ratio": 1.0120645761489868,
  "radial_distortion": [
    0.17549364268779755,
    -0.8630937933921814,
    0.0
  ],
  "tangential_distortion": [
    -0.006523536052554846,
    0.004955862183123827
  ],
  "image_size": [
    1072,
    1920
  ]
}