{
  "orientation": [
    [
      0.9548305869102478,
      -0.24860459566116333,
      0.16277053952217102
    ],
    [
      0.26009953022003174,
      0.9641121029853821,
      -0.05325470492243767
    ],
    [
      -0.14368967711925507,
      0.09318576753139496,
      0.9852256774902344
    ]
  ],
  "position": [
    2.899348497390747,
    -0.1463691145181656,
    0.2645391821861267
  ],
  "focal_length": 2892.91357421875,
  "principal_point": [
    696.362060546875,
    982.3938598632812
  ],
  "skew": 0.0,
  "pixel_aspect_ratio": 1.0120645761489868,
  "radial_distortion": [
    0.17549364268779755,
    -0.8630937933921814,
    0.0
  ],
  "tangential_distortion": [
    -0.006523536052554846,
    0.004955862183123827
  ],
  "image_size": [
    1072,
    1920
  ]
}