{
  "orientation": [
    [
      0.9308186769485474,
      0.14746400713920593,
      -0.3344113230705261
    ],
    [
      -0.13109618425369263,
      0.9888143539428711,
      0.07113319635391235
    ],
    [
      0.34116029739379883,
      -0.022372057661414146,
      0.9397388696670532
    ]
  ],
  "position": [
    -5.547947883605957,
    1.4987547397613525,
    -0.338447242975235
  ],
  "focal_length": 2892.91357421875,
  "principal_point": [
    696.362060546875,
    982.3938598632812
  ],
  "skew": 0.0,
  "pixel_aspect_ratio": 1.0120645761489868,
  "radial_distortion": [
    0.17549364268779755,
    -0.8630937933921814,
    0.0
  ],
  "tangential_distortion": [
    -0.006523536052554846,
    0.004955862183123827
  ],
  "image_size": [
    1072,
    1920
  ]
}