{
  "orientation": [
    [
      0.9248191714286804,
      0.16928599774837494,
      -0.34066370129585266
    ],
    [
      -0.17701955139636993,
      0.9841706156730652,
      0.008498793467879295
    ],
    [
      0.3367099463939667,
      0.05244429036974907,
      0.940146803855896
    ]
  ],
  "position": [
    -5.623425483703613,
    0.43353933095932007,
    -0.24584178626537323
  ],
  "focal_length": 2892.91357421875,
  "principal_point": [
    696.362060546875,
    982.3938598632812
  ],
  "skew": 0.0,
  "pixel_aspect_ratio": 1.0120645761489868,
  "radial_distortion": [
    0.17549364268779755,
    -0.8630937933921814,
    0.0
  ],
  "tangential_distortion": [
    -0.006523536052554846,
    0.004955862183123827
  ],
  "image_size": [
    1072,
    1920
  ]
}