{
  "orientation": [
    [
      0.9740676879882812,
      0.02091587893664837,
      -0.2252880185842514
    ],
    [
      -0.050834499299526215,
      0.9904921054840088,
      -0.12783294916152954
    ],
    [
      0.2204722762107849,
      0.135970339179039,
      0.9658696055412292
    ]
  ],
  "position": [
    -3.5768210887908936,
    -1.1586263179779053,
    -0.8880640268325806
  ],
  "focal_length": 2892.91357421875,
  "principal_point": [
    696.362060546875,
    982.3938598632812
  ],
  "skew": 0.0,
  "pixel_aspect_ratio": 1.0120645761489868,
  "radial_distortion": [
    0.17549364268779755,
    -0.8630937933921814,
    0.0
  ],
  "tangential_distortion": [
    -0.006523536052554846,
    0.004955862183123827
  ],
  "image_size": [
    1072,
    1920
  ]
}