{
  "orientation": [
    [
      0.9561652541160583,
      -0.2469661831855774,
      0.15733933448791504
    ],
    [
      0.2580203115940094,
      0.9646358489990234,
      -0.05388127267360687
    ],
    [
      -0.13846831023693085,
      0.09211614727973938,
      0.9860736131668091
    ]
  ],
  "position": [
    2.3312435150146484,
    -0.7702053785324097,
    1.2594252824783325
  ],
  "focal_length": 2892.91357421875,
  "principal_point": [
    696.362060546875,
    982.3938598632812
  ],
  "skew": 0.0,
  "pixel_aspect_ratio": 1.0120645761489868,
  "radial_distortion": [
    0.17549364268779755,
    -0.8630937933921814,
    0.0
  ],
  "tangential_distortion": [
    -0.006523536052554846,
    0.004955862183123827
  ],
  "image_size": [
    1072,
    1920
  ]
}