{
  "orientation": [
    [
      0.9850248694419861,
      -0.17169053852558136,
      0.015759849920868874
    ],
    [
      0.1721535474061966,
      0.9744223356246948,
      -0.14444449543952942
    ],
    [
      0.009443002752959728,
      0.14499452710151672,
      0.9893873929977417
    ]
  ],
  "position": [
    0.3178592920303345,
    -2.1338155269622803,
    -0.5084848403930664
  ],
  "focal_length": 2892.91357421875,
  "principal_point": [
    696.362060546875,
    982.3938598632812
  ],
  "skew": 0.0,
  "pixel_aspect_ratio": 1.0120645761489868,
  "radial_distortion": [
    0.17549364268779755,
    -0.8630937933921814,
    0.0
  ],
  "tangential_distortion": [
    -0.006523536052554846,
    0.004955862183123827
  ],
  "image_size": [
    1072,
    1920
  ]
}