{
  "orientation": [
    [
      0.9637827277183533,
      -0.23200322687625885,
      0.1315196007490158
    ],
    [
      0.23730716109275818,
      0.9710871577262878,
      -0.02598227560520172
    ],
    [
      -0.12168902903795242,
      0.05625181272625923,
      0.9909729957580566
    ]
  ],
  "position": [
    1.4159893989562988,
    0.8852079510688782,
    0.8011949062347412
  ],
  "focal_length": 2892.91357421875,
  "principal_point": [
    696.362060546875,
    982.3938598632812
  ],
  "skew": 0.0,
  "pixel_aspect_ratio": 1.0120645761489868,
  "radial_distortion": [
    0.17549364268779755,
    -0.8630937933921814,
    0.0
  ],
  "tangential_distortion": [
    -0.006523536052554846,
    0.004955862183123827
  ],
  "image_size": [
    1072,
    1920
  ]
}