{
  "orientation": [
    [
      0.9883666634559631,
      -0.1401343047618866,
      0.05910734832286835
    ],
    [
      0.14610202610492706,
      0.9827945828437805,
      -0.1130002811551094
    ],
    [
      -0.04225516319274902,
      0.12032141536474228,
      0.9918352961540222
    ]
  ],
  "position": [
    0.32263731956481934,
    -1.4260599613189697,
    -0.6646935939788818
  ],
  "focal_length": 2892.91357421875,
  "principal_point": [
    696.362060546875,
    982.3938598632812
  ],
  "skew": 0.0,
  "pixel_aspect_ratio": 1.0120645761489868,
  "radial_distortion": [
    0.17549364268779755,
    -0.8630937933921814,
    0.0
  ],
  "tangential_distortion": [
    -0.006523536052554846,
    0.004955862183123827
  ],
  "image_size": [
    1072,
    1920
  ]
}