{
  "orientation": [
    [
      0.9593091011047363,
      -0.23395390808582306,
      0.15808753669261932
    ],
    [
      0.23955871164798737,
      0.9707311391830444,
      -0.017107628285884857
    ],
    [
      -0.149458110332489,
      0.05428275093436241,
      0.9872769117355347
    ]
  ],
  "position": [
    2.7193965911865234,
    0.8099584579467773,
    0.54074627161026
  ],
  "focal_length": 2892.91357421875,
  "principal_point": [
    696.362060546875,
    982.3938598632812
  ],
  "skew": 0.0,
  "pixel_aspect_ratio": 1.0120645761489868,
  "radial_distortion": [
    0.17549364268779755,
    -0.8630937933921814,
    0.0
  ],
  "tangential_distortion": [
    -0.006523536052554846,
    0.004955862183123827
  ],
  "image_size": [
    1072,
    1920
  ]
}