{
  "orientation": [
    [
      0.9922007918357849,
      -0.09412360936403275,
      -0.081720732152462
    ],
    [
      0.08083923161029816,
      0.9849276542663574,
      -0.152913436293602
    ],
    [
      0.09488177299499512,
      0.14511460065841675,
      0.9848549365997314
    ]
  ],
  "position": [
    -1.9081830978393555,
    -1.853460669517517,
    0.06970129907131195
  ],
  "focal_length": 2892.91357421875,
  "principal_point": [
    696.362060546875,
    982.3938598632812
  ],
  "skew": 0.0,
  "pixel_aspect_ratio": 1.0120645761489868,
  "radial_distortion": [
    0.17549364268779755,
    -0.8630937933921814,
    0.0
  ],
  "tangential_distortion": [
    -0.006523536052554846,
    0.004955862183123827
  ],
  "image_size": [
    1072,
    1920
  ]
}