{
  "orientation": [
    [
      0.9877747297286987,
      -0.1555357128381729,
      -0.010473059490323067
    ],
    [
      0.15204434096813202,
      0.9760701656341553,
      -0.15546566247940063
    ],
    [
      0.03440290316939354,
      0.1519726812839508,
      0.9877857565879822
    ]
  ],
  "position": [
    -0.8380956053733826,
    -1.7761235237121582,
    0.2070820927619934
  ],
  "focal_length": 2892.91357421875,
  "principal_point": [
    696.362060546875,
    982.3938598632812
  ],
  "skew": 0.0,
  "pixel_aspect_ratio": 1.0120645761489868,
  "radial_distortion": [
    0.17549364268779755,
    -0.8630937933921814,
    0.0
  ],
  "tangential_distortion": [
    -0.006523536052554846,
    0.004955862183123827
  ],
  "image_size": [
    1072,
    1920
  ]
}