{
  "orientation": [
    [
      0.9350249171257019,
      0.1509227305650711,
      -0.3208594024181366
    ],
    [
      -0.1567302793264389,
      0.9876105785369873,
      0.007810812443494797
    ],
    [
      0.318062961101532,
      0.04298507794737816,
      0.9470946192741394
    ]
  ],
  "position": [
    -5.254330158233643,
    1.1935955286026,
    -0.2988678216934204
  ],
  "focal_length": 2892.91357421875,
  "principal_point": [
    696.362060546875,
    982.3938598632812
  ],
  "skew": 0.0,
  "pixel_aspect_ratio": 1.0120645761489868,
  "radial_distortion": [
    0.17549364268779755,
    -0.8630937933921814,
    0.0
  ],
  "tangential_distortion": [
    -0.006523536052554846,
    0.004955862183123827
  ],
  "image_size": [
    1072,
    1920
  ]
}