{
  "orientation": [
    [
      0.9561648964881897,
      0.1262536197900772,
      -0.2642133831977844
    ],
    [
      -0.11333480477333069,
      0.9915162920951843,
      0.063644640147686
    ],
    [
      0.27000725269317627,
      -0.030910199508070946,
      0.9623619914054871
    ]
  ],
  "position": [
    -4.330197334289551,
    1.575123906135559,
    0.14429627358913422
  ],
  "focal_length": 2892.91357421875,
  "principal_point": [
    696.362060546875,
    982.3938598632812
  ],
  "skew": 0.0,
  "pixel_aspect_ratio": 1.0120645761489868,
  "radial_distortion": [
    0.17549364268779755,
    -0.8630937933921814,
    0.0
  ],
  "tangential_distortion": [
    -0.006523536052554846,
    0.004955862183123827
  ],
  "image_size": [
    1072,
    1920
  ]
}