{
  "orientation": [
    [
      0.9929273724555969,
      -0.11523381620645523,
      0.028571834787726402
    ],
    [
      0.11487223953008652,
      0.9932817220687866,
      0.013994405046105385
    ],
    [
      -0.02999250777065754,
      -0.010613317601382732,
      0.9994937777519226
    ]
  ],
  "position": [
    0.6550106406211853,
    1.9156676530838013,
    -0.4221956729888916
  ],
  "focal_length": 2892.91357421875,
  "principal_point": [
    696.362060546875,
    982.3938598632812
  ],
  "skew": 0.0,
  "pixel_aspect_ratio": 1.0120645761489868,
  "radial_distortion": [
    0.17549364268779755,
    -0.8630937933921814,
    0.0
  ],
  "tangential_distortion": [
    -0.006523536052554846,
    0.004955862183123827
  ],
  "image_size": [
    1072,
    1920
  ]
}