{
  "orientation": [
    [
      0.9866453409194946,
      0.0005259959725663066,
      -0.16288258135318756
    ],
    [
      -0.002728773048147559,
      0.9999078512191772,
      -0.013300278224050999
    ],
    [
      0.16286057233810425,
      0.013567127287387848,
      0.986555814743042
    ]
  ],
  "position": [
    -3.0205955505371094,
    1.6181533336639404,
    0.13164255023002625
  ],
  "focal_length": 2892.91357421875,
  "principal_point": [
    696.362060546875,
    982.3938598632812
  ],
  "skew": 0.0,
  "pixel_aspect_ratio": 1.0120645761489868,
  "radial_distortion": [
    0.17549364268779755,
    -0.8630937933921814,
    0.0
  ],
  "tangential_distortion": [
    -0.006523536052554846,
    0.004955862183123827
  ],
  "image_size": [
    1072,
    1920
  ]
}