{
  "orientation": [
    [
      0.9645667672157288,
      0.057767465710639954,
      -0.2574370503425598
    ],
    [
      -0.10667863488197327,
      0.9778116941452026,
      -0.18028859794139862
    ],
    [
      0.24131014943122864,
      0.2013634294271469,
      0.9493272304534912
    ]
  ],
  "position": [
    -3.6209189891815186,
    -1.611065149307251,
    -0.49338001012802124
  ],
  "focal_length": 2892.91357421875,
  "principal_point": [
    696.362060546875,
    982.3938598632812
  ],
  "skew": 0.0,
  "pixel_aspect_ratio": 1.0120645761489868,
  "radial_distortion": [
    0.17549364268779755,
    -0.8630937933921814,
    0.0
  ],
  "tangential_distortion": [
    -0.006523536052554846,
    0.004955862183123827
  ],
  "image_size": [
    1072,
    1920
  ]
}