{
  "orientation": [
    [
      0.9972348213195801,
      -0.023374095559120178,
      -0.07054319232702255
    ],
    [
      0.026232432574033737,
      0.9988605380058289,
      0.03986823558807373
    ],
    [
      0.0695309266448021,
      -0.04160851240158081,
      0.9967116713523865
    ]
  ],
  "position": [
    -1.0996495485305786,
    2.4393668174743652,
    -0.9673227667808533
  ],
  "focal_length": 2892.91357421875,
  "principal_point": [
    696.362060546875,
    982.3938598632812
  ],
  "skew": 0.0,
  "pixel_aspect_ratio": 1.0120645761489868,
  "radial_distortion": [
    0.17549364268779755,
    -0.8630937933921814,
    0.0
  ],
  "tangential_distortion": [
    -0.006523536052554846,
    0.004955862183123827
  ],
  "image_size": [
    1072,
    1920
  ]
}