{
  "orientation": [
    [
      0.9380093216896057,
      0.10708557814359665,
      -0.32965314388275146
    ],
    [
      -0.1431528925895691,
      0.9858619570732117,
      -0.0870828852057457
    ],
    [
      0.31566718220710754,
      0.12887535989284515,
      0.9400773048400879
    ]
  ],
  "position": [
    -4.784479141235352,
    -0.748380184173584,
    -0.7882282137870789
  ],
  "focal_length": 2892.91357421875,
  "principal_point": [
    696.362060546875,
    982.3938598632812
  ],
  "skew": 0.0,
  "pixel_aspect_ratio": 1.0120645761489868,
  "radial_distortion": [
    0.17549364268779755,
    -0.8630937933921814,
    0.0
  ],
  "tangential_distortion": [
    -0.006523536052554846,
    0.004955862183123827
  ],
  "image_size": [
    1072,
    1920
  ]
}