{
  "orientation": [
    [
      0.9544188976287842,
      0.10535365343093872,
      -0.27925822138786316
    ],
    [
      -0.10706508904695511,
      0.9942097663879395,
      0.00916245486587286
    ],
    [
      0.2786065638065338,
      0.02115398459136486,
      0.9601723551750183
    ]
  ],
  "position": [
    -4.35878849029541,
    1.5644992589950562,
    -0.1733861267566681
  ],
  "focal_length": 2892.91357421875,
  "principal_point": [
    696.362060546875,
    982.3938598632812
  ],
  "skew": 0.0,
  "pixel_aspect_ratio": 1.0120645761489868,
  "radial_distortion": [
    0.17549364268779755,
    -0.8630937933921814,
    0.0
  ],
  "tangential_distortion": [
    -0.006523536052554846,
    0.004955862183123827
  ],
  "image_size": [
    1072,
    1920
  ]
}