{
  "orientation": [
    [
      0.9222192764282227,
      0.16162459552288055,
      -0.35126790404319763
    ],
    [
      -0.17523156106472015,
      0.9845018982887268,
      -0.007066433783620596
    ],
    [
      0.3446817994117737,
      0.06807002425193787,
      0.9362483024597168
    ]
  ],
  "position": [
    -5.438502788543701,
    -0.046254850924015045,
    -0.46588200330734253
  ],
  "focal_length": 2892.91357421875,
  "principal_point": [
    696.362060546875,
    982.3938598632812
  ],
  "skew": 0.0,
  "pixel_aspect_ratio": 1.0120645761489868,
  "radial_distortion": [
    0.17549364268779755,
    -0.8630937933921814,
    0.0
  ],
  "tangential_distortion": [
    -0.006523536052554846,
    0.004955862183123827
  ],
  "image_size": [
    1072,
    1920
  ]
}