{
  "orientation": [
    [
      0.9899809956550598,
      -0.10170324146747589,
      -0.09794936329126358
    ],
    [
      0.0895211324095726,
      0.9885314702987671,
      -0.1216203048825264
    ],
    [
      0.10919521003961563,
      0.11163325607776642,
      0.98773193359375
    ]
  ],
  "position": [
    -2.0131404399871826,
    -1.6398464441299438,
    -0.3689960539340973
  ],
  "focal_length": 2892.91357421875,
  "principal_point": [
    696.362060546875,
    982.3938598632812
  ],
  "skew": 0.0,
  "pixel_aspect_ratio": 1.0120645761489868,
  "radial_distortion": [
    0.17549364268779755,
    -0.8630937933921814,
    0.0
  ],
  "tangential_distortion": [
    -0.006523536052554846,
    0.004955862183123827
  ],
  "image_size": [
    1072,
    1920
  ]
}