{
  "orientation": [
    [
      0.9923919439315796,
      -0.027549775317311287,
      -0.11999685317277908
    ],
    [
      0.031863752752542496,
      0.9989075660705566,
      0.034181345254182816
    ],
    [
      0.11892407387495041,
      -0.03774484246969223,
      0.992185652256012
    ]
  ],
  "position": [
    -1.5113563537597656,
    1.8198964595794678,
    -0.48864224553108215
  ],
  "focal_length": 2892.91357421875,
  "principal_point": [
    696.362060546875,
    982.3938598632812
  ],
  "skew": 0.0,
  "pixel_aspect_ratio": 1.0120645761489868,
  "radial_distortion": [
    0.17549364268779755,
    -0.8630937933921814,
    0.0
  ],
  "tangential_distortion": [
    -0.006523536052554846,
    0.004955862183123827
  ],
  "image_size": [
    1072,
    1920
  ]
}