{
  "orientation": [
    [
      0.9823382496833801,
      -0.1829041689634323,
      0.03946679085493088
    ],
    [
      0.1840801239013672,
      0.982496976852417,
      -0.02853405848145485
    ],
    [
      -0.03355700150132179,
      0.03529514744877815,
      0.9988133907318115
    ]
  ],
  "position": [
    0.22417360544204712,
    0.34241044521331787,
    0.45726707577705383
  ],
  "focal_length": 2892.91357421875,
  "principal_point": [
    696.362060546875,
    982.3938598632812
  ],
  "skew": 0.0,
  "pixel_aspect_ratio": 1.0120645761489868,
  "radial_distortion": [
    0.17549364268779755,
    -0.8630937933921814,
    0.0
  ],
  "tangential_distortion": [
    -0.006523536052554846,
    0.004955862183123827
  ],
  "image_size": [
    1072,
    1920
  ]
}