{
  "orientation": [
    [
      0.9858013391494751,
      -0.14638786017894745,
      0.08225750178098679
    ],
    [
      0.14691513776779175,
      0.9891490340232849,
      -0.00036132524837739766
    ],
    [
      -0.08131203055381775,
      0.012441066093742847,
      0.9966110587120056
    ]
  ],
  "position": [
    1.5353490114212036,
    1.5263559818267822,
    0.0973040983080864
  ],
  "focal_length": 2892.91357421875,
  "principal_point": [
    696.362060546875,
    982.3938598632812
  ],
  "skew": 0.0,
  "pixel_aspect_ratio": 1.0120645761489868,
  "radial_distortion": [
    0.17549364268779755,
    -0.8630937933921814,
    0.0
  ],
  "tangential_distortion": [
    -0.006523536052554846,
    0.004955862183123827
  ],
  "image_size": [
    1072,
    1920
  ]
}