{
  "orientation": [
    [
      0.9805386066436768,
      -0.18514765799045563,
      0.06530199199914932
    ],
    [
      0.19272178411483765,
      0.9711747765541077,
      -0.140277698636055
    ],
    [
      -0.03744756057858467,
      0.15013282001018524,
      0.9879564046859741
    ]
  ],
  "position": [
    1.0343189239501953,
    -1.9483801126480103,
    -0.2059270739555359
  ],
  "focal_length": 2892.91357421875,
  "principal_point": [
    696.362060546875,
    982.3938598632812
  ],
  "skew": 0.0,
  "pixel_aspect_ratio": 1.0120645761489868,
  "radial_distortion": [
    0.17549364268779755,
    -0.8630937933921814,
    0.0
  ],
  "tangential_distortion": [
    -0.006523536052554846,
    0.004955862183123827
  ],
  "image_size": [
    1072,
    1920
  ]
}