{
  "orientation": [
    [
      0.9689684510231018,
      -0.2194880098104477,
      0.11368883401155472
    ],
    [
      0.2310498058795929,
      0.9676830172538757,
      -0.10102277249097824
    ],
    [
      -0.0878414660692215,
      0.12415566295385361,
      0.988366961479187
    ]
  ],
  "position": [
    0.880918025970459,
    -2.086348533630371,
    0.5243924260139465
  ],
  "focal_length": 2892.91357421875,
  "principal_point": [
    696.362060546875,
    982.3938598632812
  ],
  "skew": 0.0,
  "pixel_aspect_ratio": 1.0120645761489868,
  "radial_distortion": [
    0.17549364268779755,
    -0.8630937933921814,
    0.0
  ],
  "tangential_distortion": [
    -0.006523536052554846,
    0.004955862183123827
  ],
  "image_size": [
    1072,
    1920
  ]
}