{
  "orientation": [
    [
      0.9940025210380554,
      -0.028928421437740326,
      -0.10546170920133591
    ],
    [
      0.03348122909665108,
      0.9985707998275757,
      0.04165824130177498
    ],
    [
      0.1041058748960495,
      -0.04493938386440277,
      0.9935504198074341
    ]
  ],
  "position": [
    -1.5703552961349487,
    2.0029852390289307,
    0.4153738021850586
  ],
  "focal_length": 2892.91357421875,
  "principal_point": [
    696.362060546875,
    982.3938598632812
  ],
  "skew": 0.0,
  "pixel_aspect_ratio": 1.0120645761489868,
  "radial_distortion": [
    0.17549364268779755,
    -0.8630937933921814,
    0.0
  ],
  "tangential_distortion": [
    -0.006523536052554846,
    0.004955862183123827
  ],
  "image_size": [
    1072,
    1920
  ]
}