{
  "orientation": [
    [
      0.9854896068572998,
      -0.162141352891922,
      0.05020395293831825
    ],
    [
      0.16492854058742523,
      0.984628438949585,
      -0.057493217289447784
    ],
    [
      -0.040110211819410324,
      0.06493902951478958,
      0.9970827698707581
    ]
  ],
  "position": [
    1.1802897453308105,
    0.39985784888267517,
    -0.07546713203191757
  ],
  "focal_length": 2892.91357421875,
  "principal_point": [
    696.362060546875,
    982.3938598632812
  ],
  "skew": 0.0,
  "pixel_aspect_ratio": 1.0120645761489868,
  "radial_distortion": [
    0.17549364268779755,
    -0.8630937933921814,
    0.0
  ],
  "tangential_distortion": [
    -0.006523536052554846,
    0.004955862183123827
  ],
  "image_size": [
    1072,
    1920
  ]
}