{
  "orientation": [
    [
      0.9992334246635437,
      -0.03637370094656944,
      -0.014474635943770409
    ],
    [
      0.034207459539175034,
      0.991055428981781,
      -0.12899230420589447
    ],
    [
      0.019037093967199326,
      0.12839828431606293,
      0.9915399551391602
    ]
  ],
  "position": [
    -1.1761797666549683,
    -1.8121376037597656,
    -0.6653321385383606
  ],
  "focal_length": 2892.91357421875,
  "principal_point": [
    696.362060546875,
    982.3938598632812
  ],
  "skew": 0.0,
  "pixel_aspect_ratio": 1.0120645761489868,
  "radial_distortion": [
    0.17549364268779755,
    -0.8630937933921814,
    0.0
  ],
  "tangential_distortion": [
    -0.006523536052554846,
    0.004955862183123827
  ],
  "image_size": [
    1072,
    1920
  ]
}