{
  "orientation": [
    [
      0.9909868836402893,
      -0.06009925156831741,
      -0.11972073465585709
    ],
    [
      0.041283417493104935,
      0.987229585647583,
      -0.15386168658733368
    ],
    [
      0.12743882834911346,
      0.14753243327140808,
      0.980812668800354
    ]
  ],
  "position": [
    -2.185224771499634,
    -1.8782788515090942,
    0.051594965159893036
  ],
  "focal_length": 2892.91357421875,
  "principal_point": [
    696.362060546875,
    982.3938598632812
  ],
  "skew": 0.0,
  "pixel_aspect_ratio": 1.0120645761489868,
  "radial_distortion": [
    0.17549364268779755,
    -0.8630937933921814,
    0.0
  ],
  "tangential_distortion": [
    -0.006523536052554846,
    0.004955862183123827
  ],
  "image_size": [
    1072,
    1920
  ]
}