{
  "orientation": [
    [
      0.9942461252212524,
      -0.06724002212285995,
      -0.0833873301744461
    ],
    [
      0.054093632847070694,
      0.9870598316192627,
      -0.15095272660255432
    ],
    [
      0.09245835244655609,
      0.1455734372138977,
      0.9850176572799683
    ]
  ],
  "position": [
    -2.0395348072052,
    -1.6215072870254517,
    -0.5589185357093811
  ],
  "focal_length": 2892.91357421875,
  "principal_point": [
    696.362060546875,
    982.3938598632812
  ],
  "skew": 0.0,
  "pixel_aspect_ratio": 1.0120645761489868,
  "radial_distortion": [
    0.17549364268779755,
    -0.8630937933921814,
    0.0
  ],
  "tangential_distortion": [
    -0.006523536052554846,
    0.004955862183123827
  ],
  "image_size": [
    1072,
    1920
  ]
}