{
  "orientation": [
    [
      0.9712498188018799,
      -0.2117045372724533,
      0.10888054221868515
    ],
    [
      0.2241743803024292,
      0.9672563672065735,
      -0.11899993568658829
    ],
    [
      -0.08012257516384125,
      0.13998690247535706,
      0.9869062900543213
    ]
  ],
  "position": [
    0.7793555855751038,
    -1.246413230895996,
    0.3746878504753113
  ],
  "focal_length": 2892.91357421875,
  "principal_point": [
    696.362060546875,
    982.3938598632812
  ],
  "skew": 0.0,
  "pixel_aspect_ratio": 1.0120645761489868,
  "radial_distortion": [
    0.17549364268779755,
    -0.8630937933921814,
    0.0
  ],
  "tangential_distortion": [
    -0.006523536052554846,
    0.004955862183123827
  ],
  "image_size": [
    1072,
    1920
  ]
}