{
  "orientation": [
    [
      0.9903879761695862,
      -0.06547985970973969,
      -0.12183603644371033
    ],
    [
      0.047043874859809875,
      0.9877971410751343,
      -0.14847111701965332
    ],
    [
      0.13007114827632904,
      0.1413123607635498,
      0.9813828468322754
    ]
  ],
  "position": [
    -2.40588116645813,
    -1.8134279251098633,
    -0.11660683900117874
  ],
  "focal_length": 2892.91357421875,
  "principal_point": [
    696.362060546875,
    982.3938598632812
  ],
  "skew": 0.0,
  "pixel_aspect_ratio": 1.0120645761489868,
  "radial_distortion": [
    0.17549364268779755,
    -0.8630937933921814,
    0.0
  ],
  "tangential_distortion": [
    -0.006523536052554846,
    0.004955862183123827
  ],
  "image_size": [
    1072,
    1920
  ]
}