{
  "orientation": [
    [
      0.9662255644798279,
      -0.23031972348690033,
      0.11558962613344193
    ],
    [
      0.24100355803966522,
      0.9664471745491028,
      -0.08886568248271942
    ],
    [
      -0.09124375134706497,
      0.1137218028306961,
      0.9893138408660889
    ]
  ],
  "position": [
    1.0898263454437256,
    -0.856079638004303,
    0.48990142345428467
  ],
  "focal_length": 2892.91357421875,
  "principal_point": [
    696.362060546875,
    982.3938598632812
  ],
  "skew": 0.0,
  "pixel_aspect_ratio": 1.0120645761489868,
  "radial_distortion": [
    0.17549364268779755,
    -0.8630937933921814,
    0.0
  ],
  "tangential_distortion": [
    -0.006523536052554846,
    0.004955862183123827
  ],
  "image_size": [
    1072,
    1920
  ]
}