{
  "orientation": [
    [
      0.9930360317230225,
      0.059333741664886475,
      -0.10177905112504959
    ],
    [
      -0.06591417640447617,
      0.9958624839782715,
      -0.06255610287189484
    ],
    [
      0.09764625132083893,
      0.06882914155721664,
      0.9928382635116577
    ]
  ],
  "position": [
    -2.6852357387542725,
    -0.06681665778160095,
    -0.9289464950561523
  ],
  "focal_length": 2892.91357421875,
  "principal_point": [
    696.362060546875,
    982.3938598632812
  ],
  "skew": 0.0,
  "pixel_aspect_ratio": 1.0120645761489868,
  "radial_distortion": [
    0.17549364268779755,
    -0.8630937933921814,
    0.0
  ],
  "tangential_distortion": [
    -0.006523536052554846,
    0.004955862183123827
  ],
  "image_size": [
    1072,
    1920
  ]
}