{
  "orientation": [
    [
      0.993020236492157,
      0.047814205288887024,
      -0.10781766474246979
    ],
    [
      -0.051929015666246414,
      0.9980130195617676,
      -0.03568395599722862
    ],
    [
      0.10589723289012909,
      0.041033755987882614,
      0.9935300946235657
    ]
  ],
  "position": [
    -2.6951041221618652,
    0.4454769790172577,
    -0.9223135113716125
  ],
  "focal_length": 2892.91357421875,
  "principal_point": [
    696.362060546875,
    982.3938598632812
  ],
  "skew": 0.0,
  "pixel_aspect_ratio": 1.0120645761489868,
  "radial_distortion": [
    0.17549364268779755,
    -0.8630937933921814,
    0.0
  ],
  "tangential_distortion": [
    -0.006523536052554846,
    0.004955862183123827
  ],
  "image_size": [
    1072,
    1920
  ]
}