{
  "orientation": [
    [
      0.993502676486969,
      0.001184443710371852,
      -0.11380243301391602
    ],
    [
      0.00397677905857563,
      0.9989739060401917,
      0.045114755630493164
    ],
    [
      0.11373909562826157,
      -0.045274198055267334,
      0.9924785494804382
    ]
  ],
  "position": [
    -1.170397400856018,
    1.7839419841766357,
    -0.7018705010414124
  ],
  "focal_length": 2892.91357421875,
  "principal_point": [
    696.362060546875,
    982.3938598632812
  ],
  "skew": 0.0,
  "pixel_aspect_ratio": 1.0120645761489868,
  "radial_distortion": [
    0.17549364268779755,
    -0.8630937933921814,
    0.0
  ],
  "tangential_distortion": [
    -0.006523536052554846,
    0.004955862183123827
  ],
  "image_size": [
    1072,
    1920
  ]
}