{
  "orientation": [
    [
      0.978204071521759,
      0.006270153913646936,
      -0.20755109190940857
    ],
    [
      -0.030710306018590927,
      0.9929203391075134,
      -0.11474370956420898
    ],
    [
      0.2053622454404831,
      0.11861672252416611,
      0.9714712500572205
    ]
  ],
  "position": [
    -3.664386510848999,
    -1.3701599836349487,
    -0.5976969599723816
  ],
  "focal_length": 2892.91357421875,
  "principal_point": [
    696.362060546875,
    982.3938598632812
  ],
  "skew": 0.0,
  "pixel_aspect_ratio": 1.0120645761489868,
  "radial_distortion": [
    0.17549364268779755,
    -0.8630937933921814,
    0.0
  ],
  "tangential_distortion": [
    -0.006523536052554846,
    0.004955862183123827
  ],
  "image_size": [
    1072,
    1920
  ]
}