{
  "orientation": [
    [
      0.9842325448989868,
      -0.0625687912106514,
      -0.16544313728809357
    ],
    [
      0.02980232425034046,
      0.9806339144706726,
      -0.19356900453567505
    ],
    [
      0.1743505299091339,
      0.18558631837368011,
      0.9670364856719971
    ]
  ],
  "position": [
    -1.8922951221466064,
    -2.150085210800171,
    -0.6095789074897766
  ],
  "focal_length": 2892.91357421875,
  "principal_point": [
    696.362060546875,
    982.3938598632812
  ],
  "skew": 0.0,
  "pixel_aspect_ratio": 1.0120645761489868,
  "radial_distortion": [
    0.17549364268779755,
    -0.8630937933921814,
    0.0
  ],
  "tangential_distortion": [
    -0.006523536052554846,
    0.004955862183123827
  ],
  "image_size": [
    1072,
    1920
  ]
}