{
  "orientation": [
    [
      0.9974164366722107,
      0.03543975576758385,
      -0.062485720962285995
    ],
    [
      -0.041506655514240265,
      0.9942578673362732,
      -0.09863317757844925
    ],
    [
      0.05863138660788536,
      0.10097192972898483,
      0.9931601285934448
    ]
  ],
  "position": [
    -2.199021339416504,
    -1.3564581871032715,
    -0.9252356290817261
  ],
  "focal_length": 2892.91357421875,
  "principal_point": [
    696.362060546875,
    982.3938598632812
  ],
  "skew": 0.0,
  "pixel_aspect_ratio": 1.0120645761489868,
  "radial_distortion": [
    0.17549364268779755,
    -0.8630937933921814,
    0.0
  ],
  "tangential_distortion": [
    -0.006523536052554846,
    0.004955862183123827
  ],
  "image_size": [
    1072,
    1920
  ]
}