{
  "orientation": [
    [
      0.9600369334220886,
      -0.2414693683385849,
      0.14149796962738037
    ],
    [
      0.2489796131849289,
      0.9677725434303284,
      -0.03775455057621002
    ],
    [
      -0.12782129645347595,
      0.07147587835788727,
      0.9892183542251587
    ]
  ],
  "position": [
    1.5339025259017944,
    0.20931747555732727,
    0.5496674180030823
  ],
  "focal_length": 2892.91357421875,
  "principal_point": [
    696.362060546875,
    982.3938598632812
  ],
  "skew": 0.0,
  "pixel_aspect_ratio": 1.0120645761489868,
  "radial_distortion": [
    0.17549364268779755,
    -0.8630937933921814,
    0.0
  ],
  "tangential_distortion": [
    -0.006523536052554846,
    0.004955862183123827
  ],
  "image_size": [
    1072,
    1920
  ]
}