{
  "orientation": [
    [
      0.9967728853225708,
      -0.06128441169857979,
      -0.05184628814458847
    ],
    [
      0.0618765652179718,
      0.9980347752571106,
      0.009892829693853855
    ],
    [
      0.051138121634721756,
      -0.013068974018096924,
      0.9986060857772827
    ]
  ],
  "position": [
    -1.2097406387329102,
    1.8035738468170166,
    0.18075545132160187
  ],
  "focal_length": 2892.91357421875,
  "principal_point": [
    696.362060546875,
    982.3938598632812
  ],
  "skew": 0.0,
  "pixel_aspect_ratio": 1.0120645761489868,
  "radial_distortion": [
    0.17549364268779755,
    -0.8630937933921814,
    0.0
  ],
  "tangential_distortion": [
    -0.006523536052554846,
    0.004955862183123827
  ],
  "image_size": [
    1072,
    1920
  ]
}