{
  "orientation": [
    [
      0.9871305823326111,
      -0.15990866720676422,
      0.0015424864832311869
    ],
    [
      0.15991158783435822,
      0.987129271030426,
      -0.0020095095969736576
    ],
    [
      -0.0012012956431135535,
      0.002230309881269932,
      0.9999967813491821
    ]
  ],
  "position": [
    -0.048106659203767776,
    0.886427104473114,
    0.6030867099761963
  ],
  "focal_length": 2892.91357421875,
  "principal_point": [
    696.362060546875,
    982.3938598632812
  ],
  "skew": 0.0,
  "pixel_aspect_ratio": 1.0120645761489868,
  "radial_distortion": [
    0.17549364268779755,
    -0.8630937933921814,
    0.0
  ],
  "tangential_distortion": [
    -0.006523536052554846,
    0.004955862183123827
  ],
  "image_size": [
    1072,
    1920
  ]
}