{
  "orientation": [
    [
      0.9763684868812561,
      -0.20308847725391388,
      0.07388979941606522
    ],
    [
      0.211721271276474,
      0.9674575328826904,
      -0.1385643035173416
    ],
    [
      -0.04334442690014839,
      0.1509338617324829,
      0.9875931739807129
    ]
  ],
  "position": [
    0.20664814114570618,
    -1.484828233718872,
    0.2614276707172394
  ],
  "focal_length": 2892.91357421875,
  "principal_point": [
    696.362060546875,
    982.3938598632812
  ],
  "skew": 0.0,
  "pixel_aspect_ratio": 1.0120645761489868,
  "radial_distortion": [
    0.17549364268779755,
    -0.8630937933921814,
    0.0
  ],
  "tangential_distortion": [
    -0.006523536052554846,
    0.004955862183123827
  ],
  "image_size": [
    1072,
    1920
  ]
}