{
  "orientation": [
    [
      0.9303005933761597,
      0.16057159006595612,
      -0.329784095287323
    ],
    [
      -0.1667618453502655,
      0.9859501719474792,
      0.009633410722017288
    ],
    [
      0.32669752836227417,
      0.04603343829512596,
      0.9440072178840637
    ]
  ],
  "position": [
    -5.569974899291992,
    0.8147243857383728,
    -0.26308152079582214
  ],
  "focal_length": 2892.91357421875,
  "principal_point": [
    696.362060546875,
    982.3938598632812
  ],
  "skew": 0.0,
  "pixel_aspect_ratio": 1.0120645761489868,
  "radial_distortion": [
    0.17549364268779755,
    -0.8630937933921814,
    0.0
  ],
  "tangential_distortion": [
    -0.006523536052554846,
    0.004955862183123827
  ],
  "image_size": [
    1072,
    1920
  ]
}