{
  "orientation": [
    [
      0.9069936275482178,
      0.20608671009540558,
      -0.3672748804092407
    ],
    [
      -0.20953859388828278,
      0.9773110151290894,
      0.03093225695192814
    ],
    [
      0.3653165102005005,
      0.048902902752161026,
      0.9295979738235474
    ]
  ],
  "position": [
    -6.007427215576172,
    0.6806529760360718,
    -0.1660490483045578
  ],
  "focal_length": 2892.91357421875,
  "principal_point": [
    696.362060546875,
    982.3938598632812
  ],
  "skew": 0.0,
  "pixel_aspect_ratio": 1.0120645761489868,
  "radial_distortion": [
    0.17549364268779755,
    -0.8630937933921814,
    0.0
  ],
  "tangential_distortion": [
    -0.006523536052554846,
    0.004955862183123827
  ],
  "image_size": [
    1072,
    1920
  ]
}