{
  "orientation": [
    [
      0.9288277626037598,
      0.12344633787870407,
      -0.3493421673774719
    ],
    [
      -0.11993235349655151,
      0.9922738075256348,
      0.03176276385784149
    ],
    [
      0.3505640923976898,
      0.012395291589200497,
      0.9364567399024963
    ]
  ],
  "position": [
    -5.660778522491455,
    0.18990251421928406,
    -0.6123422384262085
  ],
  "focal_length": 2892.91357421875,
  "principal_point": [
    696.362060546875,
    982.3938598632812
  ],
  "skew": 0.0,
  "pixel_aspect_ratio": 1.0120645761489868,
  "radial_distortion": [
    0.17549364268779755,
    -0.8630937933921814,
    0.0
  ],
  "tangential_distortion": [
    -0.006523536052554846,
    0.004955862183123827
  ],
  "image_size": [
    1072,
    1920
  ]
}