{
  "orientation": [
    [
      0.9394382238388062,
      0.13603182137012482,
      -0.314564973115921
    ],
    [
      -0.13593056797981262,
      0.9904658198356628,
      0.02236899919807911
    ],
    [
      0.31460875272750854,
      0.021744700148701668,
      0.9489723443984985
    ]
  ],
  "position": [
    -4.916885852813721,
    0.9672070741653442,
    0.08104665577411652
  ],
  "focal_length": 2892.91357421875,
  "principal_point": [
    696.362060546875,
    982.3938598632812
  ],
  "skew": 0.0,
  "pixel_aspect_ratio": 1.0120645761489868,
  "radial_distortion": [
    0.17549364268779755,
    -0.8630937933921814,
    0.0
  ],
  "tangential_distortion": [
    -0.006523536052554846,
    0.004955862183123827
  ],
  "image_size": [
    1072,
    1920
  ]
}