{
  "orientation": [
    [
      0.9524142146110535,
      -0.25429344177246094,
      0.1680537313222885
    ],
    [
      0.2617855966091156,
      0.9648358821868896,
      -0.023664427921175957
    ],
    [
      -0.15612655878067017,
      0.06653238087892532,
      0.9854937791824341
    ]
  ],
  "position": [
    2.823052167892456,
    0.3551208972930908,
    0.2988946735858917
  ],
  "focal_length": 2892.91357421875,
  "principal_point": [
    696.362060546875,
    982.3938598632812
  ],
  "skew": 0.0,
  "pixel_aspect_ratio": 1.0120645761489868,
  "radial_distortion": [
    0.17549364268779755,
    -0.8630937933921814,
    0.0
  ],
  "tangential_distortion": [
    -0.006523536052554846,
    0.004955862183123827
  ],
  "image_size": [
    1072,
    1920
  ]
}