{
  "orientation": [
    [
      0.9847724437713623,
      -0.011768955737352371,
      -0.1734495460987091
    ],
    [
      -0.004956635180860758,
      0.9953996539115906,
      -0.09568183869123459
    ],
    [
      0.17377768456935883,
      0.09508456289768219,
      0.9801837801933289
    ]
  ],
  "position": [
    -3.7207190990448,
    -1.3343861103057861,
    -0.4218490421772003
  ],
  "focal_length": 2892.91357421875,
  "principal_point": [
    696.362060546875,
    982.3938598632812
  ],
  "skew": 0.0,
  "pixel_aspect_ratio": 1.0120645761489868,
  "radial_distortion": [
    0.17549364268779755,
    -0.8630937933921814,
    0.0
  ],
  "tangential_distortion": [
    -0.006523536052554846,
    0.004955862183123827
  ],
  "image_size": [
    1072,
    1920
  ]
}