{
  "orientation": [
    [
      0.9219956994056702,
      0.12928254902362823,
      -0.36497944593429565
    ],
    [
      -0.15458571910858154,
      0.9871346354484558,
      -0.0408463329076767
    ],
    [
      0.35500314831733704,
      0.09408075362443924,
      0.9301190972328186
    ]
  ],
  "position": [
    -5.350072383880615,
    -0.46667590737342834,
    -0.5756317973136902
  ],
  "focal_length": 2892.91357421875,
  "principal_point": [
    696.362060546875,
    982.3938598632812
  ],
  "skew": 0.0,
  "pixel_aspect_ratio": 1.0120645761489868,
  "radial_distortion": [
    0.17549364268779755,
    -0.8630937933921814,
    0.0
  ],
  "tangential_distortion": [
    -0.006523536052554846,
    0.004955862183123827
  ],
  "image_size": [
    1072,
    1920
  ]
}