{
  "orientation": [
    [
      0.9813312888145447,
      -0.19190730154514313,
      0.01266959123313427
    ],
    [
      0.19217266142368317,
      0.9758017063140869,
      -0.10431084036827087
    ],
    [
      0.007655003573745489,
      0.10479823499917984,
      0.9944640398025513
    ]
  ],
  "position": [
    -0.3347865045070648,
    -1.3618170022964478,
    -0.08437974005937576
  ],
  "focal_length": 2892.91357421875,
  "principal_point": [
    696.362060546875,
    982.3938598632812
  ],
  "skew": 0.0,
  "pixel_aspect_ratio": 1.0120645761489868,
  "radial_distortion": [
    0.17549364268779755,
    -0.8630937933921814,
    0.0
  ],
  "tangential_distortion": [
    -0.006523536052554846,
    0.004955862183123827
  ],
  "image_size": [
    1072,
    1920
  ]
}