{
  "orientation": [
    [
      0.9146517515182495,
      0.19269655644893646,
      -0.3553592264652252
    ],
    [
      -0.19559241831302643,
      0.9802815914154053,
      0.028134725987911224
    ],
    [
      0.3537735939025879,
      0.04377209395170212,
      0.9343063235282898
    ]
  ],
  "position": [
    -5.755708694458008,
    0.8390108346939087,
    0.005253192503005266
  ],
  "focal_length": 2892.91357421875,
  "principal_point": [
    696.362060546875,
    982.3938598632812
  ],
  "skew": 0.0,
  "pixel_aspect_ratio": 1.0120645761489868,
  "radial_distortion": [
    0.17549364268779755,
    -0.8630937933921814,
    0.0
  ],
  "tangential_distortion": [
    -0.006523536052554846,
    0.004955862183123827
  ],
  "image_size": [
    1072,
    1920
  ]
}