{
  "orientation": [
    [
      0.9887241125106812,
      -0.13792982697486877,
      -0.058308977633714676
    ],
    [
      0.12963034212589264,
      0.9832838773727417,
      -0.12786243855953217
    ],
    [
      0.0749703198671341,
      0.11886206269264221,
      0.9900763630867004
    ]
  ],
  "position": [
    -1.261335015296936,
    -1.5921014547348022,
    -0.24036464095115662
  ],
  "focal_length": 2892.91357421875,
  "principal_point": [
    696.362060546875,
    982.3938598632812
  ],
  "skew": 0.0,
  "pixel_aspect_ratio": 1.0120645761489868,
  "radial_distortion": [
    0.17549364268779755,
    -0.8630937933921814,
    0.0
  ],
  "tangential_distortion": [
    -0.006523536052554846,
    0.004955862183123827
  ],
  "image_size": [
    1072,
    1920
  ]
}