{
  "orientation": [
    [
      0.9937509298324585,
      0.028239117935299873,
      -0.10798883438110352
    ],
    [
      -0.03028985671699047,
      0.9993897676467896,
      -0.017397066578269005
    ],
    [
      0.10743165761232376,
      0.020559318363666534,
      0.9939998984336853
    ]
  ],
  "position": [
    -2.3834078311920166,
    0.9432908296585083,
    -0.8114883303642273
  ],
  "focal_length": 2892.91357421875,
  "principal_point": [
    696.362060546875,
    982.3938598632812
  ],
  "skew": 0.0,
  "pixel_aspect_ratio": 1.0120645761489868,
  "radial_distortion": [
    0.17549364268779755,
    -0.8630937933921814,
    0.0
  ],
  "tangential_distortion": [
    -0.006523536052554846,
    0.004955862183123827
  ],
  "image_size": [
    1072,
    1920
  ]
}