{
  "orientation": [
    [
      0.9851572513580322,
      0.05459759756922722,
      -0.16273987293243408
    ],
    [
      -0.04639226943254471,
      0.9974732995033264,
      0.05380342900753021
    ],
    [
      0.165266215801239,
      -0.0454549677670002,
      0.9852009415626526
    ]
  ],
  "position": [
    -2.7342443466186523,
    2.529829502105713,
    -0.7882735133171082
  ],
  "focal_length": 2892.91357421875,
  "principal_point": [
    696.362060546875,
    982.3938598632812
  ],
  "skew": 0.0,
  "pixel_aspect_ratio": 1.0120645761489868,
  "radial_distortion": [
    0.17549364268779755,
    -0.8630937933921814,
    0.0
  ],
  "tangential_distortion": [
    -0.006523536052554846,
    0.004955862183123827
  ],
  "image_size": [
    1072,
    1920
  ]
}