{
  "orientation": [
    [
      0.9580301642417908,
      0.08613921701908112,
      -0.2734195291996002
    ],
    [
      -0.12023048847913742,
      0.9865819215774536,
      -0.11045677959918976
    ],
    [
      0.26023611426353455,
      0.13869428634643555,
      0.9555318355560303
    ]
  ],
  "position": [
    -4.23829984664917,
    -1.766658067703247,
    -0.5000161528587341
  ],
  "focal_length": 2892.91357421875,
  "principal_point": [
    696.362060546875,
    982.3938598632812
  ],
  "skew": 0.0,
  "pixel_aspect_ratio": 1.0120645761489868,
  "radial_distortion": [
    0.17549364268779755,
    -0.8630937933921814,
    0.0
  ],
  "tangential_distortion": [
    -0.006523536052554846,
    0.004955862183123827
  ],
  "image_size": [
    1072,
    1920
  ]
}