{
  "orientation": [
    [
      0.9683032631874084,
      -0.22132354974746704,
      0.1157786175608635
    ],
    [
      0.22528129816055298,
      0.9740424156188965,
      -0.02212916500866413
    ],
    [
      -0.10787557810544968,
      0.047510500997304916,
      0.9930285215377808
    ]
  ],
  "position": [
    1.1772661209106445,
    1.1493902206420898,
    0.8818165063858032
  ],
  "focal_length": 2892.91357421875,
  "principal_point": [
    696.362060546875,
    982.3938598632812
  ],
  "skew": 0.0,
  "pixel_aspect_ratio": 1.0120645761489868,
  "radial_distortion": [
    0.17549364268779755,
    -0.8630937933921814,
    0.0
  ],
  "tangential_distortion": [
    -0.006523536052554846,
    0.004955862183123827
  ],
  "image_size": [
    1072,
    1920
  ]
}