{
  "orientation": [
    [
      0.9940828084945679,
      0.05404418706893921,
      -0.09422604739665985
    ],
    [
      -0.06250835210084915,
      0.9940394163131714,
      -0.08932164311408997
    ],
    [
      0.08883708715438843,
      0.09468302875757217,
      0.9915357232093811
    ]
  ],
  "position": [
    -2.608271598815918,
    -0.7959442138671875,
    -0.9517764449119568
  ],
  "focal_length": 2892.91357421875,
  "principal_point": [
    696.362060546875,
    982.3938598632812
  ],
  "skew": 0.0,
  "pixel_aspect_ratio": 1.0120645761489868,
  "radial_distortion": [
    0.17549364268779755,
    -0.8630937933921814,
    0.0
  ],
  "tangential_distortion": [
    -0.006523536052554846,
    0.004955862183123827
  ],
  "image_size": [
    1072,
    1920
  ]
}