{
  "orientation": [
    [
      0.9298949837684631,
      0.1437535583972931,
      -0.33857086300849915
    ],
    [
      -0.17529644072055817,
      0.9824113845825195,
      -0.06433558464050293
    ],
    [
      0.3233674168586731,
      0.11917560547590256,
      0.9387388825416565
    ]
  ],
  "position": [
    -5.522162914276123,
    -1.1589657068252563,
    -0.5825939178466797
  ],
  "focal_length": 2892.91357421875,
  "principal_point": [
    696.362060546875,
    982.3938598632812
  ],
  "skew": 0.0,
  "pixel_aspect_ratio": 1.0120645761489868,
  "radial_distortion": [
    0.17549364268779755,
    -0.8630937933921814,
    0.0
  ],
  "tangential_distortion": [
    -0.006523536052554846,
    0.004955862183123827
  ],
  "image_size": [
    1072,
    1920
  ]
}