{
  "orientation": [
    [
      0.9418419599533081,
      0.084187813103199,
      -0.3253399729728699
    ],
    [
      -0.09639053046703339,
      0.9951104521751404,
      -0.021542008966207504
    ],
    [
      0.32193565368652344,
      0.05164886265993118,
      0.9453517198562622
    ]
  ],
  "position": [
    -5.283249378204346,
    -0.5316601395606995,
    -0.8182587027549744
  ],
  "focal_length": 2892.91357421875,
  "principal_point": [
    696.362060546875,
    982.3938598632812
  ],
  "skew": 0.0,
  "pixel_aspect_ratio": 1.0120645761489868,
  "radial_distortion": [
    0.17549364268779755,
    -0.8630937933921814,
    0.0
  ],
  "tangential_distortion": [
    -0.006523536052554846,
    0.004955862183123827
  ],
  "image_size": [
    1072,
    1920
  ]
}