{
  "orientation": [
    [
      0.987575352191925,
      -0.02801293134689331,
      -0.15462929010391235
    ],
    [
      0.00498790480196476,
      0.9890753626823425,
      -0.14732635021209717
    ],
    [
      0.15706706047058105,
      0.14472459256649017,
      0.9769261479377747
    ]
  ],
  "position": [
    -2.8568432331085205,
    -1.4094566106796265,
    -0.7793958187103271
  ],
  "focal_length": 2892.91357421875,
  "principal_point": [
    696.362060546875,
    982.3938598632812
  ],
  "skew": 0.0,
  "pixel_aspect_ratio": 1.0120645761489868,
  "radial_distortion": [
    0.17549364268779755,
    -0.8630937933921814,
    0.0
  ],
  "tangential_distortion": [
    -0.006523536052554846,
    0.004955862183123827
  ],
  "image_size": [
    1072,
    1920
  ]
}