{
  "orientation": [
    [
      0.9826158881187439,
      -0.16503596305847168,
      0.08502452820539474
    ],
    [
      0.17199259996414185,
      0.9816580414772034,
      -0.08225592970848083
    ],
    [
      -0.06988982856273651,
      0.09544957429170609,
      0.9929777383804321
    ]
  ],
  "position": [
    1.2552422285079956,
    -0.10060179233551025,
    -0.12476548552513123
  ],
  "focal_length": 2892.91357421875,
  "principal_point": [
    696.362060546875,
    982.3938598632812
  ],
  "skew": 0.0,
  "pixel_aspect_ratio": 1.0120645761489868,
  "radial_distortion": [
    0.17549364268779755,
    -0.8630937933921814,
    0.0
  ],
  "tangential_distortion": [
    -0.006523536052554846,
    0.004955862183123827
  ],
  "image_size": [
    1072,
    1920
  ]
}