{
  "orientation": [
    [
      0.9606768488883972,
      -0.23573295772075653,
      0.14673081040382385
    ],
    [
      0.2474677562713623,
      0.966549277305603,
      -0.06739576905965805
    ],
    [
      -0.1259351670742035,
      0.10105670243501663,
      0.9868778586387634
    ]
  ],
  "position": [
    2.6721177101135254,
    -0.7711441516876221,
    0.20048969984054565
  ],
  "focal_length": 2892.91357421875,
  "principal_point": [
    696.362060546875,
    982.3938598632812
  ],
  "skew": 0.0,
  "pixel_aspect_ratio": 1.0120645761489868,
  "radial_distortion": [
    0.17549364268779755,
    -0.8630937933921814,
    0.0
  ],
  "tangential_distortion": [
    -0.006523536052554846,
    0.004955862183123827
  ],
  "image_size": [
    1072,
    1920
  ]
}