{
  "orientation": [
    [
      0.948566734790802,
      0.14479422569274902,
      -0.281524121761322
    ],
    [
      -0.13153918087482452,
      0.989142656326294,
      0.06553060561418533
    ],
    [
      0.28795596957206726,
      -0.025128696113824844,
      0.9573138952255249
    ]
  ],
  "position": [
    -4.878026008605957,
    1.4898306131362915,
    0.17322760820388794
  ],
  "focal_length": 2892.91357421875,
  "principal_point": [
    696.362060546875,
    982.3938598632812
  ],
  "skew": 0.0,
  "pixel_aspect_ratio": 1.0120645761489868,
  "radial_distortion": [
    0.17549364268779755,
    -0.8630937933921814,
    0.0
  ],
  "tangential_distortion": [
    -0.006523536052554846,
    0.004955862183123827
  ],
  "image_size": [
    1072,
    1920
  ]
}