{
  "orientation": [
    [
      0.9960992336273193,
      -0.0625036358833313,
      -0.062286507338285446
    ],
    [
      0.06322196125984192,
      0.9979530572891235,
      0.0096273273229599
    ],
    [
      0.06155726686120033,
      -0.013527648523449898,
      0.9980118870735168
    ]
  ],
  "position": [
    -1.0151299238204956,
    1.6343879699707031,
    0.9149196147918701
  ],
  "focal_length": 2892.91357421875,
  "principal_point": [
    696.362060546875,
    982.3938598632812
  ],
  "skew": 0.0,
  "pixel_aspect_ratio": 1.0120645761489868,
  "radial_distortion": [
    0.17549364268779755,
    -0.8630937933921814,
    0.0
  ],
  "tangential_distortion": [
    -0.006523536052554846,
    0.004955862183123827
  ],
  "image_size": [
    1072,
    1920
  ]
}