{
  "orientation": [
    [
      0.9725891947746277,
      0.07944955676794052,
      -0.2185361385345459
    ],
    [
      -0.06561964005231857,
      0.9953975081443787,
      0.06984172016382217
    ],
    [
      0.22307921946048737,
      -0.053587041795253754,
      0.9733263254165649
    ]
  ],
  "position": [
    -3.6283974647521973,
    2.4137320518493652,
    -0.6585594415664673
  ],
  "focal_length": 2892.91357421875,
  "principal_point": [
    696.362060546875,
    982.3938598632812
  ],
  "skew": 0.0,
  "pixel_aspect_ratio": 1.0120645761489868,
  "radial_distortion": [
    0.17549364268779755,
    -0.8630937933921814,
    0.0
  ],
  "tangential_distortion": [
    -0.006523536052554846,
    0.004955862183123827
  ],
  "image_size": [
    1072,
    1920
  ]
}