{
  "orientation": [
    [
      0.9088897109031677,
      0.17945191264152527,
      -0.3764525055885315
    ],
    [
      -0.20228169858455658,
      0.9790878891944885,
      -0.021656271070241928
    ],
    [
      0.36469385027885437,
      0.09583261609077454,
      0.926182746887207
    ]
  ],
  "position": [
    -6.013675689697266,
    -0.24746359884738922,
    -0.5252668261528015
  ],
  "focal_length": 2892.91357421875,
  "principal_point": [
    696.362060546875,
    982.3938598632812
  ],
  "skew": 0.0,
  "pixel_aspect_ratio": 1.0120645761489868,
  "radial_distortion": [
    0.17549364268779755,
    -0.8630937933921814,
    0.0
  ],
  "tangential_distortion": [
    -0.006523536052554846,
    0.004955862183123827
  ],
  "image_size": [
    1072,
    1920
  ]
}