{
  "orientation": [
    [
      0.9745930433273315,
      0.053794391453266144,
      -0.21742713451385498
    ],
    [
      -0.05590306594967842,
      0.9984298944473267,
      -0.003554352791979909
    ],
    [
      0.21689453721046448,
      0.015618890523910522,
      0.9760701060295105
    ]
  ],
  "position": [
    -3.6326544284820557,
    1.3715577125549316,
    0.08516118675470352
  ],
  "focal_length": 2892.91357421875,
  "principal_point": [
    696.362060546875,
    982.3938598632812
  ],
  "skew": 0.0,
  "pixel_aspect_ratio": 1.0120645761489868,
  "radial_distortion": [
    0.17549364268779755,
    -0.8630937933921814,
    0.0
  ],
  "tangential_distortion": [
    -0.006523536052554846,
    0.004955862183123827
  ],
  "image_size": [
    1072,
    1920
  ]
}