{
  "orientation": [
    [
      0.9912692308425903,
      -0.12755876779556274,
      -0.03337845578789711
    ],
    [
      0.12147506326436996,
      0.9819421768188477,
      -0.14502882957458496
    ],
    [
      0.05127541348338127,
      0.13970795273780823,
      0.9888642430305481
    ]
  ],
  "position": [
    -1.02948796749115,
    -1.7025461196899414,
    0.4718533456325531
  ],
  "focal_length": 2892.91357421875,
  "principal_point": [
    696.362060546875,
    982.3938598632812
  ],
  "skew": 0.0,
  "pixel_aspect_ratio": 1.0120645761489868,
  "radial_distortion": [
    0.17549364268779755,
    -0.8630937933921814,
    0.0
  ],
  "tangential_distortion": [
    -0.006523536052554846,
    0.004955862183123827
  ],
  "image_size": [
    1072,
    1920
  ]
}