{
  "orientation": [
    [
      0.9944958090782166,
      -0.10467594116926193,
      0.004581879824399948
    ],
    [
      0.10467268526554108,
      0.994506299495697,
      0.0009444368188269436
    ],
    [
      -0.004655567929148674,
      -0.00045964083983562887,
      0.9999890327453613
    ]
  ],
  "position": [
    -0.16712312400341034,
    1.775913953781128,
    0.24073493480682373
  ],
  "focal_length": 2892.91357421875,
  "principal_point": [
    696.362060546875,
    982.3938598632812
  ],
  "skew": 0.0,
  "pixel_aspect_ratio": 1.0120645761489868,
  "radial_distortion": [
    0.17549364268779755,
    -0.8630937933921814,
    0.0
  ],
  "tangential_distortion": [
    -0.006523536052554846,
    0.004955862183123827
  ],
  "image_size": [
    1072,
    1920
  ]
}