{
  "orientation": [
    [
      0.9960772395133972,
      -0.07219447940587997,
      -0.051167797297239304
    ],
    [
      0.06936250627040863,
      0.9960677623748779,
      -0.055116284638643265
    ],
    [
      0.0549456849694252,
      0.051350947469472885,
      0.9971680045127869
    ]
  ],
  "position": [
    -0.12058686465024948,
    1.7422094345092773,
    -0.5094074010848999
  ],
  "focal_length": 2892.91357421875,
  "principal_point": [
    696.362060546875,
    982.3938598632812
  ],
  "skew": 0.0,
  "pixel_aspect_ratio": 1.0120645761489868,
  "radial_distortion": [
    0.17549364268779755,
    -0.8630937933921814,
    0.0
  ],
  "tangential_distortion": [
    -0.006523536052554846,
    0.004955862183123827
  ],
  "image_size": [
    1072,
    1920
  ]
}