{
  "orientation": [
    [
      0.975417971611023,
      -0.18103466928005219,
      0.1256432831287384
    ],
    [
      0.19582518935203552,
      0.9735766649246216,
      -0.11747761070728302
    ],
    [
      -0.10105585306882858,
      0.13919389247894287,
      0.9850953221321106
    ]
  ],
  "position": [
    1.9196125268936157,
    -1.7664103507995605,
    -0.0012952047400176525
  ],
  "focal_length": 2892.91357421875,
  "principal_point": [
    696.362060546875,
    982.3938598632812
  ],
  "skew": 0.0,
  "pixel_aspect_ratio": 1.0120645761489868,
  "radial_distortion": [
    0.17549364268779755,
    -0.8630937933921814,
    0.0
  ],
  "tangential_distortion": [
    -0.006523536052554846,
    0.004955862183123827
  ],
  "image_size": [
    1072,
    1920
  ]
}