{
  "orientation": [
    [
      0.9757658243179321,
      0.03515998646616936,
      -0.21597401797771454
    ],
    [
      -0.052958037704229355,
      0.9956096410751343,
      -0.07718066871166229
    ],
    [
      0.21231214702129364,
      0.08674781769514084,
      0.9733439087867737
    ]
  ],
  "position": [
    -4.308488845825195,
    -1.1579978466033936,
    -0.5315565466880798
  ],
  "focal_length": 2892.91357421875,
  "principal_point": [
    696.362060546875,
    982.3938598632812
  ],
  "skew": 0.0,
  "pixel_aspect_ratio": 1.0120645761489868,
  "radial_distortion": [
    0.17549364268779755,
    -0.8630937933921814,
    0.0
  ],
  "tangential_distortion": [
    -0.006523536052554846,
    0.004955862183123827
  ],
  "image_size": [
    1072,
    1920
  ]
}