{
  "orientation": [
    [
      0.9938375949859619,
      0.008840758353471756,
      -0.11049264669418335
    ],
    [
      -0.010422861203551292,
      0.9998511672019958,
      -0.013749235309660435
    ],
    [
      0.11035464704036713,
      0.014816157519817352,
      0.9937818050384521
    ]
  ],
  "position": [
    -1.9499729871749878,
    1.2631912231445312,
    -0.7204275727272034
  ],
  "focal_length": 2892.91357421875,
  "principal_point": [
    696.362060546875,
    982.3938598632812
  ],
  "skew": 0.0,
  "pixel_aspect_ratio": 1.0120645761489868,
  "radial_distortion": [
    0.17549364268779755,
    -0.8630937933921814,
    0.0
  ],
  "tangential_distortion": [
    -0.006523536052554846,
    0.004955862183123827
  ],
  "image_size": [
    1072,
    1920
  ]
}