{
  "orientation": [
    [
      0.9914912581443787,
      -0.1299608051776886,
      0.007431412115693092
    ],
    [
      0.1301211714744568,
      0.991091787815094,
      -0.02838284708559513
    ],
    [
      -0.0036765539553016424,
      0.029108328744769096,
      0.9995694756507874
    ]
  ],
  "position": [
    -0.48434144258499146,
    1.6879574060440063,
    0.6100665330886841
  ],
  "focal_length": 2892.91357421875,
  "principal_point": [
    696.362060546875,
    982.3938598632812
  ],
  "skew": 0.0,
  "pixel_aspect_ratio": 1.0120645761489868,
  "radial_distortion": [
    0.17549364268779755,
    -0.8630937933921814,
    0.0
  ],
  "tangential_distortion": [
    -0.006523536052554846,
    0.004955862183123827
  ],
  "image_size": [
    1072,
    1920
  ]
}