{
  "orientation": [
    [
      0.9492119550704956,
      0.10561307519674301,
      -0.296382337808609
    ],
    [
      -0.15711551904678345,
      0.9752337336540222,
      -0.15567219257354736
    ],
    [
      0.27260103821754456,
      0.19433218240737915,
      0.9422970414161682
    ]
  ],
  "position": [
    -4.274109840393066,
    -1.2806991338729858,
    -0.6064822673797607
  ],
  "focal_length": 2892.91357421875,
  "principal_point": [
    696.362060546875,
    982.3938598632812
  ],
  "skew": 0.0,
  "pixel_aspect_ratio": 1.0120645761489868,
  "radial_distortion": [
    0.17549364268779755,
    -0.8630937933921814,
    0.0
  ],
  "tangential_distortion": [
    -0.006523536052554846,
    0.004955862183123827
  ],
  "image_size": [
    1072,
    1920
  ]
}