{
  "orientation": [
    [
      0.9914475679397583,
      -0.12955932319164276,
      0.015687236562371254
    ],
    [
      0.13024374842643738,
      0.9898945689201355,
      -0.05608289688825607
    ],
    [
      -0.00826264824718237,
      0.05764641612768173,
      0.9983028769493103
    ]
  ],
  "position": [
    0.9594853520393372,
    0.8701342344284058,
    -0.09530354291200638
  ],
  "focal_length": 2892.91357421875,
  "principal_point": [
    696.362060546875,
    982.3938598632812
  ],
  "skew": 0.0,
  "pixel_aspect_ratio": 1.0120645761489868,
  "radial_distortion": [
    0.17549364268779755,
    -0.8630937933921814,
    0.0
  ],
  "tangential_distortion": [
    -0.006523536052554846,
    0.004955862183123827
  ],
  "image_size": [
    1072,
    1920
  ]
}