{
  "orientation": [
    [
      0.9929755926132202,
      -0.014791118912398815,
      -0.11739104241132736
    ],
    [
      0.01537049375474453,
      0.9998737573623657,
      0.0040316046215593815
    ],
    [
      0.1173165887594223,
      -0.005807643756270409,
      0.9930775761604309
    ]
  ],
  "position": [
    -1.631819486618042,
    1.4598467350006104,
    -0.6651681065559387
  ],
  "focal_length": 2892.91357421875,
  "principal_point": [
    696.362060546875,
    982.3938598632812
  ],
  "skew": 0.0,
  "pixel_aspect_ratio": 1.0120645761489868,
  "radial_distortion": [
    0.17549364268779755,
    -0.8630937933921814,
    0.0
  ],
  "tangential_distortion": [
    -0.006523536052554846,
    0.004955862183123827
  ],
  "image_size": [
    1072,
    1920
  ]
}