{
  "orientation": [
    [
      0.9945884346961975,
      -0.03773742914199829,
      -0.09679731726646423
    ],
    [
      0.03369583934545517,
      0.9985043406486511,
      -0.04305382817983627
    ],
    [
      0.09827728569507599,
      0.039559174329042435,
      0.9943724870681763
    ]
  ],
  "position": [
    -0.9795603156089783,
    1.855286717414856,
    -0.8077137470245361
  ],
  "focal_length": 2892.91357421875,
  "principal_point": [
    696.362060546875,
    982.3938598632812
  ],
  "skew": 0.0,
  "pixel_aspect_ratio": 1.0120645761489868,
  "radial_distortion": [
    0.17549364268779755,
    -0.8630937933921814,
    0.0
  ],
  "tangential_distortion": [
    -0.006523536052554846,
    0.004955862183123827
  ],
  "image_size": [
    1072,
    1920
  ]
}