{
  "orientation": [
    [
      0.9317489862442017,
      0.10884378105401993,
      -0.34640559554100037
    ],
    [
      -0.11215269565582275,
      0.9936350584030151,
      0.010544969700276852
    ],
    [
      0.3453485071659088,
      0.029025055468082428,
      0.9380255937576294
    ]
  ],
  "position": [
    -5.5515923500061035,
    -0.18692567944526672,
    -0.7466766238212585
  ],
  "focal_length": 2892.91357421875,
  "principal_point": [
    696.362060546875,
    982.3938598632812
  ],
  "skew": 0.0,
  "pixel_aspect_ratio": 1.0120645761489868,
  "radial_distortion": [
    0.17549364268779755,
    -0.8630937933921814,
    0.0
  ],
  "tangential_distortion": [
    -0.006523536052554846,
    0.004955862183123827
  ],
  "image_size": [
    1072,
    1920
  ]
}