{
  "orientation": [
    [
      0.9924067258834839,
      -0.09838130325078964,
      -0.07382448017597198
    ],
    [
      0.08649797737598419,
      0.984928548336029,
      -0.1497793197631836
    ],
    [
      0.08744733035564423,
      0.14225633442401886,
      0.9859594702720642
    ]
  ],
  "position": [
    -1.5854564905166626,
    -1.798893690109253,
    0.2635270357131958
  ],
  "focal_length": 2892.91357421875,
  "principal_point": [
    696.362060546875,
    982.3938598632812
  ],
  "skew": 0.0,
  "pixel_aspect_ratio": 1.0120645761489868,
  "radial_distortion": [
    0.17549364268779755,
    -0.8630937933921814,
    0.0
  ],
  "tangential_distortion": [
    -0.006523536052554846,
    0.004955862183123827
  ],
  "image_size": [
    1072,
    1920
  ]
}