{
  "orientation": [
    [
      0.9571552872657776,
      -0.23786942660808563,
      0.16514204442501068
    ],
    [
      0.25218042731285095,
      0.9650271534919739,
      -0.07160734385251999
    ],
    [
      -0.14233337342739105,
      0.11018494516611099,
      0.9836668372154236
    ]
  ],
  "position": [
    2.246238946914673,
    -1.3718112707138062,
    1.2889649868011475
  ],
  "focal_length": 2892.91357421875,
  "principal_point": [
    696.362060546875,
    982.3938598632812
  ],
  "skew": 0.0,
  "pixel_aspect_ratio": 1.0120645761489868,
  "radial_distortion": [
    0.17549364268779755,
    -0.8630937933921814,
    0.0
  ],
  "tangential_distortion": [
    -0.006523536052554846,
    0.004955862183123827
  ],
  "image_size": [
    1072,
    1920
  ]
}