{
  "orientation": [
    [
      0.9974650144577026,
      -0.07113423943519592,
      0.0018757572397589684
    ],
    [
      0.07075567543506622,
      0.9886647462844849,
      -0.13242222368717194
    ],
    [
      0.007565259467810392,
      0.13221925497055054,
      0.9911916255950928
    ]
  ],
  "position": [
    -0.5521553158760071,
    -1.7717899084091187,
    -0.6524972915649414
  ],
  "focal_length": 2892.91357421875,
  "principal_point": [
    696.362060546875,
    982.3938598632812
  ],
  "skew": 0.0,
  "pixel_aspect_ratio": 1.0120645761489868,
  "radial_distortion": [
    0.17549364268779755,
    -0.8630937933921814,
    0.0
  ],
  "tangential_distortion": [
    -0.006523536052554846,
    0.004955862183123827
  ],
  "image_size": [
    1072,
    1920
  ]
}