{
  "orientation": [
    [
      0.967844545841217,
      -0.21237827837467194,
      0.1348048597574234
    ],
    [
      0.21825113892555237,
      0.9754245281219482,
      -0.03022296167910099
    ],
    [
      -0.12507325410842896,
      0.05867244303226471,
      0.9904111623764038
    ]
  ],
  "position": [
    2.2856247425079346,
    1.29700767993927,
    0.6898096799850464
  ],
  "focal_length": 2892.91357421875,
  "principal_point": [
    696.362060546875,
    982.3938598632812
  ],
  "skew": 0.0,
  "pixel_aspect_ratio": 1.0120645761489868,
  "radial_distortion": [
    0.17549364268779755,
    -0.8630937933921814,
    0.0
  ],
  "tangential_distortion": [
    -0.006523536052554846,
    0.004955862183123827
  ],
  "image_size": [
    1072,
    1920
  ]
}