{
  "orientation": [
    [
      0.9563976526260376,
      0.06814155727624893,
      -0.2840075194835663
    ],
    [
      -0.10081388801336288,
      0.9896582961082458,
      -0.10204415023326874
    ],
    [
      0.2741169333457947,
      0.12622669339179993,
      0.9533764719963074
    ]
  ],
  "position": [
    -4.277265548706055,
    -0.9609825015068054,
    -0.9110690355300903
  ],
  "focal_length": 2892.91357421875,
  "principal_point": [
    696.362060546875,
    982.3938598632812
  ],
  "skew": 0.0,
  "pixel_aspect_ratio": 1.0120645761489868,
  "radial_distortion": [
    0.17549364268779755,
    -0.8630937933921814,
    0.0
  ],
  "tangential_distortion": [
    -0.006523536052554846,
    0.004955862183123827
  ],
  "image_size": [
    1072,
    1920
  ]
}