{
  "orientation": [
    [
      0.9656181931495667,
      -0.21802054345607758,
      0.14159274101257324
    ],
    [
      0.22290866076946259,
      0.9746455550193787,
      -0.019435379654169083
    ],
    [
      -0.13376541435718536,
      0.050329405814409256,
      0.9897341728210449
    ]
  ],
  "position": [
    2.2351670265197754,
    0.40148377418518066,
    0.7040210366249084
  ],
  "focal_length": 2892.91357421875,
  "principal_point": [
    696.362060546875,
    982.3938598632812
  ],
  "skew": 0.0,
  "pixel_aspect_ratio": 1.0120645761489868,
  "radial_distortion": [
    0.17549364268779755,
    -0.8630937933921814,
    0.0
  ],
  "tangential_distortion": [
    -0.006523536052554846,
    0.004955862183123827
  ],
  "image_size": [
    1072,
    1920
  ]
}