{
  "orientation": [
    [
      0.9434574246406555,
      0.1604127287864685,
      -0.290096253156662
    ],
    [
      -0.17849276959896088,
      0.983253002166748,
      -0.036794815212488174
    ],
    [
      0.2793356776237488,
      0.08649443089962006,
      0.9562898874282837
    ]
  ],
  "position": [
    -4.839804172515869,
    1.2045129537582397,
    -0.5016939640045166
  ],
  "focal_length": 2892.91357421875,
  "principal_point": [
    696.362060546875,
    982.3938598632812
  ],
  "skew": 0.0,
  "pixel_aspect_ratio": 1.0120645761489868,
  "radial_distortion": [
    0.17549364268779755,
    -0.8630937933921814,
    0.0
  ],
  "tangential_distortion": [
    -0.006523536052554846,
    0.004955862183123827
  ],
  "image_size": [
    1072,
    1920
  ]
}