{
  "orientation": [
    [
      0.9669604897499084,
      -0.21539601683616638,
      0.13635247945785522
    ],
    [
      0.22734400629997253,
      0.9706072807312012,
      -0.07896973192691803
    ],
    [
      -0.11533494293689728,
      0.10735952854156494,
      0.9875078797340393
    ]
  ],
  "position": [
    2.2727835178375244,
    -1.331092119216919,
    0.06699502468109131
  ],
  "focal_length": 2892.91357421875,
  "principal_point": [
    696.362060546875,
    982.3938598632812
  ],
  "skew": 0.0,
  "pixel_aspect_ratio": 1.0120645761489868,
  "radial_distortion": [
    0.17549364268779755,
    -0.8630937933921814,
    0.0
  ],
  "tangential_distortion": [
    -0.006523536052554846,
    0.004955862183123827
  ],
  "image_size": [
    1072,
    1920
  ]
}