{
  "orientation": [
    [
      0.9845077395439148,
      0.026919303461909294,
      -0.1732623428106308
    ],
    [
      -0.026465201750397682,
      0.9996375441551208,
      0.004930965602397919
    ],
    [
      0.17333228886127472,
      -0.00026915117632597685,
      0.9848633408546448
    ]
  ],
  "position": [
    -3.0339930057525635,
    1.7024497985839844,
    0.0258793905377388
  ],
  "focal_length": 2892.91357421875,
  "principal_point": [
    696.362060546875,
    982.3938598632812
  ],
  "skew": 0.0,
  "pixel_aspect_ratio": 1.0120645761489868,
  "radial_distortion": [
    0.17549364268779755,
    -0.8630937933921814,
    0.0
  ],
  "tangential_distortion": [
    -0.006523536052554846,
    0.004955862183123827
  ],
  "image_size": [
    1072,
    1920
  ]
}