{
  "orientation": [
    [
      0.9774703979492188,
      -0.20758844912052155,
      0.03819290176033974
    ],
    [
      0.21016745269298553,
      0.9739524126052856,
      -0.08512546867132187
    ],
    [
      -0.019527003169059753,
      0.09123453497886658,
      0.9956379532814026
    ]
  ],
  "position": [
    -0.0283504668623209,
    -1.1162203550338745,
    -0.06535636633634567
  ],
  "focal_length": 2892.91357421875,
  "principal_point": [
    696.362060546875,
    982.3938598632812
  ],
  "skew": 0.0,
  "pixel_aspect_ratio": 1.0120645761489868,
  "radial_distortion": [
    0.17549364268779755,
    -0.8630937933921814,
    0.0
  ],
  "tangential_distortion": [
    -0.006523536052554846,
    0.004955862183123827
  ],
  "image_size": [
    1072,
    1920
  ]
}