{
  "orientation": [
    [
      0.9931545257568359,
      -0.1152716875076294,
      0.018880484625697136
    ],
    [
      0.11571568250656128,
      0.9929825067520142,
      -0.024405566975474358
    ],
    [
      -0.015934720635414124,
      0.026423268020153046,
      0.9995238184928894
    ]
  ],
  "position": [
    0.024220390245318413,
    1.264743685722351,
    1.3014934062957764
  ],
  "focal_length": 2892.91357421875,
  "principal_point": [
    696.362060546875,
    982.3938598632812
  ],
  "skew": 0.0,
  "pixel_aspect_ratio": 1.0120645761489868,
  "radial_distortion": [
    0.17549364268779755,
    -0.8630937933921814,
    0.0
  ],
  "tangential_distortion": [
    -0.006523536052554846,
    0.004955862183123827
  ],
  "image_size": [
    1072,
    1920
  ]
}