{
  "orientation": [
    [
      0.9743788242340088,
      -0.18761831521987915,
      0.12403751164674759
    ],
    [
      0.1915828138589859,
      0.9812573194503784,
      -0.020738691091537476
    ],
    [
      -0.11782176047563553,
      0.04397079721093178,
      0.9920607805252075
    ]
  ],
  "position": [
    2.0093677043914795,
    1.0764943361282349,
    0.47562798857688904
  ],
  "focal_length": 2892.91357421875,
  "principal_point": [
    696.362060546875,
    982.3938598632812
  ],
  "skew": 0.0,
  "pixel_aspect_ratio": 1.0120645761489868,
  "radial_distortion": [
    0.17549364268779755,
    -0.8630937933921814,
    0.0
  ],
  "tangential_distortion": [
    -0.006523536052554846,
    0.004955862183123827
  ],
  "image_size": [
    1072,
    1920
  ]
}