{
  "orientation": [
    [
      0.9925567507743835,
      -0.025142742320895195,
      -0.11915934085845947
    ],
    [
      0.02935321070253849,
      0.9990004301071167,
      0.033712148666381836
    ],
    [
      0.11819262057542801,
      -0.036958932876586914,
      0.992302656173706
    ]
  ],
  "position": [
    -1.489737629890442,
    1.821354866027832,
    -0.4910709261894226
  ],
  "focal_length": 2892.91357421875,
  "principal_point": [
    696.362060546875,
    982.3938598632812
  ],
  "skew": 0.0,
  "pixel_aspect_ratio": 1.0120645761489868,
  "radial_distortion": [
    0.17549364268779755,
    -0.8630937933921814,
    0.0
  ],
  "tangential_distortion": [
    -0.006523536052554846,
    0.004955862183123827
  ],
  "image_size": [
    1072,
    1920
  ]
}