{
  "orientation": [
    [
      0.9932060837745667,
      -0.11511388421058655,
      -0.01704384945333004
    ],
    [
      0.11523395776748657,
      0.9933187961578369,
      0.006235484499484301
    ],
    [
      0.016212185844779015,
      -0.008157151751220226,
      0.9998353123664856
    ]
  ],
  "position": [
    -0.26361408829689026,
    1.506628394126892,
    0.7761602401733398
  ],
  "focal_length": 2892.91357421875,
  "principal_point": [
    696.362060546875,
    982.3938598632812
  ],
  "skew": 0.0,
  "pixel_aspect_ratio": 1.0120645761489868,
  "radial_distortion": [
    0.17549364268779755,
    -0.8630937933921814,
    0.0
  ],
  "tangential_distortion": [
    -0.006523536052554846,
    0.004955862183123827
  ],
  "image_size": [
    1072,
    1920
  ]
}