{
  "orientation": [
    [
      0.9366828799247742,
      0.17595115303993225,
      -0.3027644455432892
    ],
    [
      -0.19578507542610168,
      0.9799784421920776,
      -0.03620041534304619
    ],
    [
      0.2903331220149994,
      0.09318507462739944,
      0.9523776769638062
    ]
  ],
  "position": [
    -5.054194927215576,
    0.6845352053642273,
    -0.4428131580352783
  ],
  "focal_length": 2892.91357421875,
  "principal_point": [
    696.362060546875,
    982.3938598632812
  ],
  "skew": 0.0,
  "pixel_aspect_ratio": 1.0120645761489868,
  "radial_distortion": [
    0.17549364268779755,
    -0.8630937933921814,
    0.0
  ],
  "tangential_distortion": [
    -0.006523536052554846,
    0.004955862183123827
  ],
  "image_size": [
    1072,
    1920
  ]
}