{
  "orientation": [
    [
      0.9817182421684265,
      -0.17606624960899353,
      0.07231871783733368
    ],
    [
      0.17932671308517456,
      0.9829209446907043,
      -0.04133234918117523
    ],
    [
      -0.06380635499954224,
      0.05354539677500725,
      0.9965248107910156
    ]
  ],
  "position": [
    0.2472955882549286,
    0.015769541263580322,
    1.1850790977478027
  ],
  "focal_length": 2892.91357421875,
  "principal_point": [
    696.362060546875,
    982.3938598632812
  ],
  "skew": 0.0,
  "pixel_aspect_ratio": 1.0120645761489868,
  "radial_distortion": [
    0.17549364268779755,
    -0.8630937933921814,
    0.0
  ],
  "tangential_distortion": [
    -0.006523536052554846,
    0.004955862183123827
  ],
  "image_size": [
    1072,
    1920
  ]
}