{
  "orientation": [
    [
      0.9883324503898621,
      -0.12147548049688339,
      -0.09188417345285416
    ],
    [
      0.10191413015127182,
      0.9757408499717712,
      -0.19376079738140106
    ],
    [
      0.11319233477115631,
      0.18213579058647156,
      0.9767364263534546
    ]
  ],
  "position": [
    -1.1004160642623901,
    -2.1574082374572754,
    -0.6703192591667175
  ],
  "focal_length": 2892.91357421875,
  "principal_point": [
    696.362060546875,
    982.3938598632812
  ],
  "skew": 0.0,
  "pixel_aspect_ratio": 1.0120645761489868,
  "radial_distortion": [
    0.17549364268779755,
    -0.8630937933921814,
    0.0
  ],
  "tangential_distortion": [
    -0.006523536052554846,
    0.004955862183123827
  ],
  "image_size": [
    1072,
    1920
  ]
}