{
  "orientation": [
    [
      0.9420413374900818,
      0.12486610561609268,
      -0.3113945722579956
    ],
    [
      -0.1288934201002121,
      0.9916285276412964,
      0.007700428366661072
    ],
    [
      0.3097492754459381,
      0.03288258612155914,
      0.9502494931221008
    ]
  ],
  "position": [
    -4.889782428741455,
    1.4203197956085205,
    -0.2479446828365326
  ],
  "focal_length": 2892.91357421875,
  "principal_point": [
    696.362060546875,
    982.3938598632812
  ],
  "skew": 0.0,
  "pixel_aspect_ratio": 1.0120645761489868,
  "radial_distortion": [
    0.17549364268779755,
    -0.8630937933921814,
    0.0
  ],
  "tangential_distortion": [
    -0.006523536052554846,
    0.004955862183123827
  ],
  "image_size": [
    1072,
    1920
  ]
}