{
  "orientation": [
    [
      0.9855104088783264,
      -0.009509564377367496,
      -0.16934828460216522
    ],
    [
      -0.016168825328350067,
      0.9886131882667542,
      -0.1496078222990036
    ],
    [
      0.16884265840053558,
      0.1501782238483429,
      0.9741348028182983
    ]
  ],
  "position": [
    -2.8696343898773193,
    -1.9441651105880737,
    -0.15144003927707672
  ],
  "focal_length": 2892.91357421875,
  "principal_point": [
    696.362060546875,
    982.3938598632812
  ],
  "skew": 0.0,
  "pixel_aspect_ratio": 1.0120645761489868,
  "radial_distortion": [
    0.17549364268779755,
    -0.8630937933921814,
    0.0
  ],
  "tangential_distortion": [
    -0.006523536052554846,
    0.004955862183123827
  ],
  "image_size": [
    1072,
    1920
  ]
}