{
  "orientation": [
    [
      0.990679919719696,
      -0.008094255812466145,
      -0.13596978783607483
    ],
    [
      0.0033448708709329367,
      0.999377429485321,
      -0.03512192517518997
    ],
    [
      0.13616943359375,
      0.0343397818505764,
      0.9900902509689331
    ]
  ],
  "position": [
    -1.8600226640701294,
    1.9699468612670898,
    -0.8768273591995239
  ],
  "focal_length": 2892.91357421875,
  "principal_point": [
    696.362060546875,
    982.3938598632812
  ],
  "skew": 0.0,
  "pixel_aspect_ratio": 1.0120645761489868,
  "radial_distortion": [
    0.17549364268779755,
    -0.8630937933921814,
    0.0
  ],
  "tangential_distortion": [
    -0.006523536052554846,
    0.004955862183123827
  ],
  "image_size": [
    1072,
    1920
  ]
}