{
  "orientation": [
    [
      0.9680269956588745,
      0.09290216118097305,
      -0.23300842940807343
    ],
    [
      -0.10243488848209381,
      0.9943132996559143,
      -0.029122916981577873
    ],
    [
      0.22897779941558838,
      0.05205996334552765,
      0.9720385670661926
    ]
  ],
  "position": [
    -3.440424680709839,
    1.7877813577651978,
    -0.7518172860145569
  ],
  "focal_length": 2892.91357421875,
  "principal_point": [
    696.362060546875,
    982.3938598632812
  ],
  "skew": 0.0,
  "pixel_aspect_ratio": 1.0120645761489868,
  "radial_distortion": [
    0.17549364268779755,
    -0.8630937933921814,
    0.0
  ],
  "tangential_distortion": [
    -0.006523536052554846,
    0.004955862183123827
  ],
  "image_size": [
    1072,
    1920
  ]
}