{
  "orientation": [
    [
      0.9357104897499084,
      0.15296748280525208,
      -0.3178785741329193
    ],
    [
      -0.14495375752449036,
      0.9882311820983887,
      0.048862915486097336
    ],
    [
      0.3216119408607483,
      0.00035614758962765336,
      0.9468715190887451
    ]
  ],
  "position": [
    -5.334626197814941,
    0.37497881054878235,
    -0.09529869258403778
  ],
  "focal_length": 2892.91357421875,
  "principal_point": [
    696.362060546875,
    982.3938598632812
  ],
  "skew": 0.0,
  "pixel_aspect_ratio": 1.0120645761489868,
  "radial_distortion": [
    0.17549364268779755,
    -0.8630937933921814,
    0.0
  ],
  "tangential_distortion": [
    -0.006523536052554846,
    0.004955862183123827
  ],
  "image_size": [
    1072,
    1920
  ]
}