{
  "orientation": [
    [
      0.9176139831542969,
      0.1618930995464325,
      -0.3630084991455078
    ],
    [
      -0.18845447897911072,
      0.9813178777694702,
      -0.038731545209884644
    ],
    [
      0.34995636343955994,
      0.10395119339227676,
      0.9309805035591125
    ]
  ],
  "position": [
    -5.869637489318848,
    -0.8086186647415161,
    -0.639408528804779
  ],
  "focal_length": 2892.91357421875,
  "principal_point": [
    696.362060546875,
    982.3938598632812
  ],
  "skew": 0.0,
  "pixel_aspect_ratio": 1.0120645761489868,
  "radial_distortion": [
    0.17549364268779755,
    -0.8630937933921814,
    0.0
  ],
  "tangential_distortion": [
    -0.006523536052554846,
    0.004955862183123827
  ],
  "image_size": [
    1072,
    1920
  ]
}