{
  "orientation": [
    [
      0.9955655336380005,
      -0.09192010015249252,
      -0.019997678697109222
    ],
    [
      0.09170665591955185,
      0.9957214593887329,
      -0.011342713609337807
    ],
    [
      0.020954741165041924,
      0.009458494372665882,
      0.9997356534004211
    ]
  ],
  "position": [
    -0.3889559209346771,
    1.4754951000213623,
    1.096798062324524
  ],
  "focal_length": 2892.91357421875,
  "principal_point": [
    696.362060546875,
    982.3938598632812
  ],
  "skew": 0.0,
  "pixel_aspect_ratio": 1.0120645761489868,
  "radial_distortion": [
    0.17549364268779755,
    -0.8630937933921814,
    0.0
  ],
  "tangential_distortion": [
    -0.006523536052554846,
    0.004955862183123827
  ],
  "image_size": [
    1072,
    1920
  ]
}