{
  "orientation": [
    [
      0.9880273938179016,
      -0.15006431937217712,
      0.035812314599752426
    ],
    [
      0.15111654996871948,
      0.9880982637405396,
      -0.028732987120747566
    ],
    [
      -0.031074291095137596,
      0.03380081057548523,
      0.998945415019989
    ]
  ],
  "position": [
    0.055043935775756836,
    0.8768060207366943,
    1.3233931064605713
  ],
  "focal_length": 2892.91357421875,
  "principal_point": [
    696.362060546875,
    982.3938598632812
  ],
  "skew": 0.0,
  "pixel_aspect_ratio": 1.0120645761489868,
  "radial_distortion": [
    0.17549364268779755,
    -0.8630937933921814,
    0.0
  ],
  "tangential_distortion": [
    -0.006523536052554846,
    0.004955862183123827
  ],
  "image_size": [
    1072,
    1920
  ]
}