{
  "orientation": [
    [
      0.9333261847496033,
      0.12409491837024689,
      -0.3369015157222748
    ],
    [
      -0.1739998310804367,
      0.9771451354026794,
      -0.12211240828037262
    ],
    [
      0.3140481412410736,
      0.17259152233600616,
      0.9335876703262329
    ]
  ],
  "position": [
    -4.959502220153809,
    -0.7106284499168396,
    -0.4028773605823517
  ],
  "focal_length": 2892.91357421875,
  "principal_point": [
    696.362060546875,
    982.3938598632812
  ],
  "skew": 0.0,
  "pixel_aspect_ratio": 1.0120645761489868,
  "radial_distortion": [
    0.17549364268779755,
    -0.8630937933921814,
    0.0
  ],
  "tangential_distortion": [
    -0.006523536052554846,
    0.004955862183123827
  ],
  "image_size": [
    1072,
    1920
  ]
}