{
  "orientation": [
    [
      0.960044264793396,
      -0.24399739503860474,
      0.13704131543636322
    ],
    [
      0.2505095899105072,
      0.9675782322883606,
      -0.03220730274915695
    ],
    [
      -0.12473969906568527,
      0.06525060534477234,
      0.9900416135787964
    ]
  ],
  "position": [
    1.4701533317565918,
    0.6306345462799072,
    0.6652955412864685
  ],
  "focal_length": 2892.91357421875,
  "principal_point": [
    696.362060546875,
    982.3938598632812
  ],
  "skew": 0.0,
  "pixel_aspect_ratio": 1.0120645761489868,
  "radial_distortion": [
    0.17549364268779755,
    -0.8630937933921814,
    0.0
  ],
  "tangential_distortion": [
    -0.006523536052554846,
    0.004955862183123827
  ],
  "image_size": [
    1072,
    1920
  ]
}