{
  "orientation": [
    [
      0.990376353263855,
      -0.13682520389556885,
      0.02082161419093609
    ],
    [
      0.13840042054653168,
      0.9791617393493652,
      -0.14861898124217987
    ],
    [
      -5.290605258778669e-05,
      0.1500704437494278,
      0.9886752963066101
    ]
  ],
  "position": [
    -0.3252671957015991,
    -1.8506388664245605,
    0.0500091128051281
  ],
  "focal_length": 2892.91357421875,
  "principal_point": [
    696.362060546875,
    982.3938598632812
  ],
  "skew": 0.0,
  "pixel_aspect_ratio": 1.0120645761489868,
  "radial_distortion": [
    0.17549364268779755,
    -0.8630937933921814,
    0.0
  ],
  "tangential_distortion": [
    -0.006523536052554846,
    0.004955862183123827
  ],
  "image_size": [
    1072,
    1920
  ]
}