{
  "orientation": [
    [
      0.9929203391075134,
      0.015375062823295593,
      -0.11778297275304794
    ],
    [
      -0.01046999916434288,
      0.9990563988685608,
      0.042151086032390594
    ],
    [
      0.11831990629434586,
      -0.04061948508024216,
      0.9921443462371826
    ]
  ],
  "position": [
    -2.0157299041748047,
    2.5603435039520264,
    -0.8713558912277222
  ],
  "focal_length": 2892.91357421875,
  "principal_point": [
    696.362060546875,
    982.3938598632812
  ],
  "skew": 0.0,
  "pixel_aspect_ratio": 1.0120645761489868,
  "radial_distortion": [
    0.17549364268779755,
    -0.8630937933921814,
    0.0
  ],
  "tangential_distortion": [
    -0.006523536052554846,
    0.004955862183123827
  ],
  "image_size": [
    1072,
    1920
  ]
}