{
  "orientation": [
    [
      0.9626621007919312,
      0.07414394617080688,
      -0.2603543698787689
    ],
    [
      -0.09215947985649109,
      0.9940729737281799,
      -0.057667315006256104
    ],
    [
      0.25453558564186096,
      0.07950825989246368,
      0.9637894630432129
    ]
  ],
  "position": [
    -4.790729522705078,
    -0.8436679244041443,
    -0.4950839579105377
  ],
  "focal_length": 2892.91357421875,
  "principal_point": [
    696.362060546875,
    982.3938598632812
  ],
  "skew": 0.0,
  "pixel_aspect_ratio": 1.0120645761489868,
  "radial_distortion": [
    0.17549364268779755,
    -0.8630937933921814,
    0.0
  ],
  "tangential_distortion": [
    -0.006523536052554846,
    0.004955862183123827
  ],
  "image_size": [
    1072,
    1920
  ]
}