{
  "orientation": [
    [
      0.9975625276565552,
      -0.06690306961536407,
      -0.0198225025087595
    ],
    [
      0.06741510331630707,
      0.9973757266998291,
      0.026398826390504837
    ],
    [
      0.018004320561885834,
      -0.027670815587043762,
      0.999454915523529
    ]
  ],
  "position": [
    -0.1411089301109314,
    2.232919931411743,
    -0.7677333950996399
  ],
  "focal_length": 2892.91357421875,
  "principal_point": [
    696.362060546875,
    982.3938598632812
  ],
  "skew": 0.0,
  "pixel_aspect_ratio": 1.0120645761489868,
  "radial_distortion": [
    0.17549364268779755,
    -0.8630937933921814,
    0.0
  ],
  "tangential_distortion": [
    -0.006523536052554846,
    0.004955862183123827
  ],
  "image_size": [
    1072,
    1920
  ]
}