{
  "orientation": [
    [
      0.9889068007469177,
      -0.1483820229768753,
      0.006789955776184797
    ],
    [
      0.14796797931194305,
      0.9800882339477539,
      -0.13241025805473328
    ],
    [
      0.01299254596233368,
      0.13194610178470612,
      0.9911717176437378
    ]
  ],
  "position": [
    -0.5768792629241943,
    -1.6526122093200684,
    0.567051112651825
  ],
  "focal_length": 2892.91357421875,
  "principal_point": [
    696.362060546875,
    982.3938598632812
  ],
  "skew": 0.0,
  "pixel_aspect_ratio": 1.0120645761489868,
  "radial_distortion": [
    0.17549364268779755,
    -0.8630937933921814,
    0.0
  ],
  "tangential_distortion": [
    -0.006523536052554846,
    0.004955862183123827
  ],
  "image_size": [
    1072,
    1920
  ]
}