{
  "orientation": [
    [
      0.9510460495948792,
      0.13419008255004883,
      -0.2783960998058319
    ],
    [
      -0.11818630993366241,
      0.9902620315551758,
      0.0735740214586258
    ],
    [
      0.28555798530578613,
      -0.03706967458128929,
      0.9576442241668701
    ]
  ],
  "position": [
    -4.90571928024292,
    2.1835198402404785,
    -0.44213706254959106
  ],
  "focal_length": 2892.91357421875,
  "principal_point": [
    696.362060546875,
    982.3938598632812
  ],
  "skew": 0.0,
  "pixel_aspect_ratio": 1.0120645761489868,
  "radial_distortion": [
    0.17549364268779755,
    -0.8630937933921814,
    0.0
  ],
  "tangential_distortion": [
    -0.006523536052554846,
    0.004955862183123827
  ],
  "image_size": [
    1072,
    1920
  ]
}