{
  "orientation": [
    [
      0.9804372787475586,
      0.04909396544098854,
      -0.1906108409166336
    ],
    [
      -0.043174583464860916,
      0.9984512329101562,
      0.0350869856774807
    ],
    [
      0.1920381784439087,
      -0.026171045377850533,
      0.9810384511947632
    ]
  ],
  "position": [
    -2.893462896347046,
    1.9127930402755737,
    0.4764817953109741
  ],
  "focal_length": 2892.91357421875,
  "principal_point": [
    696.362060546875,
    982.3938598632812
  ],
  "skew": 0.0,
  "pixel_aspect_ratio": 1.0120645761489868,
  "radial_distortion": [
    0.17549364268779755,
    -0.8630937933921814,
    0.0
  ],
  "tangential_distortion": [
    -0.006523536052554846,
    0.004955862183123827
  ],
  "image_size": [
    1072,
    1920
  ]
}