{
  "orientation": [
    [
      0.9936281442642212,
      -0.04343290999531746,
      -0.10400315374135971
    ],
    [
      0.04179150611162186,
      0.9989657998085022,
      -0.017910746857523918
    ],
    [
      0.10467351227998734,
      0.013450173661112785,
      0.9944157004356384
    ]
  ],
  "position": [
    -2.178067684173584,
    1.7640800476074219,
    0.26092958450317383
  ],
  "focal_length": 2892.91357421875,
  "principal_point": [
    696.362060546875,
    982.3938598632812
  ],
  "skew": 0.0,
  "pixel_aspect_ratio": 1.0120645761489868,
  "radial_distortion": [
    0.17549364268779755,
    -0.8630937933921814,
    0.0
  ],
  "tangential_distortion": [
    -0.006523536052554846,
    0.004955862183123827
  ],
  "image_size": [
    1072,
    1920
  ]
}