{
  "orientation": [
    [
      0.9824406504631042,
      -0.18244637548923492,
      0.0390343964099884
    ],
    [
      0.1862897276878357,
      0.9708003997802734,
      -0.1511380821466446
    ],
    [
      -0.010320013388991356,
      0.1557559072971344,
      0.9877416491508484
    ]
  ],
  "position": [
    -0.3222818672657013,
    -1.5860977172851562,
    0.2440192699432373
  ],
  "focal_length": 2892.91357421875,
  "principal_point": [
    696.362060546875,
    982.3938598632812
  ],
  "skew": 0.0,
  "pixel_aspect_ratio": 1.0120645761489868,
  "radial_distortion": [
    0.17549364268779755,
    -0.8630937933921814,
    0.0
  ],
  "tangential_distortion": [
    -0.006523536052554846,
    0.004955862183123827
  ],
  "image_size": [
    1072,
    1920
  ]
}