{
  "orientation": [
    [
      0.9896038174629211,
      0.010281250812113285,
      -0.1434522420167923
    ],
    [
      -0.006413554772734642,
      0.9996040463447571,
      0.02739798091351986
    ],
    [
      0.14367711544036865,
      -0.026193108409643173,
      0.9892778992652893
    ]
  ],
  "position": [
    -2.264599084854126,
    1.8783886432647705,
    0.6206954121589661
  ],
  "focal_length": 2892.91357421875,
  "principal_point": [
    696.362060546875,
    982.3938598632812
  ],
  "skew": 0.0,
  "pixel_aspect_ratio": 1.0120645761489868,
  "radial_distortion": [
    0.17549364268779755,
    -0.8630937933921814,
    0.0
  ],
  "tangential_distortion": [
    -0.006523536052554846,
    0.004955862183123827
  ],
  "image_size": [
    1072,
    1920
  ]
}