{
  "orientation": [
    [
      0.9731959700584412,
      0.04974463954567909,
      -0.22453290224075317
    ],
    [
      -0.07999014854431152,
      0.9885839819908142,
      -0.1276843398809433
    ],
    [
      0.21561801433563232,
      0.1422223150730133,
      0.9660650491714478
    ]
  ],
  "position": [
    -3.4862539768218994,
    -1.951335072517395,
    -0.43915554881095886
  ],
  "focal_length": 2892.91357421875,
  "principal_point": [
    696.362060546875,
    982.3938598632812
  ],
  "skew": 0.0,
  "pixel_aspect_ratio": 1.0120645761489868,
  "radial_distortion": [
    0.17549364268779755,
    -0.8630937933921814,
    0.0
  ],
  "tangential_distortion": [
    -0.006523536052554846,
    0.004955862183123827
  ],
  "image_size": [
    1072,
    1920
  ]
}