{
  "orientation": [
    [
      0.9942489266395569,
      -0.105747289955616,
      -0.01692832075059414
    ],
    [
      0.10464461892843246,
      0.9929094314575195,
      -0.05639498680830002
    ],
    [
      0.02277190610766411,
      0.05429919809103012,
      0.9982650279998779
    ]
  ],
  "position": [
    0.4295261800289154,
    1.3440766334533691,
    -0.26602646708488464
  ],
  "focal_length": 2892.91357421875,
  "principal_point": [
    696.362060546875,
    982.3938598632812
  ],
  "skew": 0.0,
  "pixel_aspect_ratio": 1.0120645761489868,
  "radial_distortion": [
    0.17549364268779755,
    -0.8630937933921814,
    0.0
  ],
  "tangential_distortion": [
    -0.006523536052554846,
    0.004955862183123827
  ],
  "image_size": [
    1072,
    1920
  ]
}