{
  "orientation": [
    [
      0.9993371367454529,
      -0.00011168759374413639,
      -0.03640394285321236
    ],
    [
      -0.003868070198222995,
      0.9940086007118225,
      -0.10923335701227188
    ],
    [
      0.03619803115725517,
      0.10930176079273224,
      0.9933493137359619
    ]
  ],
  "position": [
    -1.6921945810317993,
    -1.6887255907058716,
    -0.7967244386672974
  ],
  "focal_length": 2892.91357421875,
  "principal_point": [
    696.362060546875,
    982.3938598632812
  ],
  "skew": 0.0,
  "pixel_aspect_ratio": 1.0120645761489868,
  "radial_distortion": [
    0.17549364268779755,
    -0.8630937933921814,
    0.0
  ],
  "tangential_distortion": [
    -0.006523536052554846,
    0.004955862183123827
  ],
  "image_size": [
    1072,
    1920
  ]
}