{
  "orientation": [
    [
      0.9861106872558594,
      -0.02908381074666977,
      -0.16352327167987823
    ],
    [
      0.006828280631452799,
      0.9908156991004944,
      -0.1350465714931488
    ],
    [
      0.16594909131526947,
      0.13205428421497345,
      0.9772525429725647
    ]
  ],
  "position": [
    -2.993197202682495,
    -1.651807427406311,
    -0.37696781754493713
  ],
  "focal_length": 2892.91357421875,
  "principal_point": [
    696.362060546875,
    982.3938598632812
  ],
  "skew": 0.0,
  "pixel_aspect_ratio": 1.0120645761489868,
  "radial_distortion": [
    0.17549364268779755,
    -0.8630937933921814,
    0.0
  ],
  "tangential_distortion": [
    -0.006523536052554846,
    0.004955862183123827
  ],
  "image_size": [
    1072,
    1920
  ]
}