{
  "orientation": [
    [
      0.9933875203132629,
      -0.012100525200366974,
      -0.11417007446289062
    ],
    [
      0.013066506944596767,
      0.999884843826294,
      0.007716321852058172
    ],
    [
      0.1140635535120964,
      -0.00915710162371397,
      0.9934312701225281
    ]
  ],
  "position": [
    -2.120572805404663,
    1.739074468612671,
    0.06707267463207245
  ],
  "focal_length": 2892.91357421875,
  "principal_point": [
    696.362060546875,
    982.3938598632812
  ],
  "skew": 0.0,
  "pixel_aspect_ratio": 1.0120645761489868,
  "radial_distortion": [
    0.17549364268779755,
    -0.8630937933921814,
    0.0
  ],
  "tangential_distortion": [
    -0.006523536052554846,
    0.004955862183123827
  ],
  "image_size": [
    1072,
    1920
  ]
}