{
  "orientation": [
    [
      0.9769840836524963,
      -0.19231951236724854,
      0.09227842837572098
    ],
    [
      0.1954498291015625,
      0.9803665280342102,
      -0.02609238028526306
    ],
    [
      -0.08544860780239105,
      0.043527644127607346,
      0.995391309261322
    ]
  ],
  "position": [
    0.9028317332267761,
    1.3756920099258423,
    0.9151664972305298
  ],
  "focal_length": 2892.91357421875,
  "principal_point": [
    696.362060546875,
    982.3938598632812
  ],
  "skew": 0.0,
  "pixel_aspect_ratio": 1.0120645761489868,
  "radial_distortion": [
    0.17549364268779755,
    -0.8630937933921814,
    0.0
  ],
  "tangential_distortion": [
    -0.006523536052554846,
    0.004955862183123827
  ],
  "image_size": [
    1072,
    1920
  ]
}