{
  "orientation": [
    [
      0.93959641456604,
      0.14938145875930786,
      -0.30796709656715393
    ],
    [
      -0.13092641532421112,
      0.9881698489189148,
      0.07986652106046677
    ],
    [
      0.3162543475627899,
      -0.03472127392888069,
      0.9480388164520264
    ]
  ],
  "position": [
    -5.2493367195129395,
    1.857676386833191,
    -0.3944382965564728
  ],
  "focal_length": 2892.91357421875,
  "principal_point": [
    696.362060546875,
    982.3938598632812
  ],
  "skew": 0.0,
  "pixel_aspect_ratio": 1.0120645761489868,
  "radial_distortion": [
    0.17549364268779755,
    -0.8630937933921814,
    0.0
  ],
  "tangential_distortion": [
    -0.006523536052554846,
    0.004955862183123827
  ],
  "image_size": [
    1072,
    1920
  ]
}