{
  "orientation": [
    [
      0.9488480687141418,
      0.1047300174832344,
      -0.2978573143482208
    ],
    [
      -0.11880967020988464,
      0.9924783706665039,
      -0.029510919004678726
    ],
    [
      0.2925262749195099,
      0.06338970363140106,
      0.9541541337966919
    ]
  ],
  "position": [
    -5.180802822113037,
    -0.4185272455215454,
    -0.3331591784954071
  ],
  "focal_length": 2892.91357421875,
  "principal_point": [
    696.362060546875,
    982.3938598632812
  ],
  "skew": 0.0,
  "pixel_aspect_ratio": 1.0120645761489868,
  "radial_distortion": [
    0.17549364268779755,
    -0.8630937933921814,
    0.0
  ],
  "tangential_distortion": [
    -0.006523536052554846,
    0.004955862183123827
  ],
  "image_size": [
    1072,
    1920
  ]
}