{
  "orientation": [
    [
      0.9771730303764343,
      0.003353211097419262,
      -0.21241842210292816
    ],
    [
      -0.04481363669037819,
      0.9806302189826965,
      -0.19067279994487762
    ],
    [
      0.20766456425189972,
      0.19583956897258759,
      0.9583956599235535
    ]
  ],
  "position": [
    -2.648204803466797,
    -1.8471707105636597,
    -0.48790255188941956
  ],
  "focal_length": 2892.91357421875,
  "principal_point": [
    696.362060546875,
    982.3938598632812
  ],
  "skew": 0.0,
  "pixel_aspect_ratio": 1.0120645761489868,
  "radial_distortion": [
    0.17549364268779755,
    -0.8630937933921814,
    0.0
  ],
  "tangential_distortion": [
    -0.006523536052554846,
    0.004955862183123827
  ],
  "image_size": [
    1072,
    1920
  ]
}