{
  "orientation": [
    [
      0.9597314596176147,
      -0.22626161575317383,
      0.16649673879146576
    ],
    [
      0.235798180103302,
      0.9709920883178711,
      -0.039668623358011246
    ],
    [
      -0.1526915282011032,
      0.07733085751533508,
      0.9852437376976013
    ]
  ],
  "position": [
    2.5238475799560547,
    -0.24145124852657318,
    1.055741548538208
  ],
  "focal_length": 2892.91357421875,
  "principal_point": [
    696.362060546875,
    982.3938598632812
  ],
  "skew": 0.0,
  "pixel_aspect_ratio": 1.0120645761489868,
  "radial_distortion": [
    0.17549364268779755,
    -0.8630937933921814,
    0.0
  ],
  "tangential_distortion": [
    -0.006523536052554846,
    0.004955862183123827
  ],
  "image_size": [
    1072,
    1920
  ]
}