{
  "orientation": [
    [
      0.989164412021637,
      -0.05088726058602333,
      -0.13771066069602966
    ],
    [
      0.036429524421691895,
      0.9937472939491272,
      -0.10554221272468567
    ],
    [
      0.14222034811973572,
      0.09938187152147293,
      0.984833300113678
    ]
  ],
  "position": [
    -2.886730909347534,
    -1.4562207460403442,
    -0.3392876386642456
  ],
  "focal_length": 2892.91357421875,
  "principal_point": [
    696.362060546875,
    982.3938598632812
  ],
  "skew": 0.0,
  "pixel_aspect_ratio": 1.0120645761489868,
  "radial_distortion": [
    0.17549364268779755,
    -0.8630937933921814,
    0.0
  ],
  "tangential_distortion": [
    -0.006523536052554846,
    0.004955862183123827
  ],
  "image_size": [
    1072,
    1920
  ]
}