{
  "orientation": [
    [
      0.9674504399299622,
      0.09103305637836456,
      -0.23612000048160553
    ],
    [
      -0.08148033171892166,
      0.9954237341880798,
      0.04992499575018883
    ],
    [
      0.239584282040596,
      -0.02906082384288311,
      0.9704405665397644
    ]
  ],
  "position": [
    -3.621216058731079,
    1.6857811212539673,
    0.23546545207500458
  ],
  "focal_length": 2892.91357421875,
  "principal_point": [
    696.362060546875,
    982.3938598632812
  ],
  "skew": 0.0,
  "pixel_aspect_ratio": 1.0120645761489868,
  "radial_distortion": [
    0.17549364268779755,
    -0.8630937933921814,
    0.0
  ],
  "tangential_distortion": [
    -0.006523536052554846,
    0.004955862183123827
  ],
  "image_size": [
    1072,
    1920
  ]
}