{
  "orientation": [
    [
      0.944006621837616,
      0.12196063250303268,
      -0.3065568506717682
    ],
    [
      -0.15495307743549347,
      0.9842060804367065,
      -0.08560346812009811
    ],
    [
      0.29127487540245056,
      0.12831217050552368,
      0.9479952454566956
    ]
  ],
  "position": [
    -4.936974048614502,
    -1.4540261030197144,
    -0.5710907578468323
  ],
  "focal_length": 2892.91357421875,
  "principal_point": [
    696.362060546875,
    982.3938598632812
  ],
  "skew": 0.0,
  "pixel_aspect_ratio": 1.0120645761489868,
  "radial_distortion": [
    0.17549364268779755,
    -0.8630937933921814,
    0.0
  ],
  "tangential_distortion": [
    -0.006523536052554846,
    0.004955862183123827
  ],
  "image_size": [
    1072,
    1920
  ]
}