{
  "orientation": [
    [
      0.9850050210952759,
      -0.16311579942703247,
      0.05619939789175987
    ],
    [
      0.1651509553194046,
      0.9856933355331421,
      -0.03367239609360695
    ],
    [
      -0.04990287125110626,
      0.04244886338710785,
      0.9978516101837158
    ]
  ],
  "position": [
    0.2045809030532837,
    0.41990402340888977,
    1.2742778062820435
  ],
  "focal_length": 2892.91357421875,
  "principal_point": [
    696.362060546875,
    982.3938598632812
  ],
  "skew": 0.0,
  "pixel_aspect_ratio": 1.0120645761489868,
  "radial_distortion": [
    0.17549364268779755,
    -0.8630937933921814,
    0.0
  ],
  "tangential_distortion": [
    -0.006523536052554846,
    0.004955862183123827
  ],
  "image_size": [
    1072,
    1920
  ]
}