{
  "orientation": [
    [
      0.9668233394622803,
      0.03103654645383358,
      -0.2535533905029297
    ],
    [
      -0.0548742339015007,
      0.9946529865264893,
      -0.08748886734247208
    ],
    [
      0.24948225915431976,
      0.0984998270869255,
      0.9633568525314331
    ]
  ],
  "position": [
    -4.428225040435791,
    -1.0591217279434204,
    -0.69950932264328
  ],
  "focal_length": 2892.91357421875,
  "principal_point": [
    696.362060546875,
    982.3938598632812
  ],
  "skew": 0.0,
  "pixel_aspect_ratio": 1.0120645761489868,
  "radial_distortion": [
    0.17549364268779755,
    -0.8630937933921814,
    0.0
  ],
  "tangential_distortion": [
    -0.006523536052554846,
    0.004955862183123827
  ],
  "image_size": [
    1072,
    1920
  ]
}