{
  "orientation": [
    [
      0.9827550649642944,
      -0.18257375061511993,
      0.029314683750271797
    ],
    [
      0.18476466834545135,
      0.975884199142456,
      -0.11624129861593246
    ],
    [
      -0.00738512771204114,
      0.11965303868055344,
      0.9927883148193359
    ]
  ],
  "position": [
    -0.3814038932323456,
    -1.4157716035842896,
    0.6845594048500061
  ],
  "focal_length": 2892.91357421875,
  "principal_point": [
    696.362060546875,
    982.3938598632812
  ],
  "skew": 0.0,
  "pixel_aspect_ratio": 1.0120645761489868,
  "radial_distortion": [
    0.17549364268779755,
    -0.8630937933921814,
    0.0
  ],
  "tangential_distortion": [
    -0.006523536052554846,
    0.004955862183123827
  ],
  "image_size": [
    1072,
    1920
  ]
}