{
  "orientation": [
    [
      0.9284834265708923,
      0.13611304759979248,
      -0.345531165599823
    ],
    [
      -0.12802597880363464,
      0.9906924366950989,
      0.046236552298069
    ],
    [
      0.34860852360725403,
      0.0013070940040051937,
      0.937267541885376
    ]
  ],
  "position": [
    -5.741540431976318,
    0.6458190083503723,
    -0.4614090025424957
  ],
  "focal_length": 2892.91357421875,
  "principal_point": [
    696.362060546875,
    982.3938598632812
  ],
  "skew": 0.0,
  "pixel_aspect_ratio": 1.0120645761489868,
  "radial_distortion": [
    0.17549364268779755,
    -0.8630937933921814,
    0.0
  ],
  "tangential_distortion": [
    -0.006523536052554846,
    0.004955862183123827
  ],
  "image_size": [
    1072,
    1920
  ]
}