{
  "orientation": [
    [
      0.991105318069458,
      -0.12317844480276108,
      -0.05037224665284157
    ],
    [
      0.11418941617012024,
      0.9815347194671631,
      -0.15346121788024902
    ],
    [
      0.06834522634744644,
      0.14634425938129425,
      0.9868699312210083
    ]
  ],
  "position": [
    -1.340667724609375,
    -1.8328317403793335,
    0.17246276140213013
  ],
  "focal_length": 2892.91357421875,
  "principal_point": [
    696.362060546875,
    982.3938598632812
  ],
  "skew": 0.0,
  "pixel_aspect_ratio": 1.0120645761489868,
  "radial_distortion": [
    0.17549364268779755,
    -0.8630937933921814,
    0.0
  ],
  "tangential_distortion": [
    -0.006523536052554846,
    0.004955862183123827
  ],
  "image_size": [
    1072,
    1920
  ]
}