{
  "orientation": [
    [
      0.956630289554596,
      0.10495691746473312,
      -0.2717398703098297
    ],
    [
      -0.10501686483621597,
      0.9943667054176331,
      0.01436430960893631
    ],
    [
      0.2717167139053345,
      0.014795936644077301,
      0.9622635245323181
    ]
  ],
  "position": [
    -4.2489213943481445,
    1.0697232484817505,
    0.05824456363916397
  ],
  "focal_length": 2892.91357421875,
  "principal_point": [
    696.362060546875,
    982.3938598632812
  ],
  "skew": 0.0,
  "pixel_aspect_ratio": 1.0120645761489868,
  "radial_distortion": [
    0.17549364268779755,
    -0.8630937933921814,
    0.0
  ],
  "tangential_distortion": [
    -0.006523536052554846,
    0.004955862183123827
  ],
  "image_size": [
    1072,
    1920
  ]
}