{
  "orientation": [
    [
      0.994663417339325,
      -0.025458797812461853,
      -0.0999823808670044
    ],
    [
      0.027463825419545174,
      0.9994473457336426,
      0.018728651106357574
    ],
    [
      0.09945032000541687,
      -0.021374601870775223,
      0.9948129057884216
    ]
  ],
  "position": [
    -1.6172994375228882,
    1.7817193269729614,
    0.7735992670059204
  ],
  "focal_length": 2892.91357421875,
  "principal_point": [
    696.362060546875,
    982.3938598632812
  ],
  "skew": 0.0,
  "pixel_aspect_ratio": 1.0120645761489868,
  "radial_distortion": [
    0.17549364268779755,
    -0.8630937933921814,
    0.0
  ],
  "tangential_distortion": [
    -0.006523536052554846,
    0.004955862183123827
  ],
  "image_size": [
    1072,
    1920
  ]
}