{
  "orientation": [
    [
      0.9943580627441406,
      -0.10112923383712769,
      -0.032013971358537674
    ],
    [
      0.09521549195051193,
      0.9839618802070618,
      -0.15084099769592285
    ],
    [
      0.04675495997071266,
      0.14694173634052277,
      0.9880395531654358
    ]
  ],
  "position": [
    -1.181125521659851,
    -1.7423267364501953,
    -0.25891759991645813
  ],
  "focal_length": 2892.91357421875,
  "principal_point": [
    696.362060546875,
    982.3938598632812
  ],
  "skew": 0.0,
  "pixel_aspect_ratio": 1.0120645761489868,
  "radial_distortion": [
    0.17549364268779755,
    -0.8630937933921814,
    0.0
  ],
  "tangential_distortion": [
    -0.006523536052554846,
    0.004955862183123827
  ],
  "image_size": [
    1072,
    1920
  ]
}