{
  "orientation": [
    [
      0.9299938082695007,
      0.17372286319732666,
      -0.32393190264701843
    ],
    [
      -0.2059255689382553,
      0.9762259125709534,
      -0.06765852868556976
    ],
    [
      0.30447685718536377,
      0.12962786853313446,
      0.9436579942703247
    ]
  ],
  "position": [
    -4.94648551940918,
    -0.04855133965611458,
    -0.4818914830684662
  ],
  "focal_length": 2892.91357421875,
  "principal_point": [
    696.362060546875,
    982.3938598632812
  ],
  "skew": 0.0,
  "pixel_aspect_ratio": 1.0120645761489868,
  "radial_distortion": [
    0.17549364268779755,
    -0.8630937933921814,
    0.0
  ],
  "tangential_distortion": [
    -0.006523536052554846,
    0.004955862183123827
  ],
  "image_size": [
    1072,
    1920
  ]
}