{
  "orientation": [
    [
      0.9377106428146362,
      0.16481563448905945,
      -0.30583426356315613
    ],
    [
      -0.15427887439727783,
      0.9862946271896362,
      0.05848865956068039
    ],
    [
      0.31128254532814026,
      -0.007661671843379736,
      0.9502865076065063
    ]
  ],
  "position": [
    -5.290643692016602,
    0.8789149522781372,
    0.14867767691612244
  ],
  "focal_length": 2892.91357421875,
  "principal_point": [
    696.362060546875,
    982.3938598632812
  ],
  "skew": 0.0,
  "pixel_aspect_ratio": 1.0120645761489868,
  "radial_distortion": [
    0.17549364268779755,
    -0.8630937933921814,
    0.0
  ],
  "tangential_distortion": [
    -0.006523536052554846,
    0.004955862183123827
  ],
  "image_size": [
    1072,
    1920
  ]
}