{
  "orientation": [
    [
      0.9924978613853455,
      0.0918036550283432,
      -0.08074712008237839
    ],
    [
      -0.09751523286104202,
      0.9927772879600525,
      -0.06988575309515
    ],
    [
      0.0737481415271759,
      0.07723553478717804,
      0.9942815899848938
    ]
  ],
  "position": [
    -1.733467936515808,
    -0.4720853567123413,
    -1.0853928327560425
  ],
  "focal_length": 2892.91357421875,
  "principal_point": [
    696.362060546875,
    982.3938598632812
  ],
  "skew": 0.0,
  "pixel_aspect_ratio": 1.0120645761489868,
  "radial_distortion": [
    0.17549364268779755,
    -0.8630937933921814,
    0.0
  ],
  "tangential_distortion": [
    -0.006523536052554846,
    0.004955862183123827
  ],
  "image_size": [
    1072,
    1920
  ]
}