{
  "orientation": [
    [
      0.9171774387359619,
      -0.23467132449150085,
      0.3220479190349579
    ],
    [
      0.25261443853378296,
      0.967458963394165,
      -0.01446180697530508
    ],
    [
      -0.30817437171936035,
      0.09461800009012222,
      0.9466128945350647
    ]
  ],
  "position": [
    4.055776596069336,
    -0.3907681405544281,
    2.184392213821411
  ],
  "focal_length": 2892.91357421875,
  "principal_point": [
    696.362060546875,
    982.3938598632812
  ],
  "skew": 0.0,
  "pixel_aspect_ratio": 1.0120645761489868,
  "radial_distortion": [
    0.17549364268779755,
    -0.8630937933921814,
    0.0
  ],
  "tangential_distortion": [
    -0.006523536052554846,
    0.004955862183123827
  ],
  "image_size": [
    1072,
    1920
  ]
}