{
  "orientation": [
    [
      0.9997286200523376,
      0.0178539901971817,
      -0.014965513721108437
    ],
    [
      -0.017908329144120216,
      0.9998334646224976,
      -0.003504832275211811
    ],
    [
      0.014900446869432926,
      0.0037718883249908686,
      0.9998818635940552
    ]
  ],
  "position": [
    -0.3258465528488159,
    1.909183144569397,
    -0.5998901128768921
  ],
  "focal_length": 2892.91357421875,
  "principal_point": [
    696.362060546875,
    982.3938598632812
  ],
  "skew": 0.0,
  "pixel_aspect_ratio": 1.0120645761489868,
  "radial_distortion": [
    0.17549364268779755,
    -0.8630937933921814,
    0.0
  ],
  "tangential_distortion": [
    -0.006523536052554846,
    0.004955862183123827
  ],
  "image_size": [
    1072,
    1920
  ]
}