{
  "orientation": [
    [
      0.8601184487342834,
      -0.2879042625427246,
      0.42107880115509033
    ],
    [
      0.32405582070350647,
      0.9459161162376404,
      -0.01518275123089552
    ],
    [
      -0.393934041261673,
      0.14951200783252716,
      0.9068969488143921
    ]
  ],
  "position": [
    6.148516654968262,
    -1.2726562023162842,
    2.470318555831909
  ],
  "focal_length": 2892.91357421875,
  "principal_point": [
    696.362060546875,
    982.3938598632812
  ],
  "skew": 0.0,
  "pixel_aspect_ratio": 1.0120645761489868,
  "radial_distortion": [
    0.17549364268779755,
    -0.8630937933921814,
    0.0
  ],
  "tangential_distortion": [
    -0.006523536052554846,
    0.004955862183123827
  ],
  "image_size": [
    1072,
    1920
  ]
}