{
  "orientation": [
    [
      0.9984005093574524,
      0.05652233585715294,
      -0.0012978906743228436
    ],
    [
      -0.05652766302227974,
      0.9975459575653076,
      -0.04131174087524414
    ],
    [
      -0.0010403305059298873,
      0.04131903126835823,
      0.9991454482078552
    ]
  ],
  "position": [
    -0.1376485675573349,
    2.1738533973693848,
    -0.9960588216781616
  ],
  "focal_length": 2892.91357421875,
  "principal_point": [
    696.362060546875,
    982.3938598632812
  ],
  "skew": 0.0,
  "pixel_aspect_ratio": 1.0120645761489868,
  "radial_distortion": [
    0.17549364268779755,
    -0.8630937933921814,
    0.0
  ],
  "tangential_distortion": [
    -0.006523536052554846,
    0.004955862183123827
  ],
  "image_size": [
    1072,
    1920
  ]
}