{
  "orientation": [
    [
      0.9572792053222656,
      -0.11091604828834534,
      0.2670471966266632
    ],
    [
      0.14639060199260712,
      0.9823110699653625,
      -0.11676816642284393
    ],
    [
      -0.2493719607591629,
      0.15087293088436127,
      0.9565829634666443
    ]
  ],
  "position": [
    3.1173346042633057,
    -2.094675302505493,
    0.15576088428497314
  ],
  "focal_length": 2892.91357421875,
  "principal_point": [
    696.362060546875,
    982.3938598632812
  ],
  "skew": 0.0,
  "pixel_aspect_ratio": 1.0120645761489868,
  "radial_distortion": [
    0.17549364268779755,
    -0.8630937933921814,
    0.0
  ],
  "tangential_distortion": [
    -0.006523536052554846,
    0.004955862183123827
  ],
  "image_size": [
    1072,
    1920
  ]
}