{
  "orientation": [
    [
      0.9796921014785767,
      -0.13141880929470062,
      0.15143464505672455
    ],
    [
      0.1264214962720871,
      0.9910781383514404,
      0.04221072047948837
    ],
    [
      -0.15563084185123444,
      -0.022208916023373604,
      0.9875655770301819
    ]
  ],
  "position": [
    2.4578351974487305,
    1.724076509475708,
    0.703838586807251
  ],
  "focal_length": 2892.91357421875,
  "principal_point": [
    696.362060546875,
    982.3938598632812
  ],
  "skew": 0.0,
  "pixel_aspect_ratio": 1.0120645761489868,
  "radial_distortion": [
    0.17549364268779755,
    -0.8630937933921814,
    0.0
  ],
  "tangential_distortion": [
    -0.006523536052554846,
    0.004955862183123827
  ],
  "image_size": [
    1072,
    1920
  ]
}