{
  "orientation": [
    [
      0.9198362231254578,
      -0.2297927290201187,
      0.31795692443847656
    ],
    [
      0.25502777099609375,
      0.9661245346069336,
      -0.03955060616135597
    ],
    [
      -0.29809755086898804,
      0.11746792495250702,
      0.9472798705101013
    ]
  ],
  "position": [
    5.005993366241455,
    -0.4411804676055908,
    0.777407169342041
  ],
  "focal_length": 2892.91357421875,
  "principal_point": [
    696.362060546875,
    982.3938598632812
  ],
  "skew": 0.0,
  "pixel_aspect_ratio": 1.0120645761489868,
  "radial_distortion": [
    0.17549364268779755,
    -0.8630937933921814,
    0.0
  ],
  "tangential_distortion": [
    -0.006523536052554846,
    0.004955862183123827
  ],
  "image_size": [
    1072,
    1920
  ]
}