{
  "orientation": [
    [
      0.9638009667396545,
      -0.15776459872722626,
      0.21493735909461975
    ],
    [
      0.15685626864433289,
      0.987389862537384,
      0.021387390792369843
    ],
    [
      -0.2156011313199997,
      0.013101082295179367,
      0.9763936400413513
    ]
  ],
  "position": [
    2.8532369136810303,
    1.4821275472640991,
    0.707938551902771
  ],
  "focal_length": 2892.91357421875,
  "principal_point": [
    696.362060546875,
    982.3938598632812
  ],
  "skew": 0.0,
  "pixel_aspect_ratio": 1.0120645761489868,
  "radial_distortion": [
    0.17549364268779755,
    -0.8630937933921814,
    0.0
  ],
  "tangential_distortion": [
    -0.006523536052554846,
    0.004955862183123827
  ],
  "image_size": [
    1072,
    1920
  ]
}