{
  "orientation": [
    [
      0.9937149286270142,
      0.10544069111347198,
      -0.037589069455862045
    ],
    [
      -0.10744050145149231,
      0.9926396608352661,
      -0.05588379129767418
    ],
    [
      0.03141997754573822,
      0.05957114323973656,
      0.997729480266571
    ]
  ],
  "position": [
    -1.1777509450912476,
    1.452151894569397,
    -0.9367993474006653
  ],
  "focal_length": 2892.91357421875,
  "principal_point": [
    696.362060546875,
    982.3938598632812
  ],
  "skew": 0.0,
  "pixel_aspect_ratio": 1.0120645761489868,
  "radial_distortion": [
    0.17549364268779755,
    -0.8630937933921814,
    0.0
  ],
  "tangential_distortion": [
    -0.006523536052554846,
    0.004955862183123827
  ],
  "image_size": [
    1072,
    1920
  ]
}