{
  "orientation": [
    [
      0.999961793422699,
      0.0068246182054281235,
      -0.005465799011290073
    ],
    [
      -0.006832971703261137,
      0.9999755024909973,
      -0.0015110857784748077
    ],
    [
      0.005455352365970612,
      0.001548375585116446,
      0.9999839067459106
    ]
  ],
  "position": [
    -0.21092218160629272,
    1.4173640012741089,
    -0.2993866801261902
  ],
  "focal_length": 2892.91357421875,
  "principal_point": [
    696.362060546875,
    982.3938598632812
  ],
  "skew": 0.0,
  "pixel_aspect_ratio": 1.0120645761489868,
  "radial_distortion": [
    0.17549364268779755,
    -0.8630937933921814,
    0.0
  ],
  "tangential_distortion": [
    -0.006523536052554846,
    0.004955862183123827
  ],
  "image_size": [
    1072,
    1920
  ]
}