{
  "orientation": [
    [
      0.8612390756607056,
      -0.29085832834243774,
      0.41673579812049866
    ],
    [
      0.3374335467815399,
      0.9404576420783997,
      -0.04096364229917526
    ],
    [
      -0.3800077736377716,
      0.17590013146400452,
      0.9081041812896729
    ]
  ],
  "position": [
    5.770982265472412,
    -2.391476631164551,
    2.7353739738464355
  ],
  "focal_length": 2892.91357421875,
  "principal_point": [
    696.362060546875,
    982.3938598632812
  ],
  "skew": 0.0,
  "pixel_aspect_ratio": 1.0120645761489868,
  "radial_distortion": [
    0.17549364268779755,
    -0.8630937933921814,
    0.0
  ],
  "tangential_distortion": [
    -0.006523536052554846,
    0.004955862183123827
  ],
  "image_size": [
    1072,
    1920
  ]
}