{
  "orientation": [
    [
      0.9834309816360474,
      -0.10480277985334396,
      0.1479184329509735
    ],
    [
      0.10308966040611267,
      0.9944863319396973,
      0.01922248676419258
    ],
    [
      -0.14911742508411407,
      -0.0036551288794726133,
      0.9888127446174622
    ]
  ],
  "position": [
    2.4736216068267822,
    1.3540476560592651,
    -0.36878979206085205
  ],
  "focal_length": 2892.91357421875,
  "principal_point": [
    696.362060546875,
    982.3938598632812
  ],
  "skew": 0.0,
  "pixel_aspect_ratio": 1.0120645761489868,
  "radial_distortion": [
    0.17549364268779755,
    -0.8630937933921814,
    0.0
  ],
  "tangential_distortion": [
    -0.006523536052554846,
    0.004955862183123827
  ],
  "image_size": [
    1072,
    1920
  ]
}