{
  "orientation": [
    [
      0.8576260209083557,
      -0.30016204714775085,
      0.4175887405872345
    ],
    [
      0.3405206799507141,
      0.9399377703666687,
      -0.023721350356936455
    ],
    [
      -0.3853871822357178,
      0.16254165768623352,
      0.9083264470100403
    ]
  ],
  "position": [
    6.540410041809082,
    -1.2228997945785522,
    1.6552547216415405
  ],
  "focal_length": 2892.91357421875,
  "principal_point": [
    696.362060546875,
    982.3938598632812
  ],
  "skew": 0.0,
  "pixel_aspect_ratio": 1.0120645761489868,
  "radial_distortion": [
    0.17549364268779755,
    -0.8630937933921814,
    0.0
  ],
  "tangential_distortion": [
    -0.006523536052554846,
    0.004955862183123827
  ],
  "image_size": [
    1072,
    1920
  ]
}