{
  "orientation": [
    [
      0.8980610370635986,
      -0.2658099830150604,
      0.35047322511672974
    ],
    [
      0.28485220670700073,
      0.9585670232772827,
      -0.0029046337585896254
    ],
    [
      -0.33518001437187195,
      0.10244161635637283,
      0.9365682601928711
    ]
  ],
  "position": [
    4.734678268432617,
    0.50478196144104,
    1.9513661861419678
  ],
  "focal_length": 2892.91357421875,
  "principal_point": [
    696.362060546875,
    982.3938598632812
  ],
  "skew": 0.0,
  "pixel_aspect_ratio": 1.0120645761489868,
  "radial_distortion": [
    0.17549364268779755,
    -0.8630937933921814,
    0.0
  ],
  "tangential_distortion": [
    -0.006523536052554846,
    0.004955862183123827
  ],
  "image_size": [
    1072,
    1920
  ]
}