{
  "orientation": [
    [
      0.984345555305481,
      -0.10277582705020905,
      0.1431816816329956
    ],
    [
      0.09684699028730392,
      0.9941509366035461,
      0.04779784381389618
    ],
    [
      -0.14725665748119354,
      -0.03318287804722786,
      0.9885415434837341
    ]
  ],
  "position": [
    2.7375736236572266,
    1.6821200847625732,
    -0.43128806352615356
  ],
  "focal_length": 2892.91357421875,
  "principal_point": [
    696.362060546875,
    982.3938598632812
  ],
  "skew": 0.0,
  "pixel_aspect_ratio": 1.0120645761489868,
  "radial_distortion": [
    0.17549364268779755,
    -0.8630937933921814,
    0.0
  ],
  "tangential_distortion": [
    -0.006523536052554846,
    0.004955862183123827
  ],
  "image_size": [
    1072,
    1920
  ]
}