{
  "orientation": [
    [
      0.9994012713432312,
      0.008683010004460812,
      0.03349100425839424
    ],
    [
      -0.004323817789554596,
      0.9917519688606262,
      -0.1280989646911621
    ],
    [
      -0.034327052533626556,
      0.12787745893001556,
      0.9911957383155823
    ]
  ],
  "position": [
    0.25307750701904297,
    -1.694639801979065,
    -0.48166295886039734
  ],
  "focal_length": 2892.91357421875,
  "principal_point": [
    696.362060546875,
    982.3938598632812
  ],
  "skew": 0.0,
  "pixel_aspect_ratio": 1.0120645761489868,
  "radial_distortion": [
    0.17549364268779755,
    -0.8630937933921814,
    0.0
  ],
  "tangential_distortion": [
    -0.006523536052554846,
    0.004955862183123827
  ],
  "image_size": [
    1072,
    1920
  ]
}