{
  "orientation": [
    [
      0.9440917372703552,
      -0.17706690728664398,
      0.27809736132621765
    ],
    [
      0.21990792453289032,
      0.9666770100593567,
      -0.1310575306415558
    ],
    [
      -0.245624378323555,
      0.1848861426115036,
      0.9515701532363892
    ]
  ],
  "position": [
    3.300321578979492,
    -2.400939702987671,
    0.9011508226394653
  ],
  "focal_length": 2892.91357421875,
  "principal_point": [
    696.362060546875,
    982.3938598632812
  ],
  "skew": 0.0,
  "pixel_aspect_ratio": 1.0120645761489868,
  "radial_distortion": [
    0.17549364268779755,
    -0.8630937933921814,
    0.0
  ],
  "tangential_distortion": [
    -0.006523536052554846,
    0.004955862183123827
  ],
  "image_size": [
    1072,
    1920
  ]
}