{
  "orientation": [
    [
      0.887872576713562,
      -0.2682446241378784,
      0.37380093336105347
    ],
    [
      0.3162238299846649,
      0.9459252953529358,
      -0.0723034143447876
    ],
    [
      -0.33419275283813477,
      0.18240097165107727,
      0.9246864914894104
    ]
  ],
  "position": [
    4.7160773277282715,
    -1.936903953552246,
    1.6267540454864502
  ],
  "focal_length": 2892.91357421875,
  "principal_point": [
    696.362060546875,
    982.3938598632812
  ],
  "skew": 0.0,
  "pixel_aspect_ratio": 1.0120645761489868,
  "radial_distortion": [
    0.17549364268779755,
    -0.8630937933921814,
    0.0
  ],
  "tangential_distortion": [
    -0.006523536052554846,
    0.004955862183123827
  ],
  "image_size": [
    1072,
    1920
  ]
}