{
  "orientation": [
    [
      0.9380174279212952,
      -0.21127906441688538,
      0.2747443616390228
    ],
    [
      0.22281794250011444,
      0.974796712398529,
      -0.01111204270273447
    ],
    [
      -0.2654721736907959,
      0.07164126634597778,
      0.9614530801773071
    ]
  ],
  "position": [
    3.56369686126709,
    1.094763994216919,
    1.3702186346054077
  ],
  "focal_length": 2892.91357421875,
  "principal_point": [
    696.362060546875,
    982.3938598632812
  ],
  "skew": 0.0,
  "pixel_aspect_ratio": 1.0120645761489868,
  "radial_distortion": [
    0.17549364268779755,
    -0.8630937933921814,
    0.0
  ],
  "tangential_distortion": [
    -0.006523536052554846,
    0.004955862183123827
  ],
  "image_size": [
    1072,
    1920
  ]
}