{
  "orientation": [
    [
      0.8754701018333435,
      -0.27841413021087646,
      0.39501598477363586
    ],
    [
      0.30229464173316956,
      0.9532127380371094,
      0.0018682259833440185
    ],
    [
      -0.3770543932914734,
      0.11777563393115997,
      0.9186723232269287
    ]
  ],
  "position": [
    6.121301174163818,
    0.3404621481895447,
    1.8941869735717773
  ],
  "focal_length": 2892.91357421875,
  "principal_point": [
    696.362060546875,
    982.3938598632812
  ],
  "skew": 0.0,
  "pixel_aspect_ratio": 1.0120645761489868,
  "radial_distortion": [
    0.17549364268779755,
    -0.8630937933921814,
    0.0
  ],
  "tangential_distortion": [
    -0.006523536052554846,
    0.004955862183123827
  ],
  "image_size": [
    1072,
    1920
  ]
}