{
  "orientation": [
    [
      0.9821966290473938,
      -0.10661736130714417,
      0.1546688824892044
    ],
    [
      0.10619760304689407,
      0.9942842125892639,
      0.010997888632118702
    ],
    [
      -0.15495739877223969,
      0.005623375531286001,
      0.9879051446914673
    ]
  ],
  "position": [
    1.9991188049316406,
    1.5910100936889648,
    0.32216301560401917
  ],
  "focal_length": 2892.91357421875,
  "principal_point": [
    696.362060546875,
    982.3938598632812
  ],
  "skew": 0.0,
  "pixel_aspect_ratio": 1.0120645761489868,
  "radial_distortion": [
    0.17549364268779755,
    -0.8630937933921814,
    0.0
  ],
  "tangential_distortion": [
    -0.006523536052554846,
    0.004955862183123827
  ],
  "image_size": [
    1072,
    1920
  ]
}