{
  "orientation": [
    [
      0.9977635145187378,
      0.04553486779332161,
      -0.04893352463841438
    ],
    [
      -0.04532463103532791,
      0.9989577531814575,
      0.005398025270551443
    ],
    [
      0.049128320068120956,
      -0.003168058581650257,
      0.9987874627113342
    ]
  ],
  "position": [
    -0.8666431307792664,
    1.427894949913025,
    -0.48337483406066895
  ],
  "focal_length": 2892.91357421875,
  "principal_point": [
    696.362060546875,
    982.3938598632812
  ],
  "skew": 0.0,
  "pixel_aspect_ratio": 1.0120645761489868,
  "radial_distortion": [
    0.17549364268779755,
    -0.8630937933921814,
    0.0
  ],
  "tangential_distortion": [
    -0.006523536052554846,
    0.004955862183123827
  ],
  "image_size": [
    1072,
    1920
  ]
}