{
  "orientation": [
    [
      0.9960032105445862,
      0.0745382085442543,
      -0.049210090190172195
    ],
    [
      -0.07265790551900864,
      0.9965958595275879,
      0.03895465284585953
    ],
    [
      0.051946185529232025,
      -0.03522345423698425,
      0.9980285167694092
    ]
  ],
  "position": [
    -1.3607784509658813,
    1.4963287115097046,
    -0.3353675603866577
  ],
  "focal_length": 2892.91357421875,
  "principal_point": [
    696.362060546875,
    982.3938598632812
  ],
  "skew": 0.0,
  "pixel_aspect_ratio": 1.0120645761489868,
  "radial_distortion": [
    0.17549364268779755,
    -0.8630937933921814,
    0.0
  ],
  "tangential_distortion": [
    -0.006523536052554846,
    0.004955862183123827
  ],
  "image_size": [
    1072,
    1920
  ]
}