{
  "orientation": [
    [
      0.9856798648834229,
      -0.08735550940036774,
      0.14423668384552002
    ],
    [
      0.08186900615692139,
      0.9956908822059631,
      0.04355654492974281
    ],
    [
      -0.14742006361484528,
      -0.03112429566681385,
      0.9885841608047485
    ]
  ],
  "position": [
    2.042170763015747,
    2.4730124473571777,
    -0.6841492056846619
  ],
  "focal_length": 2892.91357421875,
  "principal_point": [
    696.362060546875,
    982.3938598632812
  ],
  "skew": 0.0,
  "pixel_aspect_ratio": 1.0120645761489868,
  "radial_distortion": [
    0.17549364268779755,
    -0.8630937933921814,
    0.0
  ],
  "tangential_distortion": [
    -0.006523536052554846,
    0.004955862183123827
  ],
  "image_size": [
    1072,
    1920
  ]
}