{
  "orientation": [
    [
      0.9885349869728088,
      0.11102724820375443,
      -0.10233042389154434
    ],
    [
      -0.11108168214559555,
      0.993797779083252,
      0.00518420385196805
    ],
    [
      0.10227133333683014,
      0.006242268718779087,
      0.9947369694709778
    ]
  ],
  "position": [
    -1.812599778175354,
    1.6464895009994507,
    -0.6885207295417786
  ],
  "focal_length": 2892.91357421875,
  "principal_point": [
    696.362060546875,
    982.3938598632812
  ],
  "skew": 0.0,
  "pixel_aspect_ratio": 1.0120645761489868,
  "radial_distortion": [
    0.17549364268779755,
    -0.8630937933921814,
    0.0
  ],
  "tangential_distortion": [
    -0.006523536052554846,
    0.004955862183123827
  ],
  "image_size": [
    1072,
    1920
  ]
}