{
  "orientation": [
    [
      0.9887046217918396,
      0.10385365039110184,
      -0.10806278139352798
    ],
    [
      -0.10939978808164597,
      0.9928996562957764,
      -0.0467119999229908
    ],
    [
      0.10244428366422653,
      0.058006417006254196,
      0.9930460453033447
    ]
  ],
  "position": [
    -2.0440213680267334,
    0.0007154739578254521,
    -1.2026636600494385
  ],
  "focal_length": 2892.91357421875,
  "principal_point": [
    696.362060546875,
    982.3938598632812
  ],
  "skew": 0.0,
  "pixel_aspect_ratio": 1.0120645761489868,
  "radial_distortion": [
    0.17549364268779755,
    -0.8630937933921814,
    0.0
  ],
  "tangential_distortion": [
    -0.006523536052554846,
    0.004955862183123827
  ],
  "image_size": [
    1072,
    1920
  ]
}