{
  "orientation": [
    [
      0.9983863234519958,
      -0.016825636848807335,
      0.05423705652356148
    ],
    [
      0.02704794704914093,
      0.9806960821151733,
      -0.19365844130516052
    ],
    [
      -0.049931641668081284,
      0.19481293857097626,
      0.9795686602592468
    ]
  ],
  "position": [
    1.1364573240280151,
    -1.761087417602539,
    -0.45972055196762085
  ],
  "focal_length": 2892.91357421875,
  "principal_point": [
    696.362060546875,
    982.3938598632812
  ],
  "skew": 0.0,
  "pixel_aspect_ratio": 1.0120645761489868,
  "radial_distortion": [
    0.17549364268779755,
    -0.8630937933921814,
    0.0
  ],
  "tangential_distortion": [
    -0.006523536052554846,
    0.004955862183123827
  ],
  "image_size": [
    1072,
    1920
  ]
}