{
  "orientation": [
    [
      0.9850250482559204,
      0.11617833375930786,
      -0.12738992273807526
    ],
    [
      -0.12147586047649384,
      0.9919908046722412,
      -0.03460969403386116
    ],
    [
      0.12234874069690704,
      0.04956621676683426,
      0.9912486672401428
    ]
  ],
  "position": [
    -2.2303214073181152,
    0.5856208205223083,
    -1.1654561758041382
  ],
  "focal_length": 2892.91357421875,
  "principal_point": [
    696.362060546875,
    982.3938598632812
  ],
  "skew": 0.0,
  "pixel_aspect_ratio": 1.0120645761489868,
  "radial_distortion": [
    0.17549364268779755,
    -0.8630937933921814,
    0.0
  ],
  "tangential_distortion": [
    -0.006523536052554846,
    0.004955862183123827
  ],
  "image_size": [
    1072,
    1920
  ]
}