{
  "orientation": [
    [
      0.9959227442741394,
      0.08767475187778473,
      -0.02123650722205639
    ],
    [
      -0.0886811688542366,
      0.9946858286857605,
      -0.05230444297194481
    ],
    [
      0.016537873074412346,
      0.053974464535713196,
      0.9984053373336792
    ]
  ],
  "position": [
    -0.8262490630149841,
    1.9545092582702637,
    -0.9172109365463257
  ],
  "focal_length": 2892.91357421875,
  "principal_point": [
    696.362060546875,
    982.3938598632812
  ],
  "skew": 0.0,
  "pixel_aspect_ratio": 1.0120645761489868,
  "radial_distortion": [
    0.17549364268779755,
    -0.8630937933921814,
    0.0
  ],
  "tangential_distortion": [
    -0.006523536052554846,
    0.004955862183123827
  ],
  "image_size": [
    1072,
    1920
  ]
}