{
  "orientation": [
    [
      0.974825918674469,
      -0.13409720361232758,
      0.17813584208488464
    ],
    [
      0.15985441207885742,
      0.977291464805603,
      -0.13909704983234406
    ],
    [
      -0.1554381102323532,
      0.1640712171792984,
      0.9741250872612
    ]
  ],
  "position": [
    1.7759182453155518,
    -2.1897919178009033,
    0.5113661289215088
  ],
  "focal_length": 2892.91357421875,
  "principal_point": [
    696.362060546875,
    982.3938598632812
  ],
  "skew": 0.0,
  "pixel_aspect_ratio": 1.0120645761489868,
  "radial_distortion": [
    0.17549364268779755,
    -0.8630937933921814,
    0.0
  ],
  "tangential_distortion": [
    -0.006523536052554846,
    0.004955862183123827
  ],
  "image_size": [
    1072,
    1920
  ]
}