{
  "orientation": [
    [
      0.8489975333213806,
      -0.3127690851688385,
      0.4258858263492584
    ],
    [
      0.34189972281455994,
      0.9396976232528687,
      0.008538331836462021
    ],
    [
      -0.4028744399547577,
      0.13836123049259186,
      0.9047366380691528
    ]
  ],
  "position": [
    6.510869979858398,
    -0.7540113925933838,
    1.6910346746444702
  ],
  "focal_length": 2892.91357421875,
  "principal_point": [
    696.362060546875,
    982.3938598632812
  ],
  "skew": 0.0,
  "pixel_aspect_ratio": 1.0120645761489868,
  "radial_distortion": [
    0.17549364268779755,
    -0.8630937933921814,
    0.0
  ],
  "tangential_distortion": [
    -0.006523536052554846,
    0.004955862183123827
  ],
  "image_size": [
    1072,
    1920
  ]
}