{
  "orientation": [
    [
      0.9984930157661438,
      0.03808905929327011,
      -0.03950858488678932
    ],
    [
      -0.03932258114218712,
      0.9987477660179138,
      -0.030928904190659523
    ],
    [
      0.03828106075525284,
      0.03243587538599968,
      0.9987404346466064
    ]
  ],
  "position": [
    -1.27565598487854,
    0.07883414626121521,
    -0.6508649587631226
  ],
  "focal_length": 2892.91357421875,
  "principal_point": [
    696.362060546875,
    982.3938598632812
  ],
  "skew": 0.0,
  "pixel_aspect_ratio": 1.0120645761489868,
  "radial_distortion": [
    0.17549364268779755,
    -0.8630937933921814,
    0.0
  ],
  "tangential_distortion": [
    -0.006523536052554846,
    0.004955862183123827
  ],
  "image_size": [
    1072,
    1920
  ]
}