{
  "orientation": [
    [
      0.9438873529434204,
      -0.19729511439800262,
      0.2648608684539795
    ],
    [
      0.19984780251979828,
      0.9796696305274963,
      0.01755722239613533
    ],
    [
      -0.26294010877609253,
      0.036359820514917374,
      0.9641267657279968
    ]
  ],
  "position": [
    3.8533692359924316,
    1.2752885818481445,
    0.9935477375984192
  ],
  "focal_length": 2892.91357421875,
  "principal_point": [
    696.362060546875,
    982.3938598632812
  ],
  "skew": 0.0,
  "pixel_aspect_ratio": 1.0120645761489868,
  "radial_distortion": [
    0.17549364268779755,
    -0.8630937933921814,
    0.0
  ],
  "tangential_distortion": [
    -0.006523536052554846,
    0.004955862183123827
  ],
  "image_size": [
    1072,
    1920
  ]
}