{
  "orientation": [
    [
      0.9187774658203125,
      -0.2641400694847107,
      0.2933904528617859
    ],
    [
      0.29444095492362976,
      0.95355224609375,
      -0.06358207762241364
    ],
    [
      -0.2629685401916504,
      0.1448039412498474,
      0.9538759589195251
    ]
  ],
  "position": [
    3.642112970352173,
    -1.9995850324630737,
    0.8620261549949646
  ],
  "focal_length": 2892.91357421875,
  "principal_point": [
    696.362060546875,
    982.3938598632812
  ],
  "skew": 0.0,
  "pixel_aspect_ratio": 1.0120645761489868,
  "radial_distortion": [
    0.17549364268779755,
    -0.8630937933921814,
    0.0
  ],
  "tangential_distortion": [
    -0.006523536052554846,
    0.004955862183123827
  ],
  "image_size": [
    1072,
    1920
  ]
}