{
  "orientation": [
    [
      0.9935930371284485,
      -0.06332316994667053,
      0.09361092746257782
    ],
    [
      0.0714246854186058,
      0.9937411546707153,
      -0.08588995039463043
    ],
    [
      -0.08758620172739029,
      0.09202578663825989,
      0.9918971061706543
    ]
  ],
  "position": [
    0.13325466215610504,
    -1.291185975074768,
    -0.24673359096050262
  ],
  "focal_length": 2892.91357421875,
  "principal_point": [
    696.362060546875,
    982.3938598632812
  ],
  "skew": 0.0,
  "pixel_aspect_ratio": 1.0120645761489868,
  "radial_distortion": [
    0.17549364268779755,
    -0.8630937933921814,
    0.0
  ],
  "tangential_distortion": [
    -0.006523536052554846,
    0.004955862183123827
  ],
  "image_size": [
    1072,
    1920
  ]
}