{
  "orientation": [
    [
      0.9997711181640625,
      -0.020011717453598976,
      0.007567953784018755
    ],
    [
      0.020568884909152985,
      0.996370792388916,
      -0.08259635418653488
    ],
    [
      -0.005887593608349562,
      0.08273310959339142,
      0.9965543746948242
    ]
  ],
  "position": [
    -0.5924615859985352,
    -0.794590175151825,
    -0.866934061050415
  ],
  "focal_length": 2892.91357421875,
  "principal_point": [
    696.362060546875,
    982.3938598632812
  ],
  "skew": 0.0,
  "pixel_aspect_ratio": 1.0120645761489868,
  "radial_distortion": [
    0.17549364268779755,
    -0.8630937933921814,
    0.0
  ],
  "tangential_distortion": [
    -0.006523536052554846,
    0.004955862183123827
  ],
  "image_size": [
    1072,
    1920
  ]
}