{
  "orientation": [
    [
      0.9963343143463135,
      0.05246769264340401,
      -0.06756504625082016
    ],
    [
      -0.05206834524869919,
      0.9986141324043274,
      0.007659318391233683
    ],
    [
      0.0678732842206955,
      -0.0041132415644824505,
      0.9976854920387268
    ]
  ],
  "position": [
    -1.4581860303878784,
    0.5184229016304016,
    -0.6605026721954346
  ],
  "focal_length": 2892.91357421875,
  "principal_point": [
    696.362060546875,
    982.3938598632812
  ],
  "skew": 0.0,
  "pixel_aspect_ratio": 1.0120645761489868,
  "radial_distortion": [
    0.17549364268779755,
    -0.8630937933921814,
    0.0
  ],
  "tangential_distortion": [
    -0.006523536052554846,
    0.004955862183123827
  ],
  "image_size": [
    1072,
    1920
  ]
}