{
  "orientation": [
    [
      0.9772336483001709,
      -0.1225852370262146,
      0.1731683313846588
    ],
    [
      0.1302085816860199,
      0.9909263253211975,
      -0.033327486366033554
    ],
    [
      -0.16751159727573395,
      0.055116742849349976,
      0.9843282103538513
    ]
  ],
  "position": [
    3.1740784645080566,
    1.6525866985321045,
    -0.43910127878189087
  ],
  "focal_length": 2892.91357421875,
  "principal_point": [
    696.362060546875,
    982.3938598632812
  ],
  "skew": 0.0,
  "pixel_aspect_ratio": 1.0120645761489868,
  "radial_distortion": [
    0.17549364268779755,
    -0.8630937933921814,
    0.0
  ],
  "tangential_distortion": [
    -0.006523536052554846,
    0.004955862183123827
  ],
  "image_size": [
    1072,
    1920
  ]
}