{
  "orientation": [
    [
      0.8772153854370117,
      -0.2900307774543762,
      0.38259023427963257
    ],
    [
      0.33429452776908875,
      0.9409682154655457,
      -0.0531601682305336
    ],
    [
      -0.34458714723587036,
      0.1745307445526123,
      0.9223874807357788
    ]
  ],
  "position": [
    4.905958652496338,
    -1.6399213075637817,
    1.7260079383850098
  ],
  "focal_length": 2892.91357421875,
  "principal_point": [
    696.362060546875,
    982.3938598632812
  ],
  "skew": 0.0,
  "pixel_aspect_ratio": 1.0120645761489868,
  "radial_distortion": [
    0.17549364268779755,
    -0.8630937933921814,
    0.0
  ],
  "tangential_distortion": [
    -0.006523536052554846,
    0.004955862183123827
  ],
  "image_size": [
    1072,
    1920
  ]
}