{
  "orientation": [
    [
      0.9395622611045837,
      -0.19638222455978394,
      0.28045809268951416
    ],
    [
      0.20815299451351166,
      0.9780163168907166,
      -0.012506997212767601
    ],
    [
      -0.27183642983436584,
      0.07012929767370224,
      0.9597848057746887
    ]
  ],
  "position": [
    3.93945050239563,
    0.6273559331893921,
    2.0351223945617676
  ],
  "focal_length": 2892.91357421875,
  "principal_point": [
    696.362060546875,
    982.3938598632812
  ],
  "skew": 0.0,
  "pixel_aspect_ratio": 1.0120645761489868,
  "radial_distortion": [
    0.17549364268779755,
    -0.8630937933921814,
    0.0
  ],
  "tangential_distortion": [
    -0.006523536052554846,
    0.004955862183123827
  ],
  "image_size": [
    1072,
    1920
  ]
}