{
  "orientation": [
    [
      0.8726512789726257,
      -0.28592410683631897,
      0.3958877921104431
    ],
    [
      0.3306991755962372,
      0.9425020813941956,
      -0.048248540610075
    ],
    [
      -0.3593296408653259,
      0.17302390933036804,
      0.9170305132865906
    ]
  ],
  "position": [
    4.824296951293945,
    -2.954554557800293,
    2.1524574756622314
  ],
  "focal_length": 2892.91357421875,
  "principal_point": [
    696.362060546875,
    982.3938598632812
  ],
  "skew": 0.0,
  "pixel_aspect_ratio": 1.0120645761489868,
  "radial_distortion": [
    0.17549364268779755,
    -0.8630937933921814,
    0.0
  ],
  "tangential_distortion": [
    -0.006523536052554846,
    0.004955862183123827
  ],
  "image_size": [
    1072,
    1920
  ]
}