{
  "orientation": [
    [
      0.963863730430603,
      -0.15230807662010193,
      0.21856100857257843
    ],
    [
      0.1660996377468109,
      0.9850322008132935,
      -0.04606977105140686
    ],
    [
      -0.20827282965183258,
      0.08070788532495499,
      0.9747352004051208
    ]
  ],
  "position": [
    3.9463307857513428,
    1.3094022274017334,
    0.030901629477739334
  ],
  "focal_length": 2892.91357421875,
  "principal_point": [
    696.362060546875,
    982.3938598632812
  ],
  "skew": 0.0,
  "pixel_aspect_ratio": 1.0120645761489868,
  "radial_distortion": [
    0.17549364268779755,
    -0.8630937933921814,
    0.0
  ],
  "tangential_distortion": [
    -0.006523536052554846,
    0.004955862183123827
  ],
  "image_size": [
    1072,
    1920
  ]
}