{
  "orientation": [
    [
      0.9987810850143433,
      -0.027707654982805252,
      0.04084859415888786
    ],
    [
      0.025065423920750618,
      0.9976456761360168,
      0.06383448094129562
    ],
    [
      -0.04252112656831741,
      -0.06273278594017029,
      0.9971241354942322
    ]
  ],
  "position": [
    0.43785664439201355,
    2.6035306453704834,
    -0.8664272427558899
  ],
  "focal_length": 2892.91357421875,
  "principal_point": [
    696.362060546875,
    982.3938598632812
  ],
  "skew": 0.0,
  "pixel_aspect_ratio": 1.0120645761489868,
  "radial_distortion": [
    0.17549364268779755,
    -0.8630937933921814,
    0.0
  ],
  "tangential_distortion": [
    -0.006523536052554846,
    0.004955862183123827
  ],
  "image_size": [
    1072,
    1920
  ]
}