{
  "orientation": [
    [
      0.9346268773078918,
      -0.2064713090658188,
      0.289555162191391
    ],
    [
      0.20647414028644562,
      0.9779642224311829,
      0.030893130227923393
    ],
    [
      -0.289553165435791,
      0.030912106856703758,
      0.956662654876709
    ]
  ],
  "position": [
    4.620625019073486,
    1.3036998510360718,
    0.4132765829563141
  ],
  "focal_length": 2892.91357421875,
  "principal_point": [
    696.362060546875,
    982.3938598632812
  ],
  "skew": 0.0,
  "pixel_aspect_ratio": 1.0120645761489868,
  "radial_distortion": [
    0.17549364268779755,
    -0.8630937933921814,
    0.0
  ],
  "tangential_distortion": [
    -0.006523536052554846,
    0.004955862183123827
  ],
  "image_size": [
    1072,
    1920
  ]
}