{
  "orientation": [
    [
      0.992864191532135,
      -0.07096917182207108,
      0.09583336114883423
    ],
    [
      0.08279812335968018,
      0.9886065125465393,
      -0.12570473551750183
    ],
    [
      -0.08582031726837158,
      0.13274255394935608,
      0.9874281287193298
    ]
  ],
  "position": [
    0.7232071161270142,
    -1.637971043586731,
    -0.24442890286445618
  ],
  "focal_length": 2892.91357421875,
  "principal_point": [
    696.362060546875,
    982.3938598632812
  ],
  "skew": 0.0,
  "pixel_aspect_ratio": 1.0120645761489868,
  "radial_distortion": [
    0.17549364268779755,
    -0.8630937933921814,
    0.0
  ],
  "tangential_distortion": [
    -0.006523536052554846,
    0.004955862183123827
  ],
  "image_size": [
    1072,
    1920
  ]
}