{
  "orientation": [
    [
      0.9991961121559143,
      -0.01848059520125389,
      0.03557605296373367
    ],
    [
      0.018636474385857582,
      0.9998180866241455,
      -0.004054899327456951
    ],
    [
      -0.035494644194841385,
      0.004714651498943567,
      0.9993587732315063
    ]
  ],
  "position": [
    0.34316739439964294,
    1.849761962890625,
    -0.26859772205352783
  ],
  "focal_length": 2892.91357421875,
  "principal_point": [
    696.362060546875,
    982.3938598632812
  ],
  "skew": 0.0,
  "pixel_aspect_ratio": 1.0120645761489868,
  "radial_distortion": [
    0.17549364268779755,
    -0.8630937933921814,
    0.0
  ],
  "tangential_distortion": [
    -0.006523536052554846,
    0.004955862183123827
  ],
  "image_size": [
    1072,
    1920
  ]
}