{
  "orientation": [
    [
      0.9647853374481201,
      -0.0777798667550087,
      0.251275897026062
    ],
    [
      0.10963597148656845,
      0.9872550368309021,
      -0.11535767465829849
    ],
    [
      -0.23910090327262878,
      0.13884426653385162,
      0.9610166549682617
    ]
  ],
  "position": [
    2.5321760177612305,
    -1.989656686782837,
    0.053600065410137177
  ],
  "focal_length": 2892.91357421875,
  "principal_point": [
    696.362060546875,
    982.3938598632812
  ],
  "skew": 0.0,
  "pixel_aspect_ratio": 1.0120645761489868,
  "radial_distortion": [
    0.17549364268779755,
    -0.8630937933921814,
    0.0
  ],
  "tangential_distortion": [
    -0.006523536052554846,
    0.004955862183123827
  ],
  "image_size": [
    1072,
    1920
  ]
}