{
  "orientation": [
    [
      0.8691900372505188,
      -0.30190515518188477,
      0.39161449670791626
    ],
    [
      0.3444226086139679,
      0.9379016160964966,
      -0.04139624908566475
    ],
    [
      -0.3547981381416321,
      0.1708620935678482,
      0.919197678565979
    ]
  ],
  "position": [
    4.987186431884766,
    -1.2509441375732422,
    1.7425036430358887
  ],
  "focal_length": 2892.91357421875,
  "principal_point": [
    696.362060546875,
    982.3938598632812
  ],
  "skew": 0.0,
  "pixel_aspect_ratio": 1.0120645761489868,
  "radial_distortion": [
    0.17549364268779755,
    -0.8630937933921814,
    0.0
  ],
  "tangential_distortion": [
    -0.006523536052554846,
    0.004955862183123827
  ],
  "image_size": [
    1072,
    1920
  ]
}