{
  "orientation": [
    [
      0.9627840518951416,
      -0.14259172976016998,
      0.22959621250629425
    ],
    [
      0.17651039361953735,
      0.9750500321388245,
      -0.13461600244045258
    ],
    [
      -0.2046726644039154,
      0.17013226449489594,
      0.9639316201210022
    ]
  ],
  "position": [
    2.4898173809051514,
    -2.1248221397399902,
    0.4069725573062897
  ],
  "focal_length": 2892.91357421875,
  "principal_point": [
    696.362060546875,
    982.3938598632812
  ],
  "skew": 0.0,
  "pixel_aspect_ratio": 1.0120645761489868,
  "radial_distortion": [
    0.17549364268779755,
    -0.8630937933921814,
    0.0
  ],
  "tangential_distortion": [
    -0.006523536052554846,
    0.004955862183123827
  ],
  "image_size": [
    1072,
    1920
  ]
}