{
  "orientation": [
    [
      0.964922308921814,
      -0.1573907434940338,
      0.2101263850927353
    ],
    [
      0.18910086154937744,
      0.9718665480613708,
      -0.140414759516716
    ],
    [
      -0.18211480975151062,
      0.1752244085073471,
      0.9675384163856506
    ]
  ],
  "position": [
    2.3458809852600098,
    -2.317458152770996,
    0.7536703944206238
  ],
  "focal_length": 2892.91357421875,
  "principal_point": [
    696.362060546875,
    982.3938598632812
  ],
  "skew": 0.0,
  "pixel_aspect_ratio": 1.0120645761489868,
  "radial_distortion": [
    0.17549364268779755,
    -0.8630937933921814,
    0.0
  ],
  "tangential_distortion": [
    -0.006523536052554846,
    0.004955862183123827
  ],
  "image_size": [
    1072,
    1920
  ]
}