{
  "orientation": [
    [
      0.9922822117805481,
      0.09302851557731628,
      -0.08198601752519608
    ],
    [
      -0.0942390114068985,
      0.995488703250885,
      -0.011012344621121883
    ],
    [
      0.08059168606996536,
      0.018653634935617447,
      0.9965726137161255
    ]
  ],
  "position": [
    -1.7598319053649902,
    1.0919157266616821,
    -0.9130615592002869
  ],
  "focal_length": 2892.91357421875,
  "principal_point": [
    696.362060546875,
    982.3938598632812
  ],
  "skew": 0.0,
  "pixel_aspect_ratio": 1.0120645761489868,
  "radial_distortion": [
    0.17549364268779755,
    -0.8630937933921814,
    0.0
  ],
  "tangential_distortion": [
    -0.006523536052554846,
    0.004955862183123827
  ],
  "image_size": [
    1072,
    1920
  ]
}