{
  "orientation": [
    [
      0.858212947845459,
      -0.2999592125415802,
      0.4165273606777191
    ],
    [
      0.32485732436180115,
      0.9456906914710999,
      0.011696436442434788
    ],
    [
      -0.39741450548171997,
      0.1252739280462265,
      0.9090479612350464
    ]
  ],
  "position": [
    6.409667015075684,
    -0.27498292922973633,
    1.8230435848236084
  ],
  "focal_length": 2892.91357421875,
  "principal_point": [
    696.362060546875,
    982.3938598632812
  ],
  "skew": 0.0,
  "pixel_aspect_ratio": 1.0120645761489868,
  "radial_distortion": [
    0.17549364268779755,
    -0.8630937933921814,
    0.0
  ],
  "tangential_distortion": [
    -0.006523536052554846,
    0.004955862183123827
  ],
  "image_size": [
    1072,
    1920
  ]
}