{
  "orientation": [
    [
      0.9562270641326904,
      -0.16633394360542297,
      0.24075481295585632
    ],
    [
      0.16229109466075897,
      0.9860613346099854,
      0.03666944429278374
    ],
    [
      -0.24349838495254517,
      0.004008047748357058,
      0.9698930382728577
    ]
  ],
  "position": [
    3.8522753715515137,
    1.7852016687393188,
    -0.14647750556468964
  ],
  "focal_length": 2892.91357421875,
  "principal_point": [
    696.362060546875,
    982.3938598632812
  ],
  "skew": 0.0,
  "pixel_aspect_ratio": 1.0120645761489868,
  "radial_distortion": [
    0.17549364268779755,
    -0.8630937933921814,
    0.0
  ],
  "tangential_distortion": [
    -0.006523536052554846,
    0.004955862183123827
  ],
  "image_size": [
    1072,
    1920
  ]
}