{
  "orientation": [
    [
      0.9371942281723022,
      -0.203928604722023,
      0.28298434615135193
    ],
    [
      0.2236672341823578,
      0.9738878607749939,
      -0.038928110152482986
    ],
    [
      -0.26765647530555725,
      0.09977751970291138,
      0.95833420753479
    ]
  ],
  "position": [
    4.867681503295898,
    0.16500476002693176,
    0.6324114203453064
  ],
  "focal_length": 2892.91357421875,
  "principal_point": [
    696.362060546875,
    982.3938598632812
  ],
  "skew": 0.0,
  "pixel_aspect_ratio": 1.0120645761489868,
  "radial_distortion": [
    0.17549364268779755,
    -0.8630937933921814,
    0.0
  ],
  "tangential_distortion": [
    -0.006523536052554846,
    0.004955862183123827
  ],
  "image_size": [
    1072,
    1920
  ]
}