{
  "orientation": [
    [
      0.9314596652984619,
      -0.21495242416858673,
      0.29356157779693604
    ],
    [
      0.261873722076416,
      0.9562026262283325,
      -0.13076210021972656
    ],
    [
      -0.2525967061519623,
      0.19867567718029022,
      0.9469545483589172
    ]
  ],
  "position": [
    3.277212142944336,
    -2.308476209640503,
    1.1772489547729492
  ],
  "focal_length": 2892.91357421875,
  "principal_point": [
    696.362060546875,
    982.3938598632812
  ],
  "skew": 0.0,
  "pixel_aspect_ratio": 1.0120645761489868,
  "radial_distortion": [
    0.17549364268779755,
    -0.8630937933921814,
    0.0
  ],
  "tangential_distortion": [
    -0.006523536052554846,
    0.004955862183123827
  ],
  "image_size": [
    1072,
    1920
  ]
}