{
  "orientation": [
    [
      0.9609295129776001,
      -0.18189622461795807,
      0.20863427221775055
    ],
    [
      0.2086646556854248,
      0.9712899923324585,
      -0.11425748467445374
    ],
    [
      -0.18186137080192566,
      0.15332798659801483,
      0.9712965488433838
    ]
  ],
  "position": [
    2.4609017372131348,
    -2.162269353866577,
    0.3375528156757355
  ],
  "focal_length": 2892.91357421875,
  "principal_point": [
    696.362060546875,
    982.3938598632812
  ],
  "skew": 0.0,
  "pixel_aspect_ratio": 1.0120645761489868,
  "radial_distortion": [
    0.17549364268779755,
    -0.8630937933921814,
    0.0
  ],
  "tangential_distortion": [
    -0.006523536052554846,
    0.004955862183123827
  ],
  "image_size": [
    1072,
    1920
  ]
}