{
  "orientation": [
    [
      0.966951847076416,
      -0.1539919227361679,
      0.20320087671279907
    ],
    [
      0.15348289906978607,
      0.9879807233810425,
      0.018358564004302025
    ],
    [
      -0.20358562469482422,
      0.013436012901365757,
      0.9789649248123169
    ]
  ],
  "position": [
    3.0808558464050293,
    1.2437217235565186,
    1.3539533615112305
  ],
  "focal_length": 2892.91357421875,
  "principal_point": [
    696.362060546875,
    982.3938598632812
  ],
  "skew": 0.0,
  "pixel_aspect_ratio": 1.0120645761489868,
  "radial_distortion": [
    0.17549364268779755,
    -0.8630937933921814,
    0.0
  ],
  "tangential_distortion": [
    -0.006523536052554846,
    0.004955862183123827
  ],
  "image_size": [
    1072,
    1920
  ]
}