{
  "orientation": [
    [
      0.9317995309829712,
      -0.24010802805423737,
      0.2722090184688568
    ],
    [
      0.2724097967147827,
      0.9582152962684631,
      -0.08727166056632996
    ],
    [
      -0.23988023400306702,
      0.15547208487987518,
      0.9582723379135132
    ]
  ],
  "position": [
    3.3649210929870605,
    -2.2297825813293457,
    0.7420733571052551
  ],
  "focal_length": 2892.91357421875,
  "principal_point": [
    696.362060546875,
    982.3938598632812
  ],
  "skew": 0.0,
  "pixel_aspect_ratio": 1.0120645761489868,
  "radial_distortion": [
    0.17549364268779755,
    -0.8630937933921814,
    0.0
  ],
  "tangential_distortion": [
    -0.006523536052554846,
    0.004955862183123827
  ],
  "image_size": [
    1072,
    1920
  ]
}