{
  "orientation": [
    [
      0.9329359531402588,
      -0.23928062617778778,
      0.26902657747268677
    ],
    [
      0.24463918805122375,
      0.9695138335227966,
      0.013950997963547707
    ],
    [
      -0.26416319608688354,
      0.052799053490161896,
      0.9630317091941833
    ]
  ],
  "position": [
    3.9332435131073,
    0.09350781887769699,
    1.307700514793396
  ],
  "focal_length": 2892.91357421875,
  "principal_point": [
    696.362060546875,
    982.3938598632812
  ],
  "skew": 0.0,
  "pixel_aspect_ratio": 1.0120645761489868,
  "radial_distortion": [
    0.17549364268779755,
    -0.8630937933921814,
    0.0
  ],
  "tangential_distortion": [
    -0.006523536052554846,
    0.004955862183123827
  ],
  "image_size": [
    1072,
    1920
  ]
}