{
  "orientation": [
    [
      0.9965583682060242,
      0.07447602599859238,
      -0.03639726713299751
    ],
    [
      -0.07937520742416382,
      0.983920693397522,
      -0.159998819231987
    ],
    [
      0.023895949125289917,
      0.16233719885349274,
      0.986445963382721
    ]
  ],
  "position": [
    -0.4798153042793274,
    -0.6579976081848145,
    -0.9165181517601013
  ],
  "focal_length": 2892.91357421875,
  "principal_point": [
    696.362060546875,
    982.3938598632812
  ],
  "skew": 0.0,
  "pixel_aspect_ratio": 1.0120645761489868,
  "radial_distortion": [
    0.17549364268779755,
    -0.8630937933921814,
    0.0
  ],
  "tangential_distortion": [
    -0.006523536052554846,
    0.004955862183123827
  ],
  "image_size": [
    1072,
    1920
  ]
}