{
  "orientation": [
    [
      0.9734826683998108,
      -0.12760140001773834,
      0.1898667961359024
    ],
    [
      0.12105880677700043,
      0.9915920495986938,
      0.045715682208538055
    ],
    [
      -0.19410379230976105,
      -0.021518375724554062,
      0.9807449579238892
    ]
  ],
  "position": [
    2.9456005096435547,
    2.173299789428711,
    -0.5617080926895142
  ],
  "focal_length": 2892.91357421875,
  "principal_point": [
    696.362060546875,
    982.3938598632812
  ],
  "skew": 0.0,
  "pixel_aspect_ratio": 1.0120645761489868,
  "radial_distortion": [
    0.17549364268779755,
    -0.8630937933921814,
    0.0
  ],
  "tangential_distortion": [
    -0.006523536052554846,
    0.004955862183123827
  ],
  "image_size": [
    1072,
    1920
  ]
}