{
  "orientation": [
    [
      0.9853400588035583,
      -0.0790153220295906,
      0.15120016038417816
    ],
    [
      0.08081027120351791,
      0.9967129230499268,
      -0.005754013080149889
    ],
    [
      -0.15024849772453308,
      0.017888184636831284,
      0.9884864091873169
    ]
  ],
  "position": [
    2.106323719024658,
    1.2804133892059326,
    -0.331903338432312
  ],
  "focal_length": 2892.91357421875,
  "principal_point": [
    696.362060546875,
    982.3938598632812
  ],
  "skew": 0.0,
  "pixel_aspect_ratio": 1.0120645761489868,
  "radial_distortion": [
    0.17549364268779755,
    -0.8630937933921814,
    0.0
  ],
  "tangential_distortion": [
    -0.006523536052554846,
    0.004955862183123827
  ],
  "image_size": [
    1072,
    1920
  ]
}