{
  "orientation": [
    [
      0.909165620803833,
      -0.2453365921974182,
      0.33649349212646484
    ],
    [
      0.26937738060951233,
      0.9626854062080383,
      -0.02593417838215828
    ],
    [
      -0.31757476925849915,
      0.1142221987247467,
      0.9413285851478577
    ]
  ],
  "position": [
    4.003668308258057,
    -0.8298693895339966,
    2.1684131622314453
  ],
  "focal_length": 2892.91357421875,
  "principal_point": [
    696.362060546875,
    982.3938598632812
  ],
  "skew": 0.0,
  "pixel_aspect_ratio": 1.0120645761489868,
  "radial_distortion": [
    0.17549364268779755,
    -0.8630937933921814,
    0.0
  ],
  "tangential_distortion": [
    -0.006523536052554846,
    0.004955862183123827
  ],
  "image_size": [
    1072,
    1920
  ]
}