{
  "orientation": [
    [
      0.9879544377326965,
      -0.01586519181728363,
      0.1539294719696045
    ],
    [
      0.024204321205615997,
      0.9983299970626831,
      -0.05245304852724075
    ],
    [
      -0.1528402417898178,
      0.05554698035120964,
      0.9866886138916016
    ]
  ],
  "position": [
    1.0916283130645752,
    0.22942665219306946,
    -0.5199328660964966
  ],
  "focal_length": 2892.91357421875,
  "principal_point": [
    696.362060546875,
    982.3938598632812
  ],
  "skew": 0.0,
  "pixel_aspect_ratio": 1.0120645761489868,
  "radial_distortion": [
    0.17549364268779755,
    -0.8630937933921814,
    0.0
  ],
  "tangential_distortion": [
    -0.006523536052554846,
    0.004955862183123827
  ],
  "image_size": [
    1072,
    1920
  ]
}