{
  "orientation": [
    [
      0.9083957076072693,
      -0.2738543748855591,
      0.3159446716308594
    ],
    [
      0.301445335149765,
      0.9526010155677795,
      -0.04101250693202019
    ],
    [
      -0.2897377610206604,
      0.13249562680721283,
      0.9478907585144043
    ]
  ],
  "position": [
    3.956493854522705,
    -1.0573832988739014,
    1.1736609935760498
  ],
  "focal_length": 2892.91357421875,
  "principal_point": [
    696.362060546875,
    982.3938598632812
  ],
  "skew": 0.0,
  "pixel_aspect_ratio": 1.0120645761489868,
  "radial_distortion": [
    0.17549364268779755,
    -0.8630937933921814,
    0.0
  ],
  "tangential_distortion": [
    -0.006523536052554846,
    0.004955862183123827
  ],
  "image_size": [
    1072,
    1920
  ]
}