{
  "orientation": [
    [
      0.9988754391670227,
      -0.018114609643816948,
      0.04381467029452324
    ],
    [
      0.023424535989761353,
      0.9920195937156677,
      -0.12388879805803299
    ],
    [
      -0.04122081398963928,
      0.12477581948041916,
      0.9913282990455627
    ]
  ],
  "position": [
    0.3646849989891052,
    -1.0000650882720947,
    -0.9194425940513611
  ],
  "focal_length": 2892.91357421875,
  "principal_point": [
    696.362060546875,
    982.3938598632812
  ],
  "skew": 0.0,
  "pixel_aspect_ratio": 1.0120645761489868,
  "radial_distortion": [
    0.17549364268779755,
    -0.8630937933921814,
    0.0
  ],
  "tangential_distortion": [
    -0.006523536052554846,
    0.004955862183123827
  ],
  "image_size": [
    1072,
    1920
  ]
}