{
  "orientation": [
    [
      0.9973660707473755,
      0.04536919295787811,
      -0.056591540575027466
    ],
    [
      -0.0416477806866169,
      0.9969968199729919,
      0.06528996676206589
    ],
    [
      0.05938373878598213,
      -0.0627610832452774,
      0.9962603449821472
    ]
  ],
  "position": [
    -1.3381739854812622,
    2.3545539379119873,
    -0.9550926089286804
  ],
  "focal_length": 2892.91357421875,
  "principal_point": [
    696.362060546875,
    982.3938598632812
  ],
  "skew": 0.0,
  "pixel_aspect_ratio": 1.0120645761489868,
  "radial_distortion": [
    0.17549364268779755,
    -0.8630937933921814,
    0.0
  ],
  "tangential_distortion": [
    -0.006523536052554846,
    0.004955862183123827
  ],
  "image_size": [
    1072,
    1920
  ]
}