{
  "orientation": [
    [
      0.9787359237670898,
      -0.12190620601177216,
      0.16496914625167847
    ],
    [
      0.11965534836053848,
      0.9925361275672913,
      0.023551827296614647
    ],
    [
      -0.16660894453525543,
      -0.0033115793485194445,
      0.9860174655914307
    ]
  ],
  "position": [
    2.48394775390625,
    1.551594853401184,
    1.0798661708831787
  ],
  "focal_length": 2892.91357421875,
  "principal_point": [
    696.362060546875,
    982.3938598632812
  ],
  "skew": 0.0,
  "pixel_aspect_ratio": 1.0120645761489868,
  "radial_distortion": [
    0.17549364268779755,
    -0.8630937933921814,
    0.0
  ],
  "tangential_distortion": [
    -0.006523536052554846,
    0.004955862183123827
  ],
  "image_size": [
    1072,
    1920
  ]
}