{
  "orientation": [
    [
      0.9850928783416748,
      -0.10589148104190826,
      0.13556937873363495
    ],
    [
      0.12470603734254837,
      0.9824392795562744,
      -0.13878561556339264
    ],
    [
      -0.1184924766421318,
      0.1536230444908142,
      0.980999231338501
    ]
  ],
  "position": [
    1.2926838397979736,
    -1.9978954792022705,
    0.16200751066207886
  ],
  "focal_length": 2892.91357421875,
  "principal_point": [
    696.362060546875,
    982.3938598632812
  ],
  "skew": 0.0,
  "pixel_aspect_ratio": 1.0120645761489868,
  "radial_distortion": [
    0.17549364268779755,
    -0.8630937933921814,
    0.0
  ],
  "tangential_distortion": [
    -0.006523536052554846,
    0.004955862183123827
  ],
  "image_size": [
    1072,
    1920
  ]
}