{
  "orientation": [
    [
      0.9534540176391602,
      -0.1771153211593628,
      0.2440401166677475
    ],
    [
      0.18277840316295624,
      0.9831539988517761,
      -0.000570259231608361
    ],
    [
      -0.23982800543308258,
      0.045148976147174835,
      0.9697649478912354
    ]
  ],
  "position": [
    3.638218879699707,
    0.9918233156204224,
    1.7420780658721924
  ],
  "focal_length": 2892.91357421875,
  "principal_point": [
    696.362060546875,
    982.3938598632812
  ],
  "skew": 0.0,
  "pixel_aspect_ratio": 1.0120645761489868,
  "radial_distortion": [
    0.17549364268779755,
    -0.8630937933921814,
    0.0
  ],
  "tangential_distortion": [
    -0.006523536052554846,
    0.004955862183123827
  ],
  "image_size": [
    1072,
    1920
  ]
}