{
  "orientation": [
    [
      0.9992890357971191,
      0.03683042898774147,
      0.008061829023063183
    ],
    [
      -0.03481593355536461,
      0.9834955334663391,
      -0.1775510013103485
    ],
    [
      -0.014468053355813026,
      0.17714408040046692,
      0.984078586101532
    ]
  ],
  "position": [
    0.1884903907775879,
    -1.2000179290771484,
    -0.7093653082847595
  ],
  "focal_length": 2892.91357421875,
  "principal_point": [
    696.362060546875,
    982.3938598632812
  ],
  "skew": 0.0,
  "pixel_aspect_ratio": 1.0120645761489868,
  "radial_distortion": [
    0.17549364268779755,
    -0.8630937933921814,
    0.0
  ],
  "tangential_distortion": [
    -0.006523536052554846,
    0.004955862183123827
  ],
  "image_size": [
    1072,
    1920
  ]
}