{
  "orientation": [
    [
      0.8981165885925293,
      -0.2518101632595062,
      0.3605249226093292
    ],
    [
      0.30387309193611145,
      0.9479771852493286,
      -0.09487051516771317
    ],
    [
      -0.3178800344467163,
      0.1947586089372635,
      0.9279123544692993
    ]
  ],
  "position": [
    4.2934346199035645,
    -2.113845109939575,
    1.528128743171692
  ],
  "focal_length": 2892.91357421875,
  "principal_point": [
    696.362060546875,
    982.3938598632812
  ],
  "skew": 0.0,
  "pixel_aspect_ratio": 1.0120645761489868,
  "radial_distortion": [
    0.17549364268779755,
    -0.8630937933921814,
    0.0
  ],
  "tangential_distortion": [
    -0.006523536052554846,
    0.004955862183123827
  ],
  "image_size": [
    1072,
    1920
  ]
}