{
  "orientation": [
    [
      0.9589993357658386,
      -0.16682738065719604,
      0.22910456359386444
    ],
    [
      0.199753999710083,
      0.9713383913040161,
      -0.12884120643138885
    ],
    [
      -0.20104381442070007,
      0.16932319104671478,
      0.9648373126983643
    ]
  ],
  "position": [
    2.720763921737671,
    -2.231797218322754,
    1.112554907798767
  ],
  "focal_length": 2892.91357421875,
  "principal_point": [
    696.362060546875,
    982.3938598632812
  ],
  "skew": 0.0,
  "pixel_aspect_ratio": 1.0120645761489868,
  "radial_distortion": [
    0.17549364268779755,
    -0.8630937933921814,
    0.0
  ],
  "tangential_distortion": [
    -0.006523536052554846,
    0.004955862183123827
  ],
  "image_size": [
    1072,
    1920
  ]
}