{
  "orientation": [
    [
      0.9912888407707214,
      0.09014613926410675,
      -0.09602150321006775
    ],
    [
      -0.09267330169677734,
      0.995449423789978,
      -0.022183433175086975
    ],
    [
      0.09358479827642441,
      0.030888818204402924,
      0.9951320290565491
    ]
  ],
  "position": [
    -1.6299102306365967,
    0.5787086486816406,
    -1.1295385360717773
  ],
  "focal_length": 2892.91357421875,
  "principal_point": [
    696.362060546875,
    982.3938598632812
  ],
  "skew": 0.0,
  "pixel_aspect_ratio": 1.0120645761489868,
  "radial_distortion": [
    0.17549364268779755,
    -0.8630937933921814,
    0.0
  ],
  "tangential_distortion": [
    -0.006523536052554846,
    0.004955862183123827
  ],
  "image_size": [
    1072,
    1920
  ]
}