{
  "orientation": [
    [
      0.9092867970466614,
      -0.21956771612167358,
      0.3535357415676117
    ],
    [
      0.2568540573120117,
      0.9644838571548462,
      -0.06161891669034958
    ],
    [
      -0.3274500072002411,
      0.14683635532855988,
      0.9333893060684204
    ]
  ],
  "position": [
    5.008336544036865,
    -0.9084082841873169,
    0.872967004776001
  ],
  "focal_length": 2892.91357421875,
  "principal_point": [
    696.362060546875,
    982.3938598632812
  ],
  "skew": 0.0,
  "pixel_aspect_ratio": 1.0120645761489868,
  "radial_distortion": [
    0.17549364268779755,
    -0.8630937933921814,
    0.0
  ],
  "tangential_distortion": [
    -0.006523536052554846,
    0.004955862183123827
  ],
  "image_size": [
    1072,
    1920
  ]
}