{
  "orientation": [
    [
      0.9178950190544128,
      -0.2559625506401062,
      0.3032356798648834
    ],
    [
      0.2720838487148285,
      0.9622060656547546,
      -0.01139611005783081
    ],
    [
      -0.28885823488235474,
      0.09296596795320511,
      0.952847421169281
    ]
  ],
  "position": [
    4.033608436584473,
    -0.5335417985916138,
    1.2948354482650757
  ],
  "focal_length": 2892.91357421875,
  "principal_point": [
    696.362060546875,
    982.3938598632812
  ],
  "skew": 0.0,
  "pixel_aspect_ratio": 1.0120645761489868,
  "radial_distortion": [
    0.17549364268779755,
    -0.8630937933921814,
    0.0
  ],
  "tangential_distortion": [
    -0.006523536052554846,
    0.004955862183123827
  ],
  "image_size": [
    1072,
    1920
  ]
}