{
  "orientation": [
    [
      0.9863602519035339,
      -0.10087011754512787,
      0.1300719827413559
    ],
    [
      0.113848976790905,
      0.9887973070144653,
      -0.09653112292289734
    ],
    [
      -0.11887773126363754,
      0.11002302169799805,
      0.9867942929267883
    ]
  ],
  "position": [
    0.8805276155471802,
    -1.634273648262024,
    -0.0557861328125
  ],
  "focal_length": 2892.91357421875,
  "principal_point": [
    696.362060546875,
    982.3938598632812
  ],
  "skew": 0.0,
  "pixel_aspect_ratio": 1.0120645761489868,
  "radial_distortion": [
    0.17549364268779755,
    -0.8630937933921814,
    0.0
  ],
  "tangential_distortion": [
    -0.006523536052554846,
    0.004955862183123827
  ],
  "image_size": [
    1072,
    1920
  ]
}