{
  "orientation": [
    [
      0.9474877715110779,
      -0.20634573698043823,
      0.24431203305721283
    ],
    [
      0.2085850089788437,
      0.9778570532798767,
      0.016965540125966072
    ],
    [
      -0.2424030303955078,
      0.034885190427303314,
      0.969548225402832
    ]
  ],
  "position": [
    3.686931610107422,
    0.8880201578140259,
    1.409859299659729
  ],
  "focal_length": 2892.91357421875,
  "principal_point": [
    696.362060546875,
    982.3938598632812
  ],
  "skew": 0.0,
  "pixel_aspect_ratio": 1.0120645761489868,
  "radial_distortion": [
    0.17549364268779755,
    -0.8630937933921814,
    0.0
  ],
  "tangential_distortion": [
    -0.006523536052554846,
    0.004955862183123827
  ],
  "image_size": [
    1072,
    1920
  ]
}