{
  "orientation": [
    [
      0.9863727688789368,
      -0.007924295961856842,
      0.16433483362197876
    ],
    [
      0.02023649960756302,
      0.9970985054969788,
      -0.07338327914476395
    ],
    [
      -0.16327650845050812,
      0.07570882886648178,
      0.9836711883544922
    ]
  ],
  "position": [
    1.2262035608291626,
    -0.44988587498664856,
    -0.5162282586097717
  ],
  "focal_length": 2892.91357421875,
  "principal_point": [
    696.362060546875,
    982.3938598632812
  ],
  "skew": 0.0,
  "pixel_aspect_ratio": 1.0120645761489868,
  "radial_distortion": [
    0.17549364268779755,
    -0.8630937933921814,
    0.0
  ],
  "tangential_distortion": [
    -0.006523536052554846,
    0.004955862183123827
  ],
  "image_size": [
    1072,
    1920
  ]
}