{
  "orientation": [
    [
      0.9572163224220276,
      -0.18460160493850708,
      0.22284331917762756
    ],
    [
      0.22218891978263855,
      0.9622309803962708,
      -0.15730105340480804
    ],
    [
      -0.1853887140750885,
      0.20008444786071777,
      0.962079644203186
    ]
  ],
  "position": [
    3.3807127475738525,
    -2.7130157947540283,
    0.04322248324751854
  ],
  "focal_length": 2892.91357421875,
  "principal_point": [
    696.362060546875,
    982.3938598632812
  ],
  "skew": 0.0,
  "pixel_aspect_ratio": 1.0120645761489868,
  "radial_distortion": [
    0.17549364268779755,
    -0.8630937933921814,
    0.0
  ],
  "tangential_distortion": [
    -0.006523536052554846,
    0.004955862183123827
  ],
  "image_size": [
    1072,
    1920
  ]
}