{
  "orientation": [
    [
      0.9267168641090393,
      -0.22088350355625153,
      0.3039840757846832
    ],
    [
      0.23493242263793945,
      0.971960723400116,
      -0.009953618980944157
    ],
    [
      -0.2932620048522949,
      0.08063989877700806,
      0.9526250958442688
    ]
  ],
  "position": [
    4.026721954345703,
    0.10101347416639328,
    2.140103340148926
  ],
  "focal_length": 2892.91357421875,
  "principal_point": [
    696.362060546875,
    982.3938598632812
  ],
  "skew": 0.0,
  "pixel_aspect_ratio": 1.0120645761489868,
  "radial_distortion": [
    0.17549364268779755,
    -0.8630937933921814,
    0.0
  ],
  "tangential_distortion": [
    -0.006523536052554846,
    0.004955862183123827
  ],
  "image_size": [
    1072,
    1920
  ]
}