{
  "orientation": [
    [
      0.991624653339386,
      0.1101047694683075,
      -0.06750904768705368
    ],
    [
      -0.11550364643335342,
      0.9899080991744995,
      -0.08210242539644241
    ],
    [
      0.05778788775205612,
      0.0892123281955719,
      0.9943348169326782
    ]
  ],
  "position": [
    -1.2308602333068848,
    0.6892910003662109,
    -0.9980514049530029
  ],
  "focal_length": 2892.91357421875,
  "principal_point": [
    696.362060546875,
    982.3938598632812
  ],
  "skew": 0.0,
  "pixel_aspect_ratio": 1.0120645761489868,
  "radial_distortion": [
    0.17549364268779755,
    -0.8630937933921814,
    0.0
  ],
  "tangential_distortion": [
    -0.006523536052554846,
    0.004955862183123827
  ],
  "image_size": [
    1072,
    1920
  ]
}