{
  "orientation": [
    [
      0.9730325937271118,
      -0.050844427198171616,
      0.2249942123889923
    ],
    [
      0.07436710596084595,
      0.9924692511558533,
      -0.09733624011278152
    ],
    [
      -0.2183508276939392,
      0.11144350469112396,
      0.9694860577583313
    ]
  ],
  "position": [
    1.9724726676940918,
    -1.662221074104309,
    -0.13772717118263245
  ],
  "focal_length": 2892.91357421875,
  "principal_point": [
    696.362060546875,
    982.3938598632812
  ],
  "skew": 0.0,
  "pixel_aspect_ratio": 1.0120645761489868,
  "radial_distortion": [
    0.17549364268779755,
    -0.8630937933921814,
    0.0
  ],
  "tangential_distortion": [
    -0.006523536052554846,
    0.004955862183123827
  ],
  "image_size": [
    1072,
    1920
  ]
}