{
  "orientation": [
    [
      0.9938571453094482,
      0.08364907652139664,
      -0.07246231287717819
    ],
    [
      -0.08362652361392975,
      0.996491551399231,
      0.0033504217863082886
    ],
    [
      0.07248834520578384,
      0.00272993091493845,
      0.9973655343055725
    ]
  ],
  "position": [
    -1.352730393409729,
    1.6030350923538208,
    -0.5635977983474731
  ],
  "focal_length": 2892.91357421875,
  "principal_point": [
    696.362060546875,
    982.3938598632812
  ],
  "skew": 0.0,
  "pixel_aspect_ratio": 1.0120645761489868,
  "radial_distortion": [
    0.17549364268779755,
    -0.8630937933921814,
    0.0
  ],
  "tangential_distortion": [
    -0.006523536052554846,
    0.004955862183123827
  ],
  "image_size": [
    1072,
    1920
  ]
}