{
  "orientation": [
    [
      0.9382163286209106,
      -0.21259038150310516,
      0.273048460483551
    ],
    [
      0.2546859383583069,
      0.958389401435852,
      -0.12893736362457275
    ],
    [
      -0.2342759072780609,
      0.1905127465724945,
      0.953320324420929
    ]
  ],
  "position": [
    3.966282367706299,
    -2.8291425704956055,
    0.3149420917034149
  ],
  "focal_length": 2892.91357421875,
  "principal_point": [
    696.362060546875,
    982.3938598632812
  ],
  "skew": 0.0,
  "pixel_aspect_ratio": 1.0120645761489868,
  "radial_distortion": [
    0.17549364268779755,
    -0.8630937933921814,
    0.0
  ],
  "tangential_distortion": [
    -0.006523536052554846,
    0.004955862183123827
  ],
  "image_size": [
    1072,
    1920
  ]
}