{
  "orientation": [
    [
      0.9915188550949097,
      -0.08079326897859573,
      0.10179787129163742
    ],
    [
      0.0986669659614563,
      0.9777727127075195,
      -0.18500100076198578
    ],
    [
      -0.08458834141492844,
      0.19347606599330902,
      0.9774516820907593
    ]
  ],
  "position": [
    1.9264564514160156,
    -2.3068010807037354,
    -0.37761005759239197
  ],
  "focal_length": 2892.91357421875,
  "principal_point": [
    696.362060546875,
    982.3938598632812
  ],
  "skew": 0.0,
  "pixel_aspect_ratio": 1.0120645761489868,
  "radial_distortion": [
    0.17549364268779755,
    -0.8630937933921814,
    0.0
  ],
  "tangential_distortion": [
    -0.006523536052554846,
    0.004955862183123827
  ],
  "image_size": [
    1072,
    1920
  ]
}