{
  "orientation": [
    [
      0.9914069175720215,
      -0.06661102175712585,
      0.11258473247289658
    ],
    [
      0.08183803409337997,
      0.9872472286224365,
      -0.1365482360124588
    ],
    [
      -0.10205334424972534,
      0.14458858966827393,
      0.9842150211334229
    ]
  ],
  "position": [
    1.035138487815857,
    -1.4077128171920776,
    -0.5309122204780579
  ],
  "focal_length": 2892.91357421875,
  "principal_point": [
    696.362060546875,
    982.3938598632812
  ],
  "skew": 0.0,
  "pixel_aspect_ratio": 1.0120645761489868,
  "radial_distortion": [
    0.17549364268779755,
    -0.8630937933921814,
    0.0
  ],
  "tangential_distortion": [
    -0.006523536052554846,
    0.004955862183123827
  ],
  "image_size": [
    1072,
    1920
  ]
}