{
  "orientation": [
    [
      0.9173421263694763,
      -0.24822375178337097,
      0.31123682856559753
    ],
    [
      0.2632845938205719,
      0.9646954536437988,
      -0.006624291185289621
    ],
    [
      -0.29860445857048035,
      0.08802060037851334,
      0.9503092765808105
    ]
  ],
  "position": [
    4.223862171173096,
    0.7389361262321472,
    1.673861026763916
  ],
  "focal_length": 2892.91357421875,
  "principal_point": [
    696.362060546875,
    982.3938598632812
  ],
  "skew": 0.0,
  "pixel_aspect_ratio": 1.0120645761489868,
  "radial_distortion": [
    0.17549364268779755,
    -0.8630937933921814,
    0.0
  ],
  "tangential_distortion": [
    -0.006523536052554846,
    0.004955862183123827
  ],
  "image_size": [
    1072,
    1920
  ]
}