{
  "orientation": [
    [
      0.9990320801734924,
      0.04174885153770447,
      -0.0138540742918849
    ],
    [
      -0.043036267161369324,
      0.9928286671638489,
      -0.11153063178062439
    ],
    [
      0.009098446927964687,
      0.11201890558004379,
      0.9936644434928894
    ]
  ],
  "position": [
    -0.5069905519485474,
    -1.3175034523010254,
    -0.7427536845207214
  ],
  "focal_length": 2892.91357421875,
  "principal_point": [
    696.362060546875,
    982.3938598632812
  ],
  "skew": 0.0,
  "pixel_aspect_ratio": 1.0120645761489868,
  "radial_distortion": [
    0.17549364268779755,
    -0.8630937933921814,
    0.0
  ],
  "tangential_distortion": [
    -0.006523536052554846,
    0.004955862183123827
  ],
  "image_size": [
    1072,
    1920
  ]
}