{
  "orientation": [
    [
      0.9993190169334412,
      -0.002133355475962162,
      -0.036836400628089905
    ],
    [
      0.00026919099036604166,
      0.9987221360206604,
      -0.05053755268454552
    ],
    [
      0.036897141486406326,
      0.05049322545528412,
      0.9980425834655762
    ]
  ],
  "position": [
    -1.0853790044784546,
    -0.5131272077560425,
    -1.1405447721481323
  ],
  "focal_length": 2892.91357421875,
  "principal_point": [
    696.362060546875,
    982.3938598632812
  ],
  "skew": 0.0,
  "pixel_aspect_ratio": 1.0120645761489868,
  "radial_distortion": [
    0.17549364268779755,
    -0.8630937933921814,
    0.0
  ],
  "tangential_distortion": [
    -0.006523536052554846,
    0.004955862183123827
  ],
  "image_size": [
    1072,
    1920
  ]
}