{
  "orientation": [
    [
      0.8690811991691589,
      -0.2839336395263672,
      0.40506741404533386
    ],
    [
      0.3261258900165558,
      0.9445781111717224,
      -0.03760456293821335
    ],
    [
      -0.37194061279296875,
      0.16478438675403595,
      0.91351318359375
    ]
  ],
  "position": [
    6.279827117919922,
    -1.8280411958694458,
    1.5192867517471313
  ],
  "focal_length": 2892.91357421875,
  "principal_point": [
    696.362060546875,
    982.3938598632812
  ],
  "skew": 0.0,
  "pixel_aspect_ratio": 1.0120645761489868,
  "radial_distortion": [
    0.17549364268779755,
    -0.8630937933921814,
    0.0
  ],
  "tangential_distortion": [
    -0.006523536052554846,
    0.004955862183123827
  ],
  "image_size": [
    1072,
    1920
  ]
}