{
  "orientation": [
    [
      0.998709499835968,
      0.04303024336695671,
      -0.026976486667990685
    ],
    [
      -0.041555389761924744,
      0.997727632522583,
      0.05303504690527916
    ],
    [
      0.029197297990322113,
      -0.05184558779001236,
      0.9982281923294067
    ]
  ],
  "position": [
    -0.8748933672904968,
    2.0385189056396484,
    -0.27436918020248413
  ],
  "focal_length": 2892.91357421875,
  "principal_point": [
    696.362060546875,
    982.3938598632812
  ],
  "skew": 0.0,
  "pixel_aspect_ratio": 1.0120645761489868,
  "radial_distortion": [
    0.17549364268779755,
    -0.8630937933921814,
    0.0
  ],
  "tangential_distortion": [
    -0.006523536052554846,
    0.004955862183123827
  ],
  "image_size": [
    1072,
    1920
  ]
}