{
  "orientation": [
    [
      0.9979472756385803,
      0.04187552258372307,
      -0.04845326393842697
    ],
    [
      -0.04224804788827896,
      0.9990847706794739,
      -0.00668948283419013
    ],
    [
      0.04812879487872124,
      0.00872280728071928,
      0.9988030791282654
    ]
  ],
  "position": [
    -0.8917959928512573,
    1.8735079765319824,
    -0.8208287358283997
  ],
  "focal_length": 2892.91357421875,
  "principal_point": [
    696.362060546875,
    982.3938598632812
  ],
  "skew": 0.0,
  "pixel_aspect_ratio": 1.0120645761489868,
  "radial_distortion": [
    0.17549364268779755,
    -0.8630937933921814,
    0.0
  ],
  "tangential_distortion": [
    -0.006523536052554846,
    0.004955862183123827
  ],
  "image_size": [
    1072,
    1920
  ]
}