{
  "orientation": [
    [
      0.9986491799354553,
      -0.022403115406632423,
      0.04688175022602081
    ],
    [
      0.025751376524567604,
      0.9970664381980896,
      -0.07207916676998138
    ],
    [
      -0.04512941837310791,
      0.07318907231092453,
      0.9962964653968811
    ]
  ],
  "position": [
    -0.4478948414325714,
    -0.9352239966392517,
    -0.5078743100166321
  ],
  "focal_length": 2892.91357421875,
  "principal_point": [
    696.362060546875,
    982.3938598632812
  ],
  "skew": 0.0,
  "pixel_aspect_ratio": 1.0120645761489868,
  "radial_distortion": [
    0.17549364268779755,
    -0.8630937933921814,
    0.0
  ],
  "tangential_distortion": [
    -0.006523536052554846,
    0.004955862183123827
  ],
  "image_size": [
    1072,
    1920
  ]
}