{
  "orientation": [
    [
      0.9456248879432678,
      -0.1939464658498764,
      0.261109858751297
    ],
    [
      0.23026657104492188,
      0.9661546349525452,
      -0.11628638952970505
    ],
    [
      -0.2297191619873047,
      0.17008817195892334,
      0.9582792520523071
    ]
  ],
  "position": [
    3.10563325881958,
    -2.2510619163513184,
    1.3583295345306396
  ],
  "focal_length": 2892.91357421875,
  "principal_point": [
    696.362060546875,
    982.3938598632812
  ],
  "skew": 0.0,
  "pixel_aspect_ratio": 1.0120645761489868,
  "radial_distortion": [
    0.17549364268779755,
    -0.8630937933921814,
    0.0
  ],
  "tangential_distortion": [
    -0.006523536052554846,
    0.004955862183123827
  ],
  "image_size": [
    1072,
    1920
  ]
}