{
  "orientation": [
    [
      0.9173668026924133,
      -0.25068455934524536,
      0.3091851472854614
    ],
    [
      0.2880357503890991,
      0.9541906714439392,
      -0.0809662863612175
    ],
    [
      -0.2747245728969574,
      0.16333216428756714,
      0.9475489258766174
    ]
  ],
  "position": [
    3.481175422668457,
    -2.0231406688690186,
    1.7051200866699219
  ],
  "focal_length": 2892.91357421875,
  "principal_point": [
    696.362060546875,
    982.3938598632812
  ],
  "skew": 0.0,
  "pixel_aspect_ratio": 1.0120645761489868,
  "radial_distortion": [
    0.17549364268779755,
    -0.8630937933921814,
    0.0
  ],
  "tangential_distortion": [
    -0.006523536052554846,
    0.004955862183123827
  ],
  "image_size": [
    1072,
    1920
  ]
}