{
  "orientation": [
    [
      0.995485246181488,
      0.06758499890565872,
      -0.06664347648620605
    ],
    [
      -0.06531938165426254,
      0.9972288012504578,
      0.035610754042863846
    ],
    [
      0.06886554509401321,
      -0.031096870079636574,
      0.9971411824226379
    ]
  ],
  "position": [
    -1.4196007251739502,
    0.9701924920082092,
    -0.5528232455253601
  ],
  "focal_length": 2892.91357421875,
  "principal_point": [
    696.362060546875,
    982.3938598632812
  ],
  "skew": 0.0,
  "pixel_aspect_ratio": 1.0120645761489868,
  "radial_distortion": [
    0.17549364268779755,
    -0.8630937933921814,
    0.0
  ],
  "tangential_distortion": [
    -0.006523536052554846,
    0.004955862183123827
  ],
  "image_size": [
    1072,
    1920
  ]
}