{
  "orientation": [
    [
      0.9998958110809326,
      0.014404789544641972,
      0.0009098613518290222
    ],
    [
      -0.014330865815281868,
      0.9983155131340027,
      -0.05622045695781708
    ],
    [
      -0.0017181725706905127,
      0.05620156228542328,
      0.9984179735183716
    ]
  ],
  "position": [
    -0.8975827693939209,
    -0.45656701922416687,
    -0.6578894257545471
  ],
  "focal_length": 2892.91357421875,
  "principal_point": [
    696.362060546875,
    982.3938598632812
  ],
  "skew": 0.0,
  "pixel_aspect_ratio": 1.0120645761489868,
  "radial_distortion": [
    0.17549364268779755,
    -0.8630937933921814,
    0.0
  ],
  "tangential_distortion": [
    -0.006523536052554846,
    0.004955862183123827
  ],
  "image_size": [
    1072,
    1920
  ]
}