{
  "orientation": [
    [
      0.995686948299408,
      0.06748152524232864,
      -0.06366884708404541
    ],
    [
      -0.06810569763183594,
      0.9976485371589661,
      -0.007682202849537134
    ],
    [
      0.06300073117017746,
      0.01198528055101633,
      0.9979414939880371
    ]
  ],
  "position": [
    -1.2911009788513184,
    1.8216924667358398,
    -0.8776845932006836
  ],
  "focal_length": 2892.91357421875,
  "principal_point": [
    696.362060546875,
    982.3938598632812
  ],
  "skew": 0.0,
  "pixel_aspect_ratio": 1.0120645761489868,
  "radial_distortion": [
    0.17549364268779755,
    -0.8630937933921814,
    0.0
  ],
  "tangential_distortion": [
    -0.006523536052554846,
    0.004955862183123827
  ],
  "image_size": [
    1072,
    1920
  ]
}