{
  "orientation": [
    [
      0.8991469144821167,
      -0.23690584301948547,
      0.3679816424846649
    ],
    [
      0.290231853723526,
      0.9521083831787109,
      -0.0962032824754715
    ],
    [
      -0.32756727933883667,
      0.19330087304115295,
      0.9248429536819458
    ]
  ],
  "position": [
    5.271469593048096,
    -2.4932994842529297,
    1.214902400970459
  ],
  "focal_length": 2892.91357421875,
  "principal_point": [
    696.362060546875,
    982.3938598632812
  ],
  "skew": 0.0,
  "pixel_aspect_ratio": 1.0120645761489868,
  "radial_distortion": [
    0.17549364268779755,
    -0.8630937933921814,
    0.0
  ],
  "tangential_distortion": [
    -0.006523536052554846,
    0.004955862183123827
  ],
  "image_size": [
    1072,
    1920
  ]
}