{
  "orientation": [
    [
      0.9455366730690002,
      -0.14534316956996918,
      0.2912658452987671
    ],
    [
      0.1846851408481598,
      0.9763564467430115,
      -0.1123366504907608
    ],
    [
      -0.2680519223213196,
      0.1600109040737152,
      0.9500235319137573
    ]
  ],
  "position": [
    3.651385545730591,
    -2.159008026123047,
    0.21834924817085266
  ],
  "focal_length": 2892.91357421875,
  "principal_point": [
    696.362060546875,
    982.3938598632812
  ],
  "skew": 0.0,
  "pixel_aspect_ratio": 1.0120645761489868,
  "radial_distortion": [
    0.17549364268779755,
    -0.8630937933921814,
    0.0
  ],
  "tangential_distortion": [
    -0.006523536052554846,
    0.004955862183123827
  ],
  "image_size": [
    1072,
    1920
  ]
}