{
  "orientation": [
    [
      0.8813984990119934,
      -0.2668094336986542,
      0.38980692625045776
    ],
    [
      0.3107773959636688,
      0.9489955902099609,
      -0.053148772567510605
    ],
    [
      -0.35574445128440857,
      0.16798843443393707,
      0.9193615913391113
    ]
  ],
  "position": [
    5.807710647583008,
    -2.27500319480896,
    1.3429162502288818
  ],
  "focal_length": 2892.91357421875,
  "principal_point": [
    696.362060546875,
    982.3938598632812
  ],
  "skew": 0.0,
  "pixel_aspect_ratio": 1.0120645761489868,
  "radial_distortion": [
    0.17549364268779755,
    -0.8630937933921814,
    0.0
  ],
  "tangential_distortion": [
    -0.006523536052554846,
    0.004955862183123827
  ],
  "image_size": [
    1072,
    1920
  ]
}