{
  "orientation": [
    [
      0.9146811366081238,
      -0.23919734358787537,
      0.325795978307724
    ],
    [
      0.28829309344291687,
      0.9510728716850281,
      -0.11111903935670853
    ],
    [
      -0.28327634930610657,
      0.19556322693824768,
      0.9388874173164368
    ]
  ],
  "position": [
    3.7463579177856445,
    -2.253153085708618,
    1.279283881187439
  ],
  "focal_length": 2892.91357421875,
  "principal_point": [
    696.362060546875,
    982.3938598632812
  ],
  "skew": 0.0,
  "pixel_aspect_ratio": 1.0120645761489868,
  "radial_distortion": [
    0.17549364268779755,
    -0.8630937933921814,
    0.0
  ],
  "tangential_distortion": [
    -0.006523536052554846,
    0.004955862183123827
  ],
  "image_size": [
    1072,
    1920
  ]
}