{
  "orientation": [
    [
      0.9977907538414001,
      -0.04286066070199013,
      0.05075941979885101
    ],
    [
      0.0481991283595562,
      0.9928613305091858,
      -0.10910197347402573
    ],
    [
      -0.04572088271379471,
      0.11130750179290771,
      0.9927337169647217
    ]
  ],
  "position": [
    0.0627630352973938,
    -1.1959397792816162,
    -0.5844832062721252
  ],
  "focal_length": 2892.91357421875,
  "principal_point": [
    696.362060546875,
    982.3938598632812
  ],
  "skew": 0.0,
  "pixel_aspect_ratio": 1.0120645761489868,
  "radial_distortion": [
    0.17549364268779755,
    -0.8630937933921814,
    0.0
  ],
  "tangential_distortion": [
    -0.006523536052554846,
    0.004955862183123827
  ],
  "image_size": [
    1072,
    1920
  ]
}