{
  "orientation": [
    [
      0.8599665760993958,
      -0.2984961271286011,
      0.4139535427093506
    ],
    [
      0.3390290439128876,
      0.9404110908508301,
      -0.026197586208581924
    ],
    [
      -0.3814666271209717,
      0.1628713309764862,
      0.9099209308624268
    ]
  ],
  "position": [
    5.9906721115112305,
    -1.880138635635376,
    2.62632417678833
  ],
  "focal_length": 2892.91357421875,
  "principal_point": [
    696.362060546875,
    982.3938598632812
  ],
  "skew": 0.0,
  "pixel_aspect_ratio": 1.0120645761489868,
  "radial_distortion": [
    0.17549364268779755,
    -0.8630937933921814,
    0.0
  ],
  "tangential_distortion": [
    -0.006523536052554846,
    0.004955862183123827
  ],
  "image_size": [
    1072,
    1920
  ]
}