{
  "orientation": [
    [
      0.9505037665367126,
      -0.17992787063121796,
      0.2533150613307953
    ],
    [
      0.1967342495918274,
      0.9795379042625427,
      -0.04243914410471916
    ],
    [
      -0.2404957264661789,
      0.09017431735992432,
      0.9664524793624878
    ]
  ],
  "position": [
    4.478784084320068,
    0.762708306312561,
    0.383534699678421
  ],
  "focal_length": 2892.91357421875,
  "principal_point": [
    696.362060546875,
    982.3938598632812
  ],
  "skew": 0.0,
  "pixel_aspect_ratio": 1.0120645761489868,
  "radial_distortion": [
    0.17549364268779755,
    -0.8630937933921814,
    0.0
  ],
  "tangential_distortion": [
    -0.006523536052554846,
    0.004955862183123827
  ],
  "image_size": [
    1072,
    1920
  ]
}