{
  "orientation": [
    [
      0.999725341796875,
      0.021256711333990097,
      -0.00987145584076643
    ],
    [
      -0.020668715238571167,
      0.9982017278671265,
      0.056268177926540375
    ],
    [
      0.011049780994653702,
      -0.056048694998025894,
      0.9983668923377991
    ]
  ],
  "position": [
    -0.2768268287181854,
    2.0499703884124756,
    -0.22047311067581177
  ],
  "focal_length": 2892.91357421875,
  "principal_point": [
    696.362060546875,
    982.3938598632812
  ],
  "skew": 0.0,
  "pixel_aspect_ratio": 1.0120645761489868,
  "radial_distortion": [
    0.17549364268779755,
    -0.8630937933921814,
    0.0
  ],
  "tangential_distortion": [
    -0.006523536052554846,
    0.004955862183123827
  ],
  "image_size": [
    1072,
    1920
  ]
}