{
  "orientation": [
    [
      0.9838213324546814,
      0.12551158666610718,
      -0.12783730030059814
    ],
    [
      -0.12783627212047577,
      0.9917437434196472,
      -0.010112283751368523
    ],
    [
      0.12551262974739075,
      0.026290925219655037,
      0.9917436242103577
    ]
  ],
  "position": [
    -2.298409938812256,
    1.1505602598190308,
    -1.0326205492019653
  ],
  "focal_length": 2892.91357421875,
  "principal_point": [
    696.362060546875,
    982.3938598632812
  ],
  "skew": 0.0,
  "pixel_aspect_ratio": 1.0120645761489868,
  "radial_distortion": [
    0.17549364268779755,
    -0.8630937933921814,
    0.0
  ],
  "tangential_distortion": [
    -0.006523536052554846,
    0.004955862183123827
  ],
  "image_size": [
    1072,
    1920
  ]
}