{
  "orientation": [
    [
      0.886458158493042,
      -0.2601039409637451,
      0.3828026056289673
    ],
    [
      0.2793545424938202,
      0.9601722359657288,
      0.005507941357791424
    ],
    [
      -0.36898908019065857,
      0.10205508768558502,
      0.9238137602806091
    ]
  ],
  "position": [
    5.815925121307373,
    0.18285121023654938,
    1.6811561584472656
  ],
  "focal_length": 2892.91357421875,
  "principal_point": [
    696.362060546875,
    982.3938598632812
  ],
  "skew": 0.0,
  "pixel_aspect_ratio": 1.0120645761489868,
  "radial_distortion": [
    0.17549364268779755,
    -0.8630937933921814,
    0.0
  ],
  "tangential_distortion": [
    -0.006523536052554846,
    0.004955862183123827
  ],
  "image_size": [
    1072,
    1920
  ]
}