{
  "orientation": [
    [
      0.9992859959602356,
      0.028175823390483856,
      -0.025171596556901932
    ],
    [
      -0.026608167216181755,
      0.997808575630188,
      0.060580600053071976
    ],
    [
      0.026823343709111214,
      -0.05986757576465607,
      0.9978458881378174
    ]
  ],
  "position": [
    -0.9532783031463623,
    2.61578106880188,
    -0.8826456665992737
  ],
  "focal_length": 2892.91357421875,
  "principal_point": [
    696.362060546875,
    982.3938598632812
  ],
  "skew": 0.0,
  "pixel_aspect_ratio": 1.0120645761489868,
  "radial_distortion": [
    0.17549364268779755,
    -0.8630937933921814,
    0.0
  ],
  "tangential_distortion": [
    -0.006523536052554846,
    0.004955862183123827
  ],
  "image_size": [
    1072,
    1920
  ]
}