{
  "orientation": [
    [
      0.9304602146148682,
      -0.183450847864151,
      0.31715863943099976
    ],
    [
      0.2213718295097351,
      0.9712414741516113,
      -0.0876615047454834
    ],
    [
      -0.2919560372829437,
      0.151775524020195,
      0.9443123936653137
    ]
  ],
  "position": [
    4.0120954513549805,
    -2.108985185623169,
    0.2877846360206604
  ],
  "focal_length": 2892.91357421875,
  "principal_point": [
    696.362060546875,
    982.3938598632812
  ],
  "skew": 0.0,
  "pixel_aspect_ratio": 1.0120645761489868,
  "radial_distortion": [
    0.17549364268779755,
    -0.8630937933921814,
    0.0
  ],
  "tangential_distortion": [
    -0.006523536052554846,
    0.004955862183123827
  ],
  "image_size": [
    1072,
    1920
  ]
}