{
  "orientation": [
    [
      0.9944913387298584,
      0.049664206802845,
      -0.09230638295412064
    ],
    [
      -0.045764561742544174,
      0.9979873895645142,
      0.043895069509744644
    ],
    [
      0.09430062025785446,
      -0.03942890465259552,
      0.994762659072876
    ]
  ],
  "position": [
    -1.8298693895339966,
    1.6078307628631592,
    -1.0195972919464111
  ],
  "focal_length": 2892.91357421875,
  "principal_point": [
    696.362060546875,
    982.3938598632812
  ],
  "skew": 0.0,
  "pixel_aspect_ratio": 1.0120645761489868,
  "radial_distortion": [
    0.17549364268779755,
    -0.8630937933921814,
    0.0
  ],
  "tangential_distortion": [
    -0.006523536052554846,
    0.004955862183123827
  ],
  "image_size": [
    1072,
    1920
  ]
}