{
  "orientation": [
    [
      0.880936861038208,
      -0.2903985381126404,
      0.3736562430858612
    ],
    [
      0.31046822667121887,
      0.9505594968795776,
      0.006792846135795116
    ],
    [
      -0.35715511441230774,
      0.11002431809902191,
      0.9275423884391785
    ]
  ],
  "position": [
    4.9684834480285645,
    0.1241774782538414,
    1.9689091444015503
  ],
  "focal_length": 2892.91357421875,
  "principal_point": [
    696.362060546875,
    982.3938598632812
  ],
  "skew": 0.0,
  "pixel_aspect_ratio": 1.0120645761489868,
  "radial_distortion": [
    0.17549364268779755,
    -0.8630937933921814,
    0.0
  ],
  "tangential_distortion": [
    -0.006523536052554846,
    0.004955862183123827
  ],
  "image_size": [
    1072,
    1920
  ]
}