{
  "orientation": [
    [
      0.9744776487350464,
      -0.14617516100406647,
      0.1703704297542572
    ],
    [
      0.1657174974679947,
      0.9803828001022339,
      -0.10671092569828033
    ],
    [
      -0.15142975747585297,
      0.1322207748889923,
      0.9795849323272705
    ]
  ],
  "position": [
    1.8125150203704834,
    -1.9864197969436646,
    0.10264333337545395
  ],
  "focal_length": 2892.91357421875,
  "principal_point": [
    696.362060546875,
    982.3938598632812
  ],
  "skew": 0.0,
  "pixel_aspect_ratio": 1.0120645761489868,
  "radial_distortion": [
    0.17549364268779755,
    -0.8630937933921814,
    0.0
  ],
  "tangential_distortion": [
    -0.006523536052554846,
    0.004955862183123827
  ],
  "image_size": [
    1072,
    1920
  ]
}