{
  "orientation": [
    [
      0.9113367199897766,
      -0.27974358201026917,
      0.30200815200805664
    ],
    [
      0.30876559019088745,
      0.9497140645980835,
      -0.05202836915850639
    ],
    [
      -0.27226677536964417,
      0.14066508412361145,
      0.9518845081329346
    ]
  ],
  "position": [
    3.797982692718506,
    -1.5777311325073242,
    1.028422236442566
  ],
  "focal_length": 2892.91357421875,
  "principal_point": [
    696.362060546875,
    982.3938598632812
  ],
  "skew": 0.0,
  "pixel_aspect_ratio": 1.0120645761489868,
  "radial_distortion": [
    0.17549364268779755,
    -0.8630937933921814,
    0.0
  ],
  "tangential_distortion": [
    -0.006523536052554846,
    0.004955862183123827
  ],
  "image_size": [
    1072,
    1920
  ]
}