{
  "orientation": [
    [
      0.994030773639679,
      -0.05308016762137413,
      0.0953168123960495
    ],
    [
      0.04834571108222008,
      0.9975117444992065,
      0.05131273716688156
    ],
    [
      -0.09780332446098328,
      -0.046398282051086426,
      0.9941235780715942
    ]
  ],
  "position": [
    1.2912242412567139,
    2.610811710357666,
    -0.7667927145957947
  ],
  "focal_length": 2892.91357421875,
  "principal_point": [
    696.362060546875,
    982.3938598632812
  ],
  "skew": 0.0,
  "pixel_aspect_ratio": 1.0120645761489868,
  "radial_distortion": [
    0.17549364268779755,
    -0.8630937933921814,
    0.0
  ],
  "tangential_distortion": [
    -0.006523536052554846,
    0.004955862183123827
  ],
  "image_size": [
    1072,
    1920
  ]
}