{
  "orientation": [
    [
      0.9991436004638672,
      0.006752765271812677,
      0.04082290083169937
    ],
    [
      -0.0052817692048847675,
      0.9993366003036499,
      -0.03603466972708702
    ],
    [
      -0.041039153933525085,
      0.035788193345069885,
      0.9985163807868958
    ]
  ],
  "position": [
    0.701819896697998,
    2.1462595462799072,
    -0.9688403010368347
  ],
  "focal_length": 2892.91357421875,
  "principal_point": [
    696.362060546875,
    982.3938598632812
  ],
  "skew": 0.0,
  "pixel_aspect_ratio": 1.0120645761489868,
  "radial_distortion": [
    0.17549364268779755,
    -0.8630937933921814,
    0.0
  ],
  "tangential_distortion": [
    -0.006523536052554846,
    0.004955862183123827
  ],
  "image_size": [
    1072,
    1920
  ]
}