{
  "orientation": [
    [
      0.8716998100280762,
      -0.29841727018356323,
      0.3886985182762146
    ],
    [
      0.322897732257843,
      0.9464306235313416,
      0.002473262371495366
    ],
    [
      -0.36861422657966614,
      0.12335392087697983,
      0.9213616847991943
    ]
  ],
  "position": [
    5.106053352355957,
    -0.16660669445991516,
    1.9483245611190796
  ],
  "focal_length": 2892.91357421875,
  "principal_point": [
    696.362060546875,
    982.3938598632812
  ],
  "skew": 0.0,
  "pixel_aspect_ratio": 1.0120645761489868,
  "radial_distortion": [
    0.17549364268779755,
    -0.8630937933921814,
    0.0
  ],
  "tangential_distortion": [
    -0.006523536052554846,
    0.004955862183123827
  ],
  "image_size": [
    1072,
    1920
  ]
}