{
  "orientation": [
    [
      0.9821908473968506,
      -0.12582464516162872,
      0.1395324021577835
    ],
    [
      0.12140059471130371,
      0.9918048977851868,
      0.03981116786599159
    ],
    [
      -0.14339815080165863,
      -0.022162849083542824,
      0.9894168972969055
    ]
  ],
  "position": [
    2.448784589767456,
    1.5571305751800537,
    -0.22109097242355347
  ],
  "focal_length": 2892.91357421875,
  "principal_point": [
    696.362060546875,
    982.3938598632812
  ],
  "skew": 0.0,
  "pixel_aspect_ratio": 1.0120645761489868,
  "radial_distortion": [
    0.17549364268779755,
    -0.8630937933921814,
    0.0
  ],
  "tangential_distortion": [
    -0.006523536052554846,
    0.004955862183123827
  ],
  "image_size": [
    1072,
    1920
  ]
}