{
  "orientation": [
    [
      0.9894593358039856,
      -0.0923433005809784,
      0.11154773831367493
    ],
    [
      0.09416566044092178,
      0.9954938888549805,
      -0.011169280856847763
    ],
    [
      -0.1100136786699295,
      0.021555515006184578,
      0.9936963319778442
    ]
  ],
  "position": [
    1.1341421604156494,
    1.5943304300308228,
    0.21394959092140198
  ],
  "focal_length": 2892.91357421875,
  "principal_point": [
    696.362060546875,
    982.3938598632812
  ],
  "skew": 0.0,
  "pixel_aspect_ratio": 1.0120645761489868,
  "radial_distortion": [
    0.17549364268779755,
    -0.8630937933921814,
    0.0
  ],
  "tangential_distortion": [
    -0.006523536052554846,
    0.004955862183123827
  ],
  "image_size": [
    1072,
    1920
  ]
}