{
  "orientation": [
    [
      0.9944745302200317,
      0.04751722514629364,
      -0.09360864013433456
    ],
    [
      -0.04453309252858162,
      0.998438835144043,
      0.033715032041072845
    ],
    [
      0.09506454318761826,
      -0.029360057786107063,
      0.9950380325317383
    ]
  ],
  "position": [
    -1.8522522449493408,
    1.1297367811203003,
    -1.100997805595398
  ],
  "focal_length": 2892.91357421875,
  "principal_point": [
    696.362060546875,
    982.3938598632812
  ],
  "skew": 0.0,
  "pixel_aspect_ratio": 1.0120645761489868,
  "radial_distortion": [
    0.17549364268779755,
    -0.8630937933921814,
    0.0
  ],
  "tangential_distortion": [
    -0.006523536052554846,
    0.004955862183123827
  ],
  "image_size": [
    1072,
    1920
  ]
}