{
  "orientation": [
    [
      0.9119319319725037,
      -0.2296503633260727,
      0.3400600552558899
    ],
    [
      0.23729723691940308,
      0.9712404608726501,
      0.019545910879969597
    ],
    [
      -0.33476880192756653,
      0.06287077069282532,
      0.9402005672454834
    ]
  ],
  "position": [
    5.406220436096191,
    0.7835394740104675,
    1.146360158920288
  ],
  "focal_length": 2892.91357421875,
  "principal_point": [
    696.362060546875,
    982.3938598632812
  ],
  "skew": 0.0,
  "pixel_aspect_ratio": 1.0120645761489868,
  "radial_distortion": [
    0.17549364268779755,
    -0.8630937933921814,
    0.0
  ],
  "tangential_distortion": [
    -0.006523536052554846,
    0.004955862183123827
  ],
  "image_size": [
    1072,
    1920
  ]
}