{
  "orientation": [
    [
      0.9929390549659729,
      -0.06562478840351105,
      0.09882037341594696
    ],
    [
      0.0656060203909874,
      0.9978396892547607,
      0.003442978486418724
    ],
    [
      -0.09883283078670502,
      0.0030645437072962523,
      0.9950993061065674
    ]
  ],
  "position": [
    1.0943773984909058,
    1.7138350009918213,
    0.02616339921951294
  ],
  "focal_length": 2892.91357421875,
  "principal_point": [
    696.362060546875,
    982.3938598632812
  ],
  "skew": 0.0,
  "pixel_aspect_ratio": 1.0120645761489868,
  "radial_distortion": [
    0.17549364268779755,
    -0.8630937933921814,
    0.0
  ],
  "tangential_distortion": [
    -0.006523536052554846,
    0.004955862183123827
  ],
  "image_size": [
    1072,
    1920
  ]
}