{
  "orientation": [
    [
      0.995412290096283,
      0.03331609442830086,
      -0.08969059586524963
    ],
    [
      -0.03336254879832268,
      0.9994428157806396,
      0.000981590710580349
    ],
    [
      0.08967332541942596,
      0.002015219535678625,
      0.9959691762924194
    ]
  ],
  "position": [
    -1.6148241758346558,
    0.2465878427028656,
    -1.2740169763565063
  ],
  "focal_length": 2892.91357421875,
  "principal_point": [
    696.362060546875,
    982.3938598632812
  ],
  "skew": 0.0,
  "pixel_aspect_ratio": 1.0120645761489868,
  "radial_distortion": [
    0.17549364268779755,
    -0.8630937933921814,
    0.0
  ],
  "tangential_distortion": [
    -0.006523536052554846,
    0.004955862183123827
  ],
  "image_size": [
    1072,
    1920
  ]
}