{
  "orientation": [
    [
      0.9777401089668274,
      -0.1079736277461052,
      0.17990557849407196
    ],
    [
      0.13351312279701233,
      0.9816043376922607,
      -0.13648134469985962
    ],
    [
      -0.16185972094535828,
      0.15746304392814636,
      0.9741697907447815
    ]
  ],
  "position": [
    1.7200982570648193,
    -1.8079216480255127,
    -0.07059153914451599
  ],
  "focal_length": 2892.91357421875,
  "principal_point": [
    696.362060546875,
    982.3938598632812
  ],
  "skew": 0.0,
  "pixel_aspect_ratio": 1.0120645761489868,
  "radial_distortion": [
    0.17549364268779755,
    -0.8630937933921814,
    0.0
  ],
  "tangential_distortion": [
    -0.006523536052554846,
    0.004955862183123827
  ],
  "image_size": [
    1072,
    1920
  ]
}