{
  "orientation": [
    [
      0.9944115877151489,
      0.03982996940612793,
      -0.09777112305164337
    ],
    [
      -0.038176700472831726,
      0.9990955591201782,
      0.018723243847489357
    ],
    [
      0.09842844307422638,
      -0.014886031858623028,
      0.995032787322998
    ]
  ],
  "position": [
    -1.7777448892593384,
    0.635282576084137,
    -1.2041219472885132
  ],
  "focal_length": 2892.91357421875,
  "principal_point": [
    696.362060546875,
    982.3938598632812
  ],
  "skew": 0.0,
  "pixel_aspect_ratio": 1.0120645761489868,
  "radial_distortion": [
    0.17549364268779755,
    -0.8630937933921814,
    0.0
  ],
  "tangential_distortion": [
    -0.006523536052554846,
    0.004955862183123827
  ],
  "image_size": [
    1072,
    1920
  ]
}