{
  "orientation": [
    [
      0.982293426990509,
      -0.12456319481134415,
      0.13994169235229492
    ],
    [
      0.12029705196619034,
      0.9919881820678711,
      0.038574766367673874
    ],
    [
      -0.14362549781799316,
      -0.021057168021798134,
      0.9894080758094788
    ]
  ],
  "position": [
    2.4554834365844727,
    1.5565946102142334,
    -0.20857596397399902
  ],
  "focal_length": 2892.91357421875,
  "principal_point": [
    696.362060546875,
    982.3938598632812
  ],
  "skew": 0.0,
  "pixel_aspect_ratio": 1.0120645761489868,
  "radial_distortion": [
    0.17549364268779755,
    -0.8630937933921814,
    0.0
  ],
  "tangential_distortion": [
    -0.006523536052554846,
    0.004955862183123827
  ],
  "image_size": [
    1072,
    1920
  ]
}