{
  "orientation": [
    [
      0.8998721241950989,
      -0.24635328352451324,
      0.35991689562797546
    ],
    [
      0.2671750485897064,
      0.9636111259460449,
      -0.008431389927864075
    ],
    [
      -0.3447428345680237,
      0.10374797880649567,
      0.9329462647438049
    ]
  ],
  "position": [
    5.639991283416748,
    0.9769373536109924,
    1.8812137842178345
  ],
  "focal_length": 2892.91357421875,
  "principal_point": [
    696.362060546875,
    982.3938598632812
  ],
  "skew": 0.0,
  "pixel_aspect_ratio": 1.0120645761489868,
  "radial_distortion": [
    0.17549364268779755,
    -0.8630937933921814,
    0.0
  ],
  "tangential_distortion": [
    -0.006523536052554846,
    0.004955862183123827
  ],
  "image_size": [
    1072,
    1920
  ]
}