{
  "orientation": [
    [
      0.9768698215484619,
      -0.13501794636249542,
      0.16581760346889496
    ],
    [
      0.1390450894832611,
      0.9902024269104004,
      -0.012868659570813179
    ],
    [
      -0.1624554991722107,
      0.035627130419015884,
      0.9860724806785583
    ]
  ],
  "position": [
    1.9522782564163208,
    1.5163218975067139,
    0.5787320733070374
  ],
  "focal_length": 2892.91357421875,
  "principal_point": [
    696.362060546875,
    982.3938598632812
  ],
  "skew": 0.0,
  "pixel_aspect_ratio": 1.0120645761489868,
  "radial_distortion": [
    0.17549364268779755,
    -0.8630937933921814,
    0.0
  ],
  "tangential_distortion": [
    -0.006523536052554846,
    0.004955862183123827
  ],
  "image_size": [
    1072,
    1920
  ]
}