{
  "orientation": [
    [
      0.9875715374946594,
      -0.03175535798072815,
      0.15392860770225525
    ],
    [
      0.0365968756377697,
      0.998917281627655,
      -0.028721492737531662
    ],
    [
      -0.15284988284111023,
      0.03399783745408058,
      0.9876644611358643
    ]
  ],
  "position": [
    1.24802827835083,
    0.697261393070221,
    -0.4913753867149353
  ],
  "focal_length": 2892.91357421875,
  "principal_point": [
    696.362060546875,
    982.3938598632812
  ],
  "skew": 0.0,
  "pixel_aspect_ratio": 1.0120645761489868,
  "radial_distortion": [
    0.17549364268779755,
    -0.8630937933921814,
    0.0
  ],
  "tangential_distortion": [
    -0.006523536052554846,
    0.004955862183123827
  ],
  "image_size": [
    1072,
    1920
  ]
}