{
  "orientation": [
    [
      0.9744634032249451,
      -0.14171500504016876,
      0.17417797446250916
    ],
    [
      0.1730974167585373,
      0.968190610408783,
      -0.18067699670791626
    ],
    [
      -0.14303284883499146,
      0.2062128782272339,
      0.9679968357086182
    ]
  ],
  "position": [
    2.6989500522613525,
    -2.6069953441619873,
    -0.19564704596996307
  ],
  "focal_length": 2892.91357421875,
  "principal_point": [
    696.362060546875,
    982.3938598632812
  ],
  "skew": 0.0,
  "pixel_aspect_ratio": 1.0120645761489868,
  "radial_distortion": [
    0.17549364268779755,
    -0.8630937933921814,
    0.0
  ],
  "tangential_distortion": [
    -0.006523536052554846,
    0.004955862183123827
  ],
  "image_size": [
    1072,
    1920
  ]
}