{
  "orientation": [
    [
      0.8663369417190552,
      -0.30024290084838867,
      0.39914214611053467
    ],
    [
      0.3341713845729828,
      0.9423688054084778,
      -0.01644899509847164
    ],
    [
      -0.37120041251182556,
      0.14763225615024567,
      0.9167414903640747
    ]
  ],
  "position": [
    5.145876884460449,
    -0.8716686964035034,
    1.809022307395935
  ],
  "focal_length": 2892.91357421875,
  "principal_point": [
    696.362060546875,
    982.3938598632812
  ],
  "skew": 0.0,
  "pixel_aspect_ratio": 1.0120645761489868,
  "radial_distortion": [
    0.17549364268779755,
    -0.8630937933921814,
    0.0
  ],
  "tangential_distortion": [
    -0.006523536052554846,
    0.004955862183123827
  ],
  "image_size": [
    1072,
    1920
  ]
}