{
  "orientation": [
    [
      0.8655441999435425,
      -0.30421632528305054,
      0.3978513181209564
    ],
    [
      0.3332860469818115,
      0.9428166151046753,
      -0.004156386014074087
    ],
    [
      -0.3738363981246948,
      0.1361958384513855,
      0.9174404740333557
    ]
  ],
  "position": [
    5.126463890075684,
    -0.47122272849082947,
    1.8614962100982666
  ],
  "focal_length": 2892.91357421875,
  "principal_point": [
    696.362060546875,
    982.3938598632812
  ],
  "skew": 0.0,
  "pixel_aspect_ratio": 1.0120645761489868,
  "radial_distortion": [
    0.17549364268779755,
    -0.8630937933921814,
    0.0
  ],
  "tangential_distortion": [
    -0.006523536052554846,
    0.004955862183123827
  ],
  "image_size": [
    1072,
    1920
  ]
}