{
  "orientation": [
    [
      0.9723494052886963,
      -0.13717450201511383,
      0.18899691104888916
    ],
    [
      0.16410531103610992,
      0.9771521091461182,
      -0.13506755232810974
    ],
    [
      -0.16615089774131775,
      0.16234825551509857,
      0.9726442694664001
    ]
  ],
  "position": [
    2.1859776973724365,
    -2.2023229598999023,
    0.733774721622467
  ],
  "focal_length": 2892.91357421875,
  "principal_point": [
    696.362060546875,
    982.3938598632812
  ],
  "skew": 0.0,
  "pixel_aspect_ratio": 1.0120645761489868,
  "radial_distortion": [
    0.17549364268779755,
    -0.8630937933921814,
    0.0
  ],
  "tangential_distortion": [
    -0.006523536052554846,
    0.004955862183123827
  ],
  "image_size": [
    1072,
    1920
  ]
}