{
  "orientation": [
    [
      0.9996216893196106,
      -0.015919335186481476,
      0.02242843061685562
    ],
    [
      0.014904176816344261,
      0.9988881945610046,
      0.044724348932504654
    ],
    [
      -0.023115476593375206,
      -0.044373154640197754,
      0.9987475872039795
    ]
  ],
  "position": [
    0.45842626690864563,
    2.001096725463867,
    0.003990056924521923
  ],
  "focal_length": 2892.91357421875,
  "principal_point": [
    696.362060546875,
    982.3938598632812
  ],
  "skew": 0.0,
  "pixel_aspect_ratio": 1.0120645761489868,
  "radial_distortion": [
    0.17549364268779755,
    -0.8630937933921814,
    0.0
  ],
  "tangential_distortion": [
    -0.006523536052554846,
    0.004955862183123827
  ],
  "image_size": [
    1072,
    1920
  ]
}