{
  "orientation": [
    [
      0.9958907961845398,
      0.061705514788627625,
      -0.06628715246915817
    ],
    [
      -0.06799225509166718,
      0.992939829826355,
      -0.09719828516244888
    ],
    [
      0.0598214827477932,
      0.10130588710308075,
      0.9930551648139954
    ]
  ],
  "position": [
    -0.868274986743927,
    -0.2987229824066162,
    -1.226661205291748
  ],
  "focal_length": 2892.91357421875,
  "principal_point": [
    696.362060546875,
    982.3938598632812
  ],
  "skew": 0.0,
  "pixel_aspect_ratio": 1.0120645761489868,
  "radial_distortion": [
    0.17549364268779755,
    -0.8630937933921814,
    0.0
  ],
  "tangential_distortion": [
    -0.006523536052554846,
    0.004955862183123827
  ],
  "image_size": [
    1072,
    1920
  ]
}