{
  "orientation": [
    [
      0.9806920289993286,
      -0.021493930369615555,
      0.19437362253665924
    ],
    [
      0.03896448016166687,
      0.9954887628555298,
      -0.08650963008403778
    ],
    [
      -0.191637322306633,
      0.09241297096014023,
      0.9771053791046143
    ]
  ],
  "position": [
    1.5240837335586548,
    -1.1416192054748535,
    -0.3542848229408264
  ],
  "focal_length": 2892.91357421875,
  "principal_point": [
    696.362060546875,
    982.3938598632812
  ],
  "skew": 0.0,
  "pixel_aspect_ratio": 1.0120645761489868,
  "radial_distortion": [
    0.17549364268779755,
    -0.8630937933921814,
    0.0
  ],
  "tangential_distortion": [
    -0.006523536052554846,
    0.004955862183123827
  ],
  "image_size": [
    1072,
    1920
  ]
}