{
  "orientation": [
    [
      0.9862851500511169,
      -0.09422200918197632,
      0.13551312685012817
    ],
    [
      0.09941807389259338,
      0.9945282936096191,
      -0.03208630532026291
    ],
    [
      -0.13174840807914734,
      0.045118700712919235,
      0.9902558326721191
    ]
  ],
  "position": [
    2.2910940647125244,
    1.8534717559814453,
    -0.6988345384597778
  ],
  "focal_length": 2892.91357421875,
  "principal_point": [
    696.362060546875,
    982.3938598632812
  ],
  "skew": 0.0,
  "pixel_aspect_ratio": 1.0120645761489868,
  "radial_distortion": [
    0.17549364268779755,
    -0.8630937933921814,
    0.0
  ],
  "tangential_distortion": [
    -0.006523536052554846,
    0.004955862183123827
  ],
  "image_size": [
    1072,
    1920
  ]
}