{
  "orientation": [
    [
      0.9499121308326721,
      -0.1889742910861969,
      0.24890895187854767
    ],
    [
      0.22779481112957,
      0.9639531970024109,
      -0.13749073445796967
    ],
    [
      -0.2139543741941452,
      0.1873042732477188,
      0.9587182402610779
    ]
  ],
  "position": [
    2.8493998050689697,
    -2.385542631149292,
    0.9671126008033752
  ],
  "focal_length": 2892.91357421875,
  "principal_point": [
    696.362060546875,
    982.3938598632812
  ],
  "skew": 0.0,
  "pixel_aspect_ratio": 1.0120645761489868,
  "radial_distortion": [
    0.17549364268779755,
    -0.8630937933921814,
    0.0
  ],
  "tangential_distortion": [
    -0.006523536052554846,
    0.004955862183123827
  ],
  "image_size": [
    1072,
    1920
  ]
}