{
  "orientation": [
    [
      0.992769181728363,
      0.09505779296159744,
      -0.07330299913883209
    ],
    [
      -0.10349182784557343,
      0.9871856570243835,
      -0.12146589905023575
    ],
    [
      0.06081738322973251,
      0.12817387282848358,
      0.9898852109909058
    ]
  ],
  "position": [
    -1.0362052917480469,
    -0.05739445611834526,
    -0.9690817594528198
  ],
  "focal_length": 2892.91357421875,
  "principal_point": [
    696.362060546875,
    982.3938598632812
  ],
  "skew": 0.0,
  "pixel_aspect_ratio": 1.0120645761489868,
  "radial_distortion": [
    0.17549364268779755,
    -0.8630937933921814,
    0.0
  ],
  "tangential_distortion": [
    -0.006523536052554846,
    0.004955862183123827
  ],
  "image_size": [
    1072,
    1920
  ]
}