{
  "orientation": [
    [
      0.9999891519546509,
      0.0029789633117616177,
      0.003581263590604067
    ],
    [
      -0.0032086463179439306,
      0.9978184700012207,
      0.06593955308198929
    ],
    [
      -0.003377019427716732,
      -0.06595032662153244,
      0.9978172183036804
    ]
  ],
  "position": [
    -0.3335196077823639,
    2.6738569736480713,
    -0.8832452893257141
  ],
  "focal_length": 2892.91357421875,
  "principal_point": [
    696.362060546875,
    982.3938598632812
  ],
  "skew": 0.0,
  "pixel_aspect_ratio": 1.0120645761489868,
  "radial_distortion": [
    0.17549364268779755,
    -0.8630937933921814,
    0.0
  ],
  "tangential_distortion": [
    -0.006523536052554846,
    0.004955862183123827
  ],
  "image_size": [
    1072,
    1920
  ]
}