{
  "orientation": [
    [
      0.9995408654212952,
      0.024071307852864265,
      -0.01840326003730297
    ],
    [
      -0.025860855355858803,
      0.9942254424095154,
      -0.10414861887693405
    ],
    [
      0.015789994969964027,
      0.1045767217874527,
      0.9943914413452148
    ]
  ],
  "position": [
    -0.358737587928772,
    -0.6488898992538452,
    -1.1754252910614014
  ],
  "focal_length": 2892.91357421875,
  "principal_point": [
    696.362060546875,
    982.3938598632812
  ],
  "skew": 0.0,
  "pixel_aspect_ratio": 1.0120645761489868,
  "radial_distortion": [
    0.17549364268779755,
    -0.8630937933921814,
    0.0
  ],
  "tangential_distortion": [
    -0.006523536052554846,
    0.004955862183123827
  ],
  "image_size": [
    1072,
    1920
  ]
}