{
  "orientation": [
    [
      0.8713160753250122,
      -0.280389666557312,
      0.4027281701564789
    ],
    [
      0.3018035590648651,
      0.9533094763755798,
      0.010756179690361023
    ],
    [
      -0.38694050908088684,
      0.11217276751995087,
      0.9152564406394958
    ]
  ],
  "position": [
    6.044803142547607,
    -0.6037225723266602,
    2.0049407482147217
  ],
  "focal_length": 2892.91357421875,
  "principal_point": [
    696.362060546875,
    982.3938598632812
  ],
  "skew": 0.0,
  "pixel_aspect_ratio": 1.0120645761489868,
  "radial_distortion": [
    0.17549364268779755,
    -0.8630937933921814,
    0.0
  ],
  "tangential_distortion": [
    -0.006523536052554846,
    0.004955862183123827
  ],
  "image_size": [
    1072,
    1920
  ]
}