{
  "orientation": [
    [
      0.9310446381568909,
      -0.22778348624706268,
      0.2850799262523651
    ],
    [
      0.26418939232826233,
      0.9596793055534363,
      -0.09601879119873047
    ],
    [
      -0.2517138123512268,
      0.16471287608146667,
      0.9536822438240051
    ]
  ],
  "position": [
    3.321760654449463,
    -2.1878466606140137,
    1.5511442422866821
  ],
  "focal_length": 2892.91357421875,
  "principal_point": [
    696.362060546875,
    982.3938598632812
  ],
  "skew": 0.0,
  "pixel_aspect_ratio": 1.0120645761489868,
  "radial_distortion": [
    0.17549364268779755,
    -0.8630937933921814,
    0.0
  ],
  "tangential_distortion": [
    -0.006523536052554846,
    0.004955862183123827
  ],
  "image_size": [
    1072,
    1920
  ]
}