{
  "orientation": [
    [
      0.958497166633606,
      -0.17540201544761658,
      0.22476060688495636
    ],
    [
      0.18339067697525024,
      0.9829255938529968,
      -0.01500399224460125
    ],
    [
      -0.21829122304916382,
      0.05560028553009033,
      0.9742984771728516
    ]
  ],
  "position": [
    2.7976062297821045,
    1.3946257829666138,
    1.0233737230300903
  ],
  "focal_length": 2892.91357421875,
  "principal_point": [
    696.362060546875,
    982.3938598632812
  ],
  "skew": 0.0,
  "pixel_aspect_ratio": 1.0120645761489868,
  "radial_distortion": [
    0.17549364268779755,
    -0.8630937933921814,
    0.0
  ],
  "tangential_distortion": [
    -0.006523536052554846,
    0.004955862183123827
  ],
  "image_size": [
    1072,
    1920
  ]
}