{
  "orientation": [
    [
      0.9954185485839844,
      0.050156835466623306,
      -0.08140131086111069
    ],
    [
      -0.045584842562675476,
      0.9973280429840088,
      0.057085368782281876
    ],
    [
      0.08404703438282013,
      -0.053113169968128204,
      0.9950452446937561
    ]
  ],
  "position": [
    -1.6302804946899414,
    2.0130631923675537,
    -1.009787678718567
  ],
  "focal_length": 2892.91357421875,
  "principal_point": [
    696.362060546875,
    982.3938598632812
  ],
  "skew": 0.0,
  "pixel_aspect_ratio": 1.0120645761489868,
  "radial_distortion": [
    0.17549364268779755,
    -0.8630937933921814,
    0.0
  ],
  "tangential_distortion": [
    -0.006523536052554846,
    0.004955862183123827
  ],
  "image_size": [
    1072,
    1920
  ]
}