{
  "orientation": [
    [
      0.99467933177948,
      -0.0442684032022953,
      0.09302358329296112
    ],
    [
      0.047457680106163025,
      0.9983490705490112,
      -0.032355811446905136
    ],
    [
      -0.09143766760826111,
      0.036598339676856995,
      0.9951380491256714
    ]
  ],
  "position": [
    1.523459553718567,
    2.0833427906036377,
    -0.841139018535614
  ],
  "focal_length": 2892.91357421875,
  "principal_point": [
    696.362060546875,
    982.3938598632812
  ],
  "skew": 0.0,
  "pixel_aspect_ratio": 1.0120645761489868,
  "radial_distortion": [
    0.17549364268779755,
    -0.8630937933921814,
    0.0
  ],
  "tangential_distortion": [
    -0.006523536052554846,
    0.004955862183123827
  ],
  "image_size": [
    1072,
    1920
  ]
}