{
  "orientation": [
    [
      0.996069610118866,
      0.0737156867980957,
      -0.04910493642091751
    ],
    [
      -0.07790348678827286,
      0.9929195642471313,
      -0.08967619389295578
    ],
    [
      0.0421467088162899,
      0.09314917773008347,
      0.994759738445282
    ]
  ],
  "position": [
    -1.1892317533493042,
    -0.8528124094009399,
    -0.9212832450866699
  ],
  "focal_length": 2892.91357421875,
  "principal_point": [
    696.362060546875,
    982.3938598632812
  ],
  "skew": 0.0,
  "pixel_aspect_ratio": 1.0120645761489868,
  "radial_distortion": [
    0.17549364268779755,
    -0.8630937933921814,
    0.0
  ],
  "tangential_distortion": [
    -0.006523536052554846,
    0.004955862183123827
  ],
  "image_size": [
    1072,
    1920
  ]
}