{
  "orientation": [
    [
      0.9977195858955383,
      -0.04334235563874245,
      0.051740020513534546
    ],
    [
      0.04404028505086899,
      0.9989525079727173,
      -0.012425626628100872
    ],
    [
      -0.05114726349711418,
      0.014675936661660671,
      0.9985832571983337
    ]
  ],
  "position": [
    0.4286237359046936,
    1.5443167686462402,
    -0.0392414927482605
  ],
  "focal_length": 2892.91357421875,
  "principal_point": [
    696.362060546875,
    982.3938598632812
  ],
  "skew": 0.0,
  "pixel_aspect_ratio": 1.0120645761489868,
  "radial_distortion": [
    0.17549364268779755,
    -0.8630937933921814,
    0.0
  ],
  "tangential_distortion": [
    -0.006523536052554846,
    0.004955862183123827
  ],
  "image_size": [
    1072,
    1920
  ]
}