{
  "orientation": [
    [
      0.9038274884223938,
      -0.27088671922683716,
      0.3312343955039978
    ],
    [
      0.3015877604484558,
      0.9524211287498474,
      -0.04403255507349968
    ],
    [
      -0.3035467863082886,
      0.13969407975673676,
      0.9425204992294312
    ]
  ],
  "position": [
    3.5397589206695557,
    -1.6809828281402588,
    1.7863019704818726
  ],
  "focal_length": 2892.91357421875,
  "principal_point": [
    696.362060546875,
    982.3938598632812
  ],
  "skew": 0.0,
  "pixel_aspect_ratio": 1.0120645761489868,
  "radial_distortion": [
    0.17549364268779755,
    -0.8630937933921814,
    0.0
  ],
  "tangential_distortion": [
    -0.006523536052554846,
    0.004955862183123827
  ],
  "image_size": [
    1072,
    1920
  ]
}