{
  "orientation": [
    [
      0.9849474430084229,
      0.12517215311527252,
      -0.11920775473117828
    ],
    [
      -0.12557433545589447,
      0.992075502872467,
      0.004161646589636803
    ],
    [
      0.11878401041030884,
      0.010870431549847126,
      0.9928606152534485
    ]
  ],
  "position": [
    -2.1732089519500732,
    1.5457886457443237,
    -0.8561142683029175
  ],
  "focal_length": 2892.91357421875,
  "principal_point": [
    696.362060546875,
    982.3938598632812
  ],
  "skew": 0.0,
  "pixel_aspect_ratio": 1.0120645761489868,
  "radial_distortion": [
    0.17549364268779755,
    -0.8630937933921814,
    0.0
  ],
  "tangential_distortion": [
    -0.006523536052554846,
    0.004955862183123827
  ],
  "image_size": [
    1072,
    1920
  ]
}