{
  "orientation": [
    [
      0.8919259905815125,
      -0.26642781496047974,
      0.3653549551963806
    ],
    [
      0.3126923739910126,
      0.9470655918121338,
      -0.07273432612419128
    ],
    [
      -0.3266366422176361,
      0.179117351770401,
      0.9280223250389099
    ]
  ],
  "position": [
    4.39293098449707,
    -2.9830777645111084,
    1.736136555671692
  ],
  "focal_length": 2892.91357421875,
  "principal_point": [
    696.362060546875,
    982.3938598632812
  ],
  "skew": 0.0,
  "pixel_aspect_ratio": 1.0120645761489868,
  "radial_distortion": [
    0.17549364268779755,
    -0.8630937933921814,
    0.0
  ],
  "tangential_distortion": [
    -0.006523536052554846,
    0.004955862183123827
  ],
  "image_size": [
    1072,
    1920
  ]
}