{
  "orientation": [
    [
      0.9886146783828735,
      -0.08813441544771194,
      0.12195640802383423
    ],
    [
      0.08539503067731857,
      0.9959670305252075,
      0.027519606053829193
    ],
    [
      -0.1238899901509285,
      -0.0167918149381876,
      0.9921538829803467
    ]
  ],
  "position": [
    1.8531044721603394,
    1.7892223596572876,
    0.7419149875640869
  ],
  "focal_length": 2892.91357421875,
  "principal_point": [
    696.362060546875,
    982.3938598632812
  ],
  "skew": 0.0,
  "pixel_aspect_ratio": 1.0120645761489868,
  "radial_distortion": [
    0.17549364268779755,
    -0.8630937933921814,
    0.0
  ],
  "tangential_distortion": [
    -0.006523536052554846,
    0.004955862183123827
  ],
  "image_size": [
    1072,
    1920
  ]
}