{
  "orientation": [
    [
      0.9946529865264893,
      -0.04277322441339493,
      0.09399910271167755
    ],
    [
      0.05598549544811249,
      0.9881734848022461,
      -0.14275430142879486
    ],
    [
      -0.08678136020898819,
      0.14725357294082642,
      0.9852843880653381
    ]
  ],
  "position": [
    0.9147591590881348,
    -1.9439353942871094,
    -0.050602931529283524
  ],
  "focal_length": 2892.91357421875,
  "principal_point": [
    696.362060546875,
    982.3938598632812
  ],
  "skew": 0.0,
  "pixel_aspect_ratio": 1.0120645761489868,
  "radial_distortion": [
    0.17549364268779755,
    -0.8630937933921814,
    0.0
  ],
  "tangential_distortion": [
    -0.006523536052554846,
    0.004955862183123827
  ],
  "image_size": [
    1072,
    1920
  ]
}