{
  "orientation": [
    [
      0.9850149750709534,
      -0.09535960853099823,
      0.14370808005332947
    ],
    [
      0.11582917720079422,
      0.983130693435669,
      -0.14155443012714386
    ],
    [
      -0.12778525054454803,
      0.15607883036136627,
      0.9794439077377319
    ]
  ],
  "position": [
    1.596829891204834,
    -2.0798628330230713,
    0.36002886295318604
  ],
  "focal_length": 2892.91357421875,
  "principal_point": [
    696.362060546875,
    982.3938598632812
  ],
  "skew": 0.0,
  "pixel_aspect_ratio": 1.0120645761489868,
  "radial_distortion": [
    0.17549364268779755,
    -0.8630937933921814,
    0.0
  ],
  "tangential_distortion": [
    -0.006523536052554846,
    0.004955862183123827
  ],
  "image_size": [
    1072,
    1920
  ]
}