{
  "orientation": [
    [
      0.9201388359069824,
      -0.22867217659950256,
      0.31788915395736694
    ],
    [
      0.2775535583496094,
      0.9534987211227417,
      -0.11749117076396942
    ],
    [
      -0.27623993158340454,
      0.1963394582271576,
      0.940820038318634
    ]
  ],
  "position": [
    4.5617594718933105,
    -2.665799617767334,
    0.7982082962989807
  ],
  "focal_length": 2892.91357421875,
  "principal_point": [
    696.362060546875,
    982.3938598632812
  ],
  "skew": 0.0,
  "pixel_aspect_ratio": 1.0120645761489868,
  "radial_distortion": [
    0.17549364268779755,
    -0.8630937933921814,
    0.0
  ],
  "tangential_distortion": [
    -0.006523536052554846,
    0.004955862183123827
  ],
  "image_size": [
    1072,
    1920
  ]
}