{
  "orientation": [
    [
      0.9917929768562317,
      0.07740111649036407,
      -0.10176333785057068
    ],
    [
      -0.0830242708325386,
      0.9951779246330261,
      -0.05222911387681961
    ],
    [
      0.09723003208637238,
      0.060249295085668564,
      0.9934366345405579
    ]
  ],
  "position": [
    -1.389920949935913,
    0.020815059542655945,
    -1.2995330095291138
  ],
  "focal_length": 2892.91357421875,
  "principal_point": [
    696.362060546875,
    982.3938598632812
  ],
  "skew": 0.0,
  "pixel_aspect_ratio": 1.0120645761489868,
  "radial_distortion": [
    0.17549364268779755,
    -0.8630937933921814,
    0.0
  ],
  "tangential_distortion": [
    -0.006523536052554846,
    0.004955862183123827
  ],
  "image_size": [
    1072,
    1920
  ]
}