{
  "orientation": [
    [
      0.9486804604530334,
      -0.2093067467212677,
      0.23705704510211945
    ],
    [
      0.2398679256439209,
      0.9647684097290039,
      -0.10809838771820068
    ],
    [
      -0.2060794234275818,
      0.15941321849822998,
      0.9654629230499268
    ]
  ],
  "position": [
    2.98342227935791,
    -2.25614857673645,
    0.5467850565910339
  ],
  "focal_length": 2892.91357421875,
  "principal_point": [
    696.362060546875,
    982.3938598632812
  ],
  "skew": 0.0,
  "pixel_aspect_ratio": 1.0120645761489868,
  "radial_distortion": [
    0.17549364268779755,
    -0.8630937933921814,
    0.0
  ],
  "tangential_distortion": [
    -0.006523536052554846,
    0.004955862183123827
  ],
  "image_size": [
    1072,
    1920
  ]
}