{
  "orientation": [
    [
      0.9942334294319153,
      0.0761452168226242,
      -0.07551019638776779
    ],
    [
      -0.07696329802274704,
      0.9970020055770874,
      -0.007979793474078178
    ],
    [
      0.07467619329690933,
      0.013745292089879513,
      0.9971131086349487
    ]
  ],
  "position": [
    -1.681406021118164,
    1.5023002624511719,
    -0.8591802716255188
  ],
  "focal_length": 2892.91357421875,
  "principal_point": [
    696.362060546875,
    982.3938598632812
  ],
  "skew": 0.0,
  "pixel_aspect_ratio": 1.0120645761489868,
  "radial_distortion": [
    0.17549364268779755,
    -0.8630937933921814,
    0.0
  ],
  "tangential_distortion": [
    -0.006523536052554846,
    0.004955862183123827
  ],
  "image_size": [
    1072,
    1920
  ]
}