{
  "orientation": [
    [
      0.9977384805679321,
      0.013802075758576393,
      -0.06578347831964493
    ],
    [
      -0.015733374282717705,
      0.999457597732544,
      -0.02893133834004402
    ],
    [
      0.06534848362207413,
      0.02990090474486351,
      0.9974144101142883
    ]
  ],
  "position": [
    -1.3617048263549805,
    -0.17968744039535522,
    -1.2245436906814575
  ],
  "focal_length": 2892.91357421875,
  "principal_point": [
    696.362060546875,
    982.3938598632812
  ],
  "skew": 0.0,
  "pixel_aspect_ratio": 1.0120645761489868,
  "radial_distortion": [
    0.17549364268779755,
    -0.8630937933921814,
    0.0
  ],
  "tangential_distortion": [
    -0.006523536052554846,
    0.004955862183123827
  ],
  "image_size": [
    1072,
    1920
  ]
}