{
  "orientation": [
    [
      0.9867333173751831,
      -0.06403010338544846,
      0.14918950200080872
    ],
    [
      0.06669402867555618,
      0.9976898431777954,
      -0.012916731648147106
    ],
    [
      -0.1480177938938141,
      0.022695420309901237,
      0.9887242317199707
    ]
  ],
  "position": [
    1.5490233898162842,
    1.0355651378631592,
    -0.4331776201725006
  ],
  "focal_length": 2892.91357421875,
  "principal_point": [
    696.362060546875,
    982.3938598632812
  ],
  "skew": 0.0,
  "pixel_aspect_ratio": 1.0120645761489868,
  "radial_distortion": [
    0.17549364268779755,
    -0.8630937933921814,
    0.0
  ],
  "tangential_distortion": [
    -0.006523536052554846,
    0.004955862183123827
  ],
  "image_size": [
    1072,
    1920
  ]
}