{
  "orientation": [
    [
      0.9958909153938293,
      -0.052819546312093735,
      0.07356216013431549
    ],
    [
      0.0508388951420784,
      0.9982988834381104,
      0.02854321151971817
    ],
    [
      -0.07494466006755829,
      -0.02468610554933548,
      0.9968820810317993
    ]
  ],
  "position": [
    1.1909371614456177,
    1.9804584980010986,
    0.40742364525794983
  ],
  "focal_length": 2892.91357421875,
  "principal_point": [
    696.362060546875,
    982.3938598632812
  ],
  "skew": 0.0,
  "pixel_aspect_ratio": 1.0120645761489868,
  "radial_distortion": [
    0.17549364268779755,
    -0.8630937933921814,
    0.0
  ],
  "tangential_distortion": [
    -0.006523536052554846,
    0.004955862183123827
  ],
  "image_size": [
    1072,
    1920
  ]
}