{
  "scale": 0.04,
  "scene_to_metric": 0.04,
  "center": [
    -0.20456339587408967,
    2.975307196535715,
    14.245164434907721
  ],
  "near": 0.05758094633835777,
  "far": 1.1114725819057867
}