{
  "orientation": [
    [
      0.989281952381134,
      -0.1426759660243988,
      -0.03106009028851986
    ],
    [
      0.14319168031215668,
      0.9895804524421692,
      0.015054602175951004
    ],
    [
      0.02858852967619896,
      -0.019340792670845985,
      0.9994041323661804
    ]
  ],
  "position": [
    0.9690144062042236,
    0.1896262764930725,
    -0.22946399450302124
  ],
  "focal_length": 1530.7855224609375,
  "principal_point": [
    545.5936889648438,
    719.1764526367188
  ],
  "skew": 0.0,
  "pixel_aspect_ratio": 1.0118895769119263,
  "radial_distortion": [
    0.03853635489940643,
    -0.009977939538657665,
    0.0
  ],
  "tangential_distortion": [
    -0.043332938104867935,
    0.0012109986273571849
  ],
  "image_size": [
    1072,
    1920
  ]
}