{
  "orientation": [
    [
      0.9398332238197327,
      0.0479017049074173,
      -0.3382587134838104
    ],
    [
      -0.07696354389190674,
      0.9943560361862183,
      -0.07302561402320862
    ],
    [
      0.3328515291213989,
      0.09466548264026642,
      0.9382154941558838
    ]
  ],
  "position": [
    -4.563220024108887,
    -0.268372118473053,
    2.1404056549072266
  ],
  "focal_length": 1530.7855224609375,
  "principal_point": [
    545.5936889648438,
    719.1764526367188
  ],
  "skew": 0.0,
  "pixel_aspect_ratio": 1.0118895769119263,
  "radial_distortion": [
    0.03853635489940643,
    -0.009977939538657665,
    0.0
  ],
  "tangential_distortion": [
    -0.043332938104867935,
    0.0012109986273571849
  ],
  "image_size": [
    1072,
    1920
  ]
}