{
  "orientation": [
    [
      0.9881541132926941,
      -0.14316794276237488,
      0.055266931653022766
    ],
    [
      0.14844971895217896,
      0.983039379119873,
      -0.10768582671880722
    ],
    [
      -0.03891241177916527,
      0.11461455374956131,
      0.992647647857666
    ]
  ],
  "position": [
    -0.7799125909805298,
    -1.515568733215332,
    -0.020647265017032623
  ],
  "focal_length": 1530.7855224609375,
  "principal_point": [
    545.5936889648438,
    719.1764526367188
  ],
  "skew": 0.0,
  "pixel_aspect_ratio": 1.0118895769119263,
  "radial_distortion": [
    0.03853635489940643,
    -0.009977939538657665,
    0.0
  ],
  "tangential_distortion": [
    -0.043332938104867935,
    0.0012109986273571849
  ],
  "image_size": [
    1072,
    1920
  ]
}