{
  "orientation": [
    [
      0.9370408058166504,
      0.03900786116719246,
      -0.3470345139503479
    ],
    [
      -0.05413506552577019,
      0.9979546666145325,
      -0.03399859741330147
    ],
    [
      0.34499847888946533,
      0.050644807517528534,
      0.9372358918190002
    ]
  ],
  "position": [
    -4.462897777557373,
    -2.9192402362823486,
    -0.9541398882865906
  ],
  "focal_length": 1530.7855224609375,
  "principal_point": [
    545.5936889648438,
    719.1764526367188
  ],
  "skew": 0.0,
  "pixel_aspect_ratio": 1.0118895769119263,
  "radial_distortion": [
    0.03853635489940643,
    -0.009977939538657665,
    0.0
  ],
  "tangential_distortion": [
    -0.043332938104867935,
    0.0012109986273571849
  ],
  "image_size": [
    1072,
    1920
  ]
}