{
  "orientation": [
    [
      0.9568535685539246,
      0.04812673479318619,
      -0.28655731678009033
    ],
    [
      -0.11213255673646927,
      0.9709557294845581,
      -0.21135564148426056
    ],
    [
      0.26806262135505676,
      0.23436880111694336,
      0.9344590306282043
    ]
  ],
  "position": [
    -3.0868377685546875,
    -1.6740552186965942,
    -0.38756537437438965
  ],
  "focal_length": 1530.7855224609375,
  "principal_point": [
    545.5936889648438,
    719.1764526367188
  ],
  "skew": 0.0,
  "pixel_aspect_ratio": 1.0118895769119263,
  "radial_distortion": [
    0.03853635489940643,
    -0.009977939538657665,
    0.0
  ],
  "tangential_distortion": [
    -0.043332938104867935,
    0.0012109986273571849
  ],
  "image_size": [
    1072,
    1920
  ]
}