{
  "orientation": [
    [
      0.9712717533111572,
      0.010238838382065296,
      -0.237752765417099
    ],
    [
      0.01816481165587902,
      0.9929693937301636,
      0.11696949601173401
    ],
    [
      0.23727884888648987,
      -0.11792789399623871,
      0.9642571210861206
    ]
  ],
  "position": [
    -1.3576114177703857,
    2.9831995964050293,
    -0.10215041041374207
  ],
  "focal_length": 1530.7855224609375,
  "principal_point": [
    545.5936889648438,
    719.1764526367188
  ],
  "skew": 0.0,
  "pixel_aspect_ratio": 1.0118895769119263,
  "radial_distortion": [
    0.03853635489940643,
    -0.009977939538657665,
    0.0
  ],
  "tangential_distortion": [
    -0.043332938104867935,
    0.0012109986273571849
  ],
  "image_size": [
    1072,
    1920
  ]
}