{
  "orientation": [
    [
      0.9727885127067566,
      -0.115656279027462,
      0.20076383650302887
    ],
    [
      0.13182157278060913,
      0.9888644218444824,
      -0.0690668523311615
    ],
    [
      -0.19054020941257477,
      0.09365244209766388,
      0.9772019386291504
    ]
  ],
  "position": [
    2.631181478500366,
    0.528540849685669,
    0.3215629458427429
  ],
  "focal_length": 1530.7855224609375,
  "principal_point": [
    545.5936889648438,
    719.1764526367188
  ],
  "skew": 0.0,
  "pixel_aspect_ratio": 1.0118895769119263,
  "radial_distortion": [
    0.03853635489940643,
    -0.009977939538657665,
    0.0
  ],
  "tangential_distortion": [
    -0.043332938104867935,
    0.0012109986273571849
  ],
  "image_size": [
    1072,
    1920
  ]
}