{
  "orientation": [
    [
      0.9722689390182495,
      0.07411623001098633,
      -0.2218104600906372
    ],
    [
      -0.06489531695842743,
      0.9967086315155029,
      0.04858466237783432
    ],
    [
      0.2246813178062439,
      -0.03284289687871933,
      0.9738786816596985
    ]
  ],
  "position": [
    -4.289409160614014,
    2.050955295562744,
    -0.13547340035438538
  ],
  "focal_length": 1530.7855224609375,
  "principal_point": [
    545.5936889648438,
    719.1764526367188
  ],
  "skew": 0.0,
  "pixel_aspect_ratio": 1.0118895769119263,
  "radial_distortion": [
    0.03853635489940643,
    -0.009977939538657665,
    0.0
  ],
  "tangential_distortion": [
    -0.043332938104867935,
    0.0012109986273571849
  ],
  "image_size": [
    1072,
    1920
  ]
}