{
  "orientation": [
    [
      0.9336238503456116,
      0.055879972875118256,
      -0.35386988520622253
    ],
    [
      -0.03327799588441849,
      0.9970168471336365,
      0.0696418285369873
    ],
    [
      0.35670581459999084,
      -0.05324319005012512,
      0.9326983094215393
    ]
  ],
  "position": [
    -4.748010635375977,
    2.7552289962768555,
    1.9608522653579712
  ],
  "focal_length": 1530.7855224609375,
  "principal_point": [
    545.5936889648438,
    719.1764526367188
  ],
  "skew": 0.0,
  "pixel_aspect_ratio": 1.0118895769119263,
  "radial_distortion": [
    0.03853635489940643,
    -0.009977939538657665,
    0.0
  ],
  "tangential_distortion": [
    -0.043332938104867935,
    0.0012109986273571849
  ],
  "image_size": [
    1072,
    1920
  ]
}