{
  "orientation": [
    [
      0.9794741272926331,
      -0.11080653965473175,
      0.16838166117668152
    ],
    [
      0.11301550269126892,
      0.9935868382453918,
      -0.0035623644944280386
    ],
    [
      -0.16690707206726074,
      0.022518981248140335,
      0.9857154488563538
    ]
  ],
  "position": [
    2.639425277709961,
    2.0959506034851074,
    0.4243386387825012
  ],
  "focal_length": 1530.7855224609375,
  "principal_point": [
    545.5936889648438,
    719.1764526367188
  ],
  "skew": 0.0,
  "pixel_aspect_ratio": 1.0118895769119263,
  "radial_distortion": [
    0.03853635489940643,
    -0.009977939538657665,
    0.0
  ],
  "tangential_distortion": [
    -0.043332938104867935,
    0.0012109986273571849
  ],
  "image_size": [
    1072,
    1920
  ]
}