{
  "orientation": [
    [
      0.9594054222106934,
      0.024231629446148872,
      -0.2809877097606659
    ],
    [
      -0.036520816385746,
      0.9985878467559814,
      -0.038581255823373795
    ],
    [
      0.2796560525894165,
      0.047276969999074936,
      0.958935558795929
    ]
  ],
  "position": [
    -4.364374160766602,
    -0.4586426615715027,
    0.900192141532898
  ],
  "focal_length": 1530.7855224609375,
  "principal_point": [
    545.5936889648438,
    719.1764526367188
  ],
  "skew": 0.0,
  "pixel_aspect_ratio": 1.0118895769119263,
  "radial_distortion": [
    0.03853635489940643,
    -0.009977939538657665,
    0.0
  ],
  "tangential_distortion": [
    -0.043332938104867935,
    0.0012109986273571849
  ],
  "image_size": [
    1072,
    1920
  ]
}