{
  "orientation": [
    [
      0.9933184385299683,
      -0.09623075276613235,
      0.06370324641466141
    ],
    [
      0.10137514024972916,
      0.9913660287857056,
      -0.08316528052091599
    ],
    [
      -0.05515017732977867,
      0.08906753361225128,
      0.9944975972175598
    ]
  ],
  "position": [
    1.5546890497207642,
    -0.4244369864463806,
    -0.2358410507440567
  ],
  "focal_length": 1530.7855224609375,
  "principal_point": [
    545.5936889648438,
    719.1764526367188
  ],
  "skew": 0.0,
  "pixel_aspect_ratio": 1.0118895769119263,
  "radial_distortion": [
    0.03853635489940643,
    -0.009977939538657665,
    0.0
  ],
  "tangential_distortion": [
    -0.043332938104867935,
    0.0012109986273571849
  ],
  "image_size": [
    1072,
    1920
  ]
}