{
  "orientation": [
    [
      0.9955063462257385,
      0.002424305770546198,
      -0.09466386586427689
    ],
    [
      0.008094007149338722,
      0.9938353896141052,
      0.11057012528181076
    ],
    [
      0.09434835612773895,
      -0.11083947122097015,
      0.9893497824668884
    ]
  ],
  "position": [
    0.0757073163986206,
    1.8980602025985718,
    -0.44804832339286804
  ],
  "focal_length": 1530.7855224609375,
  "principal_point": [
    545.5936889648438,
    719.1764526367188
  ],
  "skew": 0.0,
  "pixel_aspect_ratio": 1.0118895769119263,
  "radial_distortion": [
    0.03853635489940643,
    -0.009977939538657665,
    0.0
  ],
  "tangential_distortion": [
    -0.043332938104867935,
    0.0012109986273571849
  ],
  "image_size": [
    1072,
    1920
  ]
}