{
  "orientation": [
    [
      0.9564446806907654,
      0.008799257688224316,
      -0.291780948638916
    ],
    [
      -0.030690712854266167,
      0.9970370531082153,
      -0.07053504139184952
    ],
    [
      0.2902957797050476,
      0.07641783356666565,
      0.9538808465003967
    ]
  ],
  "position": [
    -3.781641721725464,
    -3.565540313720703,
    -1.0795986652374268
  ],
  "focal_length": 1530.7855224609375,
  "principal_point": [
    545.5936889648438,
    719.1764526367188
  ],
  "skew": 0.0,
  "pixel_aspect_ratio": 1.0118895769119263,
  "radial_distortion": [
    0.03853635489940643,
    -0.009977939538657665,
    0.0
  ],
  "tangential_distortion": [
    -0.043332938104867935,
    0.0012109986273571849
  ],
  "image_size": [
    1072,
    1920
  ]
}