{
  "orientation": [
    [
      0.9588361978530884,
      0.06284111738204956,
      -0.2769189178943634
    ],
    [
      -0.045448604971170425,
      0.9965953230857849,
      0.0687905102968216
    ],
    [
      0.28029897809028625,
      -0.05337325856089592,
      0.9584277868270874
    ]
  ],
  "position": [
    -2.3115739822387695,
    2.4044277667999268,
    0.46047401428222656
  ],
  "focal_length": 1530.7855224609375,
  "principal_point": [
    545.5936889648438,
    719.1764526367188
  ],
  "skew": 0.0,
  "pixel_aspect_ratio": 1.0118895769119263,
  "radial_distortion": [
    0.03853635489940643,
    -0.009977939538657665,
    0.0
  ],
  "tangential_distortion": [
    -0.043332938104867935,
    0.0012109986273571849
  ],
  "image_size": [
    1072,
    1920
  ]
}