{
  "orientation": [
    [
      0.9929569363594055,
      -0.11212135851383209,
      -0.03827957808971405
    ],
    [
      0.10403003543615341,
      0.9797356128692627,
      -0.17116029560565948
    ],
    [
      0.05669458955526352,
      0.16597257554531097,
      0.9844992756843567
    ]
  ],
  "position": [
    -0.20438291132450104,
    -2.3257369995117188,
    0.8997539281845093
  ],
  "focal_length": 1530.7855224609375,
  "principal_point": [
    545.5936889648438,
    719.1764526367188
  ],
  "skew": 0.0,
  "pixel_aspect_ratio": 1.0118895769119263,
  "radial_distortion": [
    0.03853635489940643,
    -0.009977939538657665,
    0.0
  ],
  "tangential_distortion": [
    -0.043332938104867935,
    0.0012109986273571849
  ],
  "image_size": [
    1072,
    1920
  ]
}