{
  "orientation": [
    [
      0.9920827746391296,
      -0.044764988124370575,
      -0.11733630299568176
    ],
    [
      0.05376969650387764,
      0.99575275182724,
      0.07473505288362503
    ],
    [
      0.11349242925643921,
      -0.08045249432325363,
      0.9902761578559875
    ]
  ],
  "position": [
    -0.05856617912650108,
    0.8149978518486023,
    -1.1153640747070312
  ],
  "focal_length": 1530.7855224609375,
  "principal_point": [
    545.5936889648438,
    719.1764526367188
  ],
  "skew": 0.0,
  "pixel_aspect_ratio": 1.0118895769119263,
  "radial_distortion": [
    0.03853635489940643,
    -0.009977939538657665,
    0.0
  ],
  "tangential_distortion": [
    -0.043332938104867935,
    0.0012109986273571849
  ],
  "image_size": [
    1072,
    1920
  ]
}