{
  "orientation": [
    [
      0.942482590675354,
      0.04148009419441223,
      -0.3316713869571686
    ],
    [
      -0.013435671105980873,
      0.9961694478988647,
      0.08640574663877487
    ],
    [
      0.33398503065109253,
      -0.07697968930006027,
      0.9394297003746033
    ]
  ],
  "position": [
    -4.244401454925537,
    3.1039247512817383,
    1.6385705471038818
  ],
  "focal_length": 1530.7855224609375,
  "principal_point": [
    545.5936889648438,
    719.1764526367188
  ],
  "skew": 0.0,
  "pixel_aspect_ratio": 1.0118895769119263,
  "radial_distortion": [
    0.03853635489940643,
    -0.009977939538657665,
    0.0
  ],
  "tangential_distortion": [
    -0.043332938104867935,
    0.0012109986273571849
  ],
  "image_size": [
    1072,
    1920
  ]
}