{
  "orientation": [
    [
      0.9820066690444946,
      0.03204302117228508,
      -0.18610797822475433
    ],
    [
      -0.011615576222538948,
      0.993882417678833,
      0.10983099043369293
    ],
    [
      0.18848876655101776,
      -0.10569301247596741,
      0.9763713479042053
    ]
  ],
  "position": [
    -1.2461823225021362,
    2.4562020301818848,
    -0.5357714891433716
  ],
  "focal_length": 1530.7855224609375,
  "principal_point": [
    545.5936889648438,
    719.1764526367188
  ],
  "skew": 0.0,
  "pixel_aspect_ratio": 1.0118895769119263,
  "radial_distortion": [
    0.03853635489940643,
    -0.009977939538657665,
    0.0
  ],
  "tangential_distortion": [
    -0.043332938104867935,
    0.0012109986273571849
  ],
  "image_size": [
    1072,
    1920
  ]
}