{
  "orientation": [
    [
      0.971509575843811,
      0.016651425510644913,
      -0.2364145815372467
    ],
    [
      -0.07668202370405197,
      0.9659567475318909,
      -0.24707765877246857
    ],
    [
      0.22425207495689392,
      0.2581670582294464,
      0.9397131204605103
    ]
  ],
  "position": [
    -2.5518040657043457,
    -1.9397975206375122,
    -0.41857263445854187
  ],
  "focal_length": 1530.7855224609375,
  "principal_point": [
    545.5936889648438,
    719.1764526367188
  ],
  "skew": 0.0,
  "pixel_aspect_ratio": 1.0118895769119263,
  "radial_distortion": [
    0.03853635489940643,
    -0.009977939538657665,
    0.0
  ],
  "tangential_distortion": [
    -0.043332938104867935,
    0.0012109986273571849
  ],
  "image_size": [
    1072,
    1920
  ]
}