{
  "orientation": [
    [
      0.9949798583984375,
      -0.08372858911752701,
      0.05481461063027382
    ],
    [
      0.09008549153804779,
      0.9879068732261658,
      -0.12619268894195557
    ],
    [
      -0.043585795909166336,
      0.13049718737602234,
      0.9904901385307312
    ]
  ],
  "position": [
    1.2218283414840698,
    -1.0648446083068848,
    0.036839570850133896
  ],
  "focal_length": 1530.7855224609375,
  "principal_point": [
    545.5936889648438,
    719.1764526367188
  ],
  "skew": 0.0,
  "pixel_aspect_ratio": 1.0118895769119263,
  "radial_distortion": [
    0.03853635489940643,
    -0.009977939538657665,
    0.0
  ],
  "tangential_distortion": [
    -0.043332938104867935,
    0.0012109986273571849
  ],
  "image_size": [
    1072,
    1920
  ]
}