{
  "orientation": [
    [
      0.9877402782440186,
      -0.058435890823602676,
      -0.14475621283054352
    ],
    [
      0.029804902151226997,
      0.9808298945426941,
      -0.1925731748342514
    ],
    [
      0.15323440730571747,
      0.1858978420495987,
      0.9705468416213989
    ]
  ],
  "position": [
    -2.480581760406494,
    1.276485562324524,
    1.0061005353927612
  ],
  "focal_length": 1530.7855224609375,
  "principal_point": [
    545.5936889648438,
    719.1764526367188
  ],
  "skew": 0.0,
  "pixel_aspect_ratio": 1.0118895769119263,
  "radial_distortion": [
    0.03853635489940643,
    -0.009977939538657665,
    0.0
  ],
  "tangential_distortion": [
    -0.043332938104867935,
    0.0012109986273571849
  ],
  "image_size": [
    1072,
    1920
  ]
}