{
  "orientation": [
    [
      0.9816338419914246,
      0.030777886509895325,
      -0.18827567994594574
    ],
    [
      -0.05796954408288002,
      0.9883575439453125,
      -0.14067301154136658
    ],
    [
      0.18175408244132996,
      0.14900365471839905,
      0.9719893932342529
    ]
  ],
  "position": [
    -3.330615758895874,
    0.15040147304534912,
    0.10264147073030472
  ],
  "focal_length": 1530.7855224609375,
  "principal_point": [
    545.5936889648438,
    719.1764526367188
  ],
  "skew": 0.0,
  "pixel_aspect_ratio": 1.0118895769119263,
  "radial_distortion": [
    0.03853635489940643,
    -0.009977939538657665,
    0.0
  ],
  "tangential_distortion": [
    -0.043332938104867935,
    0.0012109986273571849
  ],
  "image_size": [
    1072,
    1920
  ]
}