{
  "orientation": [
    [
      0.9672514796257019,
      0.02845718152821064,
      -0.2522197365760803
    ],
    [
      -0.017619378864765167,
      0.9988259673118591,
      0.045124948024749756
    ],
    [
      0.2532077431678772,
      -0.0392032153904438,
      0.9666172862052917
    ]
  ],
  "position": [
    -1.495052695274353,
    2.1599833965301514,
    0.4832261800765991
  ],
  "focal_length": 1530.7855224609375,
  "principal_point": [
    545.5936889648438,
    719.1764526367188
  ],
  "skew": 0.0,
  "pixel_aspect_ratio": 1.0118895769119263,
  "radial_distortion": [
    0.03853635489940643,
    -0.009977939538657665,
    0.0
  ],
  "tangential_distortion": [
    -0.043332938104867935,
    0.0012109986273571849
  ],
  "image_size": [
    1072,
    1920
  ]
}