{
  "orientation": [
    [
      0.9678801894187927,
      0.059002406895160675,
      -0.24439048767089844
    ],
    [
      -0.04070477932691574,
      0.9960225820541382,
      0.0792599618434906
    ],
    [
      0.24809497594833374,
      -0.06676628440618515,
      0.9664321541786194
    ]
  ],
  "position": [
    -2.2339088916778564,
    2.5021657943725586,
    -0.4191756546497345
  ],
  "focal_length": 1530.7855224609375,
  "principal_point": [
    545.5936889648438,
    719.1764526367188
  ],
  "skew": 0.0,
  "pixel_aspect_ratio": 1.0118895769119263,
  "radial_distortion": [
    0.03853635489940643,
    -0.009977939538657665,
    0.0
  ],
  "tangential_distortion": [
    -0.043332938104867935,
    0.0012109986273571849
  ],
  "image_size": [
    1072,
    1920
  ]
}