{
  "orientation": [
    [
      0.9543516635894775,
      0.02935841493308544,
      -0.2972389757633209
    ],
    [
      -0.07588504254817963,
      0.9863365292549133,
      -0.14622491598129272
    ],
    [
      0.2888847291469574,
      0.1621059775352478,
      0.9435397386550903
    ]
  ],
  "position": [
    -4.238033771514893,
    -1.0500106811523438,
    2.0364272594451904
  ],
  "focal_length": 1530.7855224609375,
  "principal_point": [
    545.5936889648438,
    719.1764526367188
  ],
  "skew": 0.0,
  "pixel_aspect_ratio": 1.0118895769119263,
  "radial_distortion": [
    0.03853635489940643,
    -0.009977939538657665,
    0.0
  ],
  "tangential_distortion": [
    -0.043332938104867935,
    0.0012109986273571849
  ],
  "image_size": [
    1072,
    1920
  ]
}