{
  "orientation": [
    [
      0.9441512823104858,
      -0.013014521449804306,
      -0.32925519347190857
    ],
    [
      0.027681509032845497,
      0.9988203048706055,
      0.03989721089601517
    ],
    [
      0.3283475339412689,
      -0.04678328335285187,
      0.9433977007865906
    ]
  ],
  "position": [
    -4.199331283569336,
    0.4031939208507538,
    -0.6528715491294861
  ],
  "focal_length": 1530.7855224609375,
  "principal_point": [
    545.5936889648438,
    719.1764526367188
  ],
  "skew": 0.0,
  "pixel_aspect_ratio": 1.0118895769119263,
  "radial_distortion": [
    0.03853635489940643,
    -0.009977939538657665,
    0.0
  ],
  "tangential_distortion": [
    -0.043332938104867935,
    0.0012109986273571849
  ],
  "image_size": [
    1072,
    1920
  ]
}