{
  "orientation": [
    [
      0.9911026358604431,
      -0.06958930939435959,
      -0.11345870792865753
    ],
    [
      0.07327331602573395,
      0.9969010353088379,
      0.028624674305319786
    ],
    [
      0.11111513525247574,
      -0.03668348491191864,
      0.9931302666664124
    ]
  ],
  "position": [
    -0.5897957682609558,
    -0.5505576133728027,
    -1.837120532989502
  ],
  "focal_length": 1530.7855224609375,
  "principal_point": [
    545.5936889648438,
    719.1764526367188
  ],
  "skew": 0.0,
  "pixel_aspect_ratio": 1.0118895769119263,
  "radial_distortion": [
    0.03853635489940643,
    -0.009977939538657665,
    0.0
  ],
  "tangential_distortion": [
    -0.043332938104867935,
    0.0012109986273571849
  ],
  "image_size": [
    1072,
    1920
  ]
}