{
  "orientation": [
    [
      0.9913990497589111,
      -0.1251189112663269,
      0.03838165104389191
    ],
    [
      0.11925927549600601,
      0.9844753742218018,
      0.12878437340259552
    ],
    [
      -0.05389915034174919,
      -0.12309934198856354,
      0.9909296035766602
    ]
  ],
  "position": [
    0.8942575454711914,
    0.9216547012329102,
    -1.55642569065094
  ],
  "focal_length": 1530.7855224609375,
  "principal_point": [
    545.5936889648438,
    719.1764526367188
  ],
  "skew": 0.0,
  "pixel_aspect_ratio": 1.0118895769119263,
  "radial_distortion": [
    0.03853635489940643,
    -0.009977939538657665,
    0.0
  ],
  "tangential_distortion": [
    -0.043332938104867935,
    0.0012109986273571849
  ],
  "image_size": [
    1072,
    1920
  ]
}