{
  "orientation": [
    [
      0.9912132024765015,
      -0.04310307279229164,
      -0.1250542253255844
    ],
    [
      0.014559553936123848,
      0.975225567817688,
      -0.22073300182819366
    ],
    [
      0.13147035241127014,
      0.2169727236032486,
      0.9672840237617493
    ]
  ],
  "position": [
    -2.357344150543213,
    -2.7242941856384277,
    -0.09478751569986343
  ],
  "focal_length": 1530.7855224609375,
  "principal_point": [
    545.5936889648438,
    719.1764526367188
  ],
  "skew": 0.0,
  "pixel_aspect_ratio": 1.0118895769119263,
  "radial_distortion": [
    0.03853635489940643,
    -0.009977939538657665,
    0.0
  ],
  "tangential_distortion": [
    -0.043332938104867935,
    0.0012109986273571849
  ],
  "image_size": [
    1072,
    1920
  ]
}