{
  "orientation": [
    [
      0.980845034122467,
      0.016298774629831314,
      -0.19410668313503265
    ],
    [
      -0.0518285371363163,
      0.9824091196060181,
      -0.17940495908260345
    ],
    [
      0.1877680867910385,
      0.18602871894836426,
      0.9644358158111572
    ]
  ],
  "position": [
    -3.2628276348114014,
    -2.071955919265747,
    -0.15366919338703156
  ],
  "focal_length": 1530.7855224609375,
  "principal_point": [
    545.5936889648438,
    719.1764526367188
  ],
  "skew": 0.0,
  "pixel_aspect_ratio": 1.0118895769119263,
  "radial_distortion": [
    0.03853635489940643,
    -0.009977939538657665,
    0.0
  ],
  "tangential_distortion": [
    -0.043332938104867935,
    0.0012109986273571849
  ],
  "image_size": [
    1072,
    1920
  ]
}