{
  "orientation": [
    [
      0.9971565008163452,
      -0.06545150279998779,
      -0.03734971582889557
    ],
    [
      0.0648665577173233,
      0.9977547526359558,
      -0.016665130853652954
    ],
    [
      0.03835661709308624,
      0.014194995164871216,
      0.9991632699966431
    ]
  ],
  "position": [
    0.5664017796516418,
    0.5013917684555054,
    0.905258059501648
  ],
  "focal_length": 1530.7855224609375,
  "principal_point": [
    545.5936889648438,
    719.1764526367188
  ],
  "skew": 0.0,
  "pixel_aspect_ratio": 1.0118895769119263,
  "radial_distortion": [
    0.03853635489940643,
    -0.009977939538657665,
    0.0
  ],
  "tangential_distortion": [
    -0.043332938104867935,
    0.0012109986273571849
  ],
  "image_size": [
    1072,
    1920
  ]
}