{
  "orientation": [
    [
      0.988375723361969,
      -0.05490221455693245,
      -0.14177155494689941
    ],
    [
      0.06444097310304642,
      0.9958934783935547,
      0.0635891705751419
    ],
    [
      0.13769817352294922,
      -0.0719858855009079,
      0.9878548979759216
    ]
  ],
  "position": [
    -1.0323469638824463,
    0.29966574907302856,
    -1.8449604511260986
  ],
  "focal_length": 1530.7855224609375,
  "principal_point": [
    545.5936889648438,
    719.1764526367188
  ],
  "skew": 0.0,
  "pixel_aspect_ratio": 1.0118895769119263,
  "radial_distortion": [
    0.03853635489940643,
    -0.009977939538657665,
    0.0
  ],
  "tangential_distortion": [
    -0.043332938104867935,
    0.0012109986273571849
  ],
  "image_size": [
    1072,
    1920
  ]
}