{
  "orientation": [
    [
      0.9744370579719543,
      -0.016529936343431473,
      -0.22405172884464264
    ],
    [
      -0.03279963135719299,
      0.9761362671852112,
      -0.21466760337352753
    ],
    [
      0.2222534567117691,
      0.21652887761592865,
      0.9506411552429199
    ]
  ],
  "position": [
    -2.400646448135376,
    -3.374035596847534,
    0.44856610894203186
  ],
  "focal_length": 1530.7855224609375,
  "principal_point": [
    545.5936889648438,
    719.1764526367188
  ],
  "skew": 0.0,
  "pixel_aspect_ratio": 1.0118895769119263,
  "radial_distortion": [
    0.03853635489940643,
    -0.009977939538657665,
    0.0
  ],
  "tangential_distortion": [
    -0.043332938104867935,
    0.0012109986273571849
  ],
  "image_size": [
    1072,
    1920
  ]
}