{
  "orientation": [
    [
      0.9509790539741516,
      0.08248373866081238,
      -0.29805251955986023
    ],
    [
      -0.06349445134401321,
      0.9953190684318542,
      0.0728587880730629
    ],
    [
      0.3026670217514038,
      -0.05036249756813049,
      0.9517648220062256
    ]
  ],
  "position": [
    -3.3304080963134766,
    1.83075749874115,
    0.3989986181259155
  ],
  "focal_length": 1530.7855224609375,
  "principal_point": [
    545.5936889648438,
    719.1764526367188
  ],
  "skew": 0.0,
  "pixel_aspect_ratio": 1.0118895769119263,
  "radial_distortion": [
    0.03853635489940643,
    -0.009977939538657665,
    0.0
  ],
  "tangential_distortion": [
    -0.043332938104867935,
    0.0012109986273571849
  ],
  "image_size": [
    1072,
    1920
  ]
}