{
  "orientation": [
    [
      0.9707179665565491,
      0.012167639099061489,
      -0.23991362750530243
    ],
    [
      -0.02849840186536312,
      0.9974966049194336,
      -0.06471800804138184
    ],
    [
      0.23852555453777313,
      0.06966008991003036,
      0.9686346054077148
    ]
  ],
  "position": [
    -3.558145761489868,
    -1.3205766677856445,
    0.30506065487861633
  ],
  "focal_length": 1530.7855224609375,
  "principal_point": [
    545.5936889648438,
    719.1764526367188
  ],
  "skew": 0.0,
  "pixel_aspect_ratio": 1.0118895769119263,
  "radial_distortion": [
    0.03853635489940643,
    -0.009977939538657665,
    0.0
  ],
  "tangential_distortion": [
    -0.043332938104867935,
    0.0012109986273571849
  ],
  "image_size": [
    1072,
    1920
  ]
}