{
  "orientation": [
    [
      0.9531077742576599,
      0.09375618398189545,
      -0.2877417504787445
    ],
    [
      -0.07812601327896118,
      0.9947988390922546,
      0.06535732001066208
    ],
    [
      0.29237282276153564,
      -0.03981245681643486,
      0.9554753303527832
    ]
  ],
  "position": [
    -4.158904075622559,
    2.049405574798584,
    -0.07473260164260864
  ],
  "focal_length": 1530.7855224609375,
  "principal_point": [
    545.5936889648438,
    719.1764526367188
  ],
  "skew": 0.0,
  "pixel_aspect_ratio": 1.0118895769119263,
  "radial_distortion": [
    0.03853635489940643,
    -0.009977939538657665,
    0.0
  ],
  "tangential_distortion": [
    -0.043332938104867935,
    0.0012109986273571849
  ],
  "image_size": [
    1072,
    1920
  ]
}