{
  "orientation": [
    [
      0.9935879707336426,
      -0.09082726389169693,
      -0.06733013689517975
    ],
    [
      0.08641177415847778,
      0.9940824508666992,
      -0.06582623720169067
    ],
    [
      0.07291052490472794,
      0.059586044400930405,
      0.9955568909645081
    ]
  ],
  "position": [
    -0.9873361587524414,
    -1.4554463624954224,
    -0.8456085324287415
  ],
  "focal_length": 1530.7855224609375,
  "principal_point": [
    545.5936889648438,
    719.1764526367188
  ],
  "skew": 0.0,
  "pixel_aspect_ratio": 1.0118895769119263,
  "radial_distortion": [
    0.03853635489940643,
    -0.009977939538657665,
    0.0
  ],
  "tangential_distortion": [
    -0.043332938104867935,
    0.0012109986273571849
  ],
  "image_size": [
    1072,
    1920
  ]
}