{
  "orientation": [
    [
      0.9966877102851868,
      -0.06882590055465698,
      -0.04331981763243675
    ],
    [
      0.06083986163139343,
      0.9845154881477356,
      -0.1644010692834854
    ],
    [
      0.05396408587694168,
      0.1612209528684616,
      0.9854418635368347
    ]
  ],
  "position": [
    -0.24321523308753967,
    -2.820732593536377,
    0.33285170793533325
  ],
  "focal_length": 1530.7855224609375,
  "principal_point": [
    545.5936889648438,
    719.1764526367188
  ],
  "skew": 0.0,
  "pixel_aspect_ratio": 1.0118895769119263,
  "radial_distortion": [
    0.03853635489940643,
    -0.009977939538657665,
    0.0
  ],
  "tangential_distortion": [
    -0.043332938104867935,
    0.0012109986273571849
  ],
  "image_size": [
    1072,
    1920
  ]
}