{
  "orientation": [
    [
      0.9779304265975952,
      0.027407392859458923,
      -0.20712541043758392
    ],
    [
      -0.05961267277598381,
      0.9867517948150635,
      -0.15088805556297302
    ],
    [
      0.2002459168434143,
      0.1599053144454956,
      0.9666084051132202
    ]
  ],
  "position": [
    -3.769386053085327,
    -1.4088988304138184,
    -0.07022471725940704
  ],
  "focal_length": 1530.7855224609375,
  "principal_point": [
    545.5936889648438,
    719.1764526367188
  ],
  "skew": 0.0,
  "pixel_aspect_ratio": 1.0118895769119263,
  "radial_distortion": [
    0.03853635489940643,
    -0.009977939538657665,
    0.0
  ],
  "tangential_distortion": [
    -0.043332938104867935,
    0.0012109986273571849
  ],
  "image_size": [
    1072,
    1920
  ]
}