{
  "orientation": [
    [
      0.9859987497329712,
      -0.09885363280773163,
      0.13429231941699982
    ],
    [
      0.09565270692110062,
      0.9949596524238586,
      0.030097974464297295
    ],
    [
      -0.13659073412418365,
      -0.016831140965223312,
      0.9904845952987671
    ]
  ],
  "position": [
    2.467501163482666,
    2.5660452842712402,
    0.38143855333328247
  ],
  "focal_length": 1530.7855224609375,
  "principal_point": [
    545.5936889648438,
    719.1764526367188
  ],
  "skew": 0.0,
  "pixel_aspect_ratio": 1.0118895769119263,
  "radial_distortion": [
    0.03853635489940643,
    -0.009977939538657665,
    0.0
  ],
  "tangential_distortion": [
    -0.043332938104867935,
    0.0012109986273571849
  ],
  "image_size": [
    1072,
    1920
  ]
}