{
  "orientation": [
    [
      0.9936428666114807,
      -0.08526875078678131,
      -0.07350589334964752
    ],
    [
      0.08868243545293808,
      0.9950656294822693,
      0.04449520260095596
    ],
    [
      0.06934913992881775,
      -0.05073102191090584,
      0.9963017106056213
    ]
  ],
  "position": [
    0.29296061396598816,
    0.4526403546333313,
    -1.0170273780822754
  ],
  "focal_length": 1530.7855224609375,
  "principal_point": [
    545.5936889648438,
    719.1764526367188
  ],
  "skew": 0.0,
  "pixel_aspect_ratio": 1.0118895769119263,
  "radial_distortion": [
    0.03853635489940643,
    -0.009977939538657665,
    0.0
  ],
  "tangential_distortion": [
    -0.043332938104867935,
    0.0012109986273571849
  ],
  "image_size": [
    1072,
    1920
  ]
}