{
  "orientation": [
    [
      0.9953420758247375,
      -8.775223250268027e-05,
      -0.09640588611364365
    ],
    [
      0.008979227393865585,
      0.9957370162010193,
      0.09179963171482086
    ],
    [
      0.09598685055971146,
      -0.092237688601017,
      0.9910997748374939
    ]
  ],
  "position": [
    -1.6581542491912842,
    3.229665756225586,
    -0.22153832018375397
  ],
  "focal_length": 1530.7855224609375,
  "principal_point": [
    545.5936889648438,
    719.1764526367188
  ],
  "skew": 0.0,
  "pixel_aspect_ratio": 1.0118895769119263,
  "radial_distortion": [
    0.03853635489940643,
    -0.009977939538657665,
    0.0
  ],
  "tangential_distortion": [
    -0.043332938104867935,
    0.0012109986273571849
  ],
  "image_size": [
    1072,
    1920
  ]
}