{
  "orientation": [
    [
      0.973041296005249,
      -0.12619130313396454,
      0.19304496049880981
    ],
    [
      0.13451197743415833,
      0.9904404282569885,
      -0.030566636472940445
    ],
    [
      -0.18734228610992432,
      0.05570945888757706,
      0.9807136654853821
    ]
  ],
  "position": [
    2.6171138286590576,
    1.4556485414505005,
    0.32109054923057556
  ],
  "focal_length": 1530.7855224609375,
  "principal_point": [
    545.5936889648438,
    719.1764526367188
  ],
  "skew": 0.0,
  "pixel_aspect_ratio": 1.0118895769119263,
  "radial_distortion": [
    0.03853635489940643,
    -0.009977939538657665,
    0.0
  ],
  "tangential_distortion": [
    -0.043332938104867935,
    0.0012109986273571849
  ],
  "image_size": [
    1072,
    1920
  ]
}