{
  "orientation": [
    [
      0.974956214427948,
      0.05032140389084816,
      -0.2166290432214737
    ],
    [
      -0.06288378685712814,
      0.9966917634010315,
      -0.0514889694750309
    ],
    [
      0.21332140266895294,
      0.0638219490647316,
      0.9748952388763428
    ]
  ],
  "position": [
    -4.248356819152832,
    0.5783624649047852,
    0.07849355787038803
  ],
  "focal_length": 1530.7855224609375,
  "principal_point": [
    545.5936889648438,
    719.1764526367188
  ],
  "skew": 0.0,
  "pixel_aspect_ratio": 1.0118895769119263,
  "radial_distortion": [
    0.03853635489940643,
    -0.009977939538657665,
    0.0
  ],
  "tangential_distortion": [
    -0.043332938104867935,
    0.0012109986273571849
  ],
  "image_size": [
    1072,
    1920
  ]
}