{
  "orientation": [
    [
      0.9879662990570068,
      -0.026189010590314865,
      -0.15243583917617798
    ],
    [
      0.04121840372681618,
      0.994499921798706,
      0.09628592431545258
    ],
    [
      0.14907579123973846,
      -0.101410411298275,
      0.9836118817329407
    ]
  ],
  "position": [
    -0.6980249285697937,
    2.8747832775115967,
    1.0953741073608398
  ],
  "focal_length": 1530.7855224609375,
  "principal_point": [
    545.5936889648438,
    719.1764526367188
  ],
  "skew": 0.0,
  "pixel_aspect_ratio": 1.0118895769119263,
  "radial_distortion": [
    0.03853635489940643,
    -0.009977939538657665,
    0.0
  ],
  "tangential_distortion": [
    -0.043332938104867935,
    0.0012109986273571849
  ],
  "image_size": [
    1072,
    1920
  ]
}