{
  "orientation": [
    [
      0.9826446771621704,
      0.0025810690131038427,
      -0.1854798048734665
    ],
    [
      0.009619500488042831,
      0.9978487491607666,
      0.064848393201828
    ],
    [
      0.18524816632270813,
      -0.06550715118646622,
      0.9805059432983398
    ]
  ],
  "position": [
    -0.9567100405693054,
    0.9002781510353088,
    -1.0329877138137817
  ],
  "focal_length": 1530.7855224609375,
  "principal_point": [
    545.5936889648438,
    719.1764526367188
  ],
  "skew": 0.0,
  "pixel_aspect_ratio": 1.0118895769119263,
  "radial_distortion": [
    0.03853635489940643,
    -0.009977939538657665,
    0.0
  ],
  "tangential_distortion": [
    -0.043332938104867935,
    0.0012109986273571849
  ],
  "image_size": [
    1072,
    1920
  ]
}