{
  "orientation": [
    [
      0.9958664178848267,
      0.013819925487041473,
      -0.08977224677801132
    ],
    [
      -0.012349891476333141,
      0.9997807145118713,
      0.016910048201680183
    ],
    [
      0.08998625725507736,
      -0.01573147252202034,
      0.9958187341690063
    ]
  ],
  "position": [
    0.02349790930747986,
    1.5608934164047241,
    -1.0792291164398193
  ],
  "focal_length": 1530.7855224609375,
  "principal_point": [
    545.5936889648438,
    719.1764526367188
  ],
  "skew": 0.0,
  "pixel_aspect_ratio": 1.0118895769119263,
  "radial_distortion": [
    0.03853635489940643,
    -0.009977939538657665,
    0.0
  ],
  "tangential_distortion": [
    -0.043332938104867935,
    0.0012109986273571849
  ],
  "image_size": [
    1072,
    1920
  ]
}