{
  "orientation": [
    [
      0.9213467240333557,
      0.09256821125745773,
      -0.3775596618652344
    ],
    [
      -0.0871223658323288,
      0.995698869228363,
      0.03151860460639
    ],
    [
      0.37885335087776184,
      0.0038543259724974632,
      0.9254487156867981
    ]
  ],
  "position": [
    -4.8932952880859375,
    -1.1522339582443237,
    -0.8153079152107239
  ],
  "focal_length": 1530.7855224609375,
  "principal_point": [
    545.5936889648438,
    719.1764526367188
  ],
  "skew": 0.0,
  "pixel_aspect_ratio": 1.0118895769119263,
  "radial_distortion": [
    0.03853635489940643,
    -0.009977939538657665,
    0.0
  ],
  "tangential_distortion": [
    -0.043332938104867935,
    0.0012109986273571849
  ],
  "image_size": [
    1072,
    1920
  ]
}