{
  "orientation": [
    [
      0.9876127243041992,
      -0.058297738432884216,
      -0.14567945897579193
    ],
    [
      0.029425539076328278,
      0.9807589650154114,
      -0.19299215078353882
    ],
    [
      0.15412743389606476,
      0.18631480634212494,
      0.9703254699707031
    ]
  ],
  "position": [
    -2.465413808822632,
    1.2832648754119873,
    1.016619086265564
  ],
  "focal_length": 1530.7855224609375,
  "principal_point": [
    545.5936889648438,
    719.1764526367188
  ],
  "skew": 0.0,
  "pixel_aspect_ratio": 1.0118895769119263,
  "radial_distortion": [
    0.03853635489940643,
    -0.009977939538657665,
    0.0
  ],
  "tangential_distortion": [
    -0.043332938104867935,
    0.0012109986273571849
  ],
  "image_size": [
    1072,
    1920
  ]
}