{
  "orientation": [
    [
      0.9914788603782654,
      -0.07864689826965332,
      -0.10384789109230042
    ],
    [
      0.05624658986926079,
      0.9775035381317139,
      -0.20328108966350555
    ],
    [
      0.11749910563230515,
      0.19570781290531158,
      0.9735976457595825
    ]
  ],
  "position": [
    -0.8455352187156677,
    -2.677239179611206,
    0.6751193404197693
  ],
  "focal_length": 1530.7855224609375,
  "principal_point": [
    545.5936889648438,
    719.1764526367188
  ],
  "skew": 0.0,
  "pixel_aspect_ratio": 1.0118895769119263,
  "radial_distortion": [
    0.03853635489940643,
    -0.009977939538657665,
    0.0
  ],
  "tangential_distortion": [
    -0.043332938104867935,
    0.0012109986273571849
  ],
  "image_size": [
    1072,
    1920
  ]
}