{
  "orientation": [
    [
      0.9634681940078735,
      0.014903341419994831,
      -0.26740777492523193
    ],
    [
      -0.0658583715558052,
      0.9809762835502625,
      -0.18261481821537018
    ],
    [
      0.25959911942481995,
      0.1935546100139618,
      0.9461209774017334
    ]
  ],
  "position": [
    -3.315574884414673,
    -2.8956871032714844,
    0.3060782551765442
  ],
  "focal_length": 1530.7855224609375,
  "principal_point": [
    545.5936889648438,
    719.1764526367188
  ],
  "skew": 0.0,
  "pixel_aspect_ratio": 1.0118895769119263,
  "radial_distortion": [
    0.03853635489940643,
    -0.009977939538657665,
    0.0
  ],
  "tangential_distortion": [
    -0.043332938104867935,
    0.0012109986273571849
  ],
  "image_size": [
    1072,
    1920
  ]
}