{
  "orientation": [
    [
      0.9886512160301208,
      -0.0812038779258728,
      -0.12639100849628448
    ],
    [
      0.06754676252603531,
      0.9917630553245544,
      -0.10882752388715744
    ],
    [
      0.13418714702129364,
      0.09905516356229782,
      0.9859928488731384
    ]
  ],
  "position": [
    -1.013398289680481,
    -3.1108195781707764,
    -1.6146818399429321
  ],
  "focal_length": 1530.7855224609375,
  "principal_point": [
    545.5936889648438,
    719.1764526367188
  ],
  "skew": 0.0,
  "pixel_aspect_ratio": 1.0118895769119263,
  "radial_distortion": [
    0.03853635489940643,
    -0.009977939538657665,
    0.0
  ],
  "tangential_distortion": [
    -0.043332938104867935,
    0.0012109986273571849
  ],
  "image_size": [
    1072,
    1920
  ]
}