{
  "orientation": [
    [
      0.9773321151733398,
      0.0311383418738842,
      -0.20940953493118286
    ],
    [
      -0.06775936484336853,
      0.9831021428108215,
      -0.17005544900894165
    ],
    [
      0.20057572424411774,
      0.1803901046514511,
      0.9629272222518921
    ]
  ],
  "position": [
    -2.9321987628936768,
    -2.457366704940796,
    0.9275122880935669
  ],
  "focal_length": 1530.7855224609375,
  "principal_point": [
    545.5936889648438,
    719.1764526367188
  ],
  "skew": 0.0,
  "pixel_aspect_ratio": 1.0118895769119263,
  "radial_distortion": [
    0.03853635489940643,
    -0.009977939538657665,
    0.0
  ],
  "tangential_distortion": [
    -0.043332938104867935,
    0.0012109986273571849
  ],
  "image_size": [
    1072,
    1920
  ]
}