{
  "orientation": [
    [
      0.9898743629455566,
      -0.12683731317520142,
      0.06372614204883575
    ],
    [
      0.1269310712814331,
      0.9919081330299377,
      0.0025915426667779684
    ],
    [
      -0.06353918462991714,
      0.005523525644093752,
      0.997964084148407
    ]
  ],
  "position": [
    0.5490029454231262,
    -1.4142385721206665,
    -1.4140615463256836
  ],
  "focal_length": 1530.7855224609375,
  "principal_point": [
    545.5936889648438,
    719.1764526367188
  ],
  "skew": 0.0,
  "pixel_aspect_ratio": 1.0118895769119263,
  "radial_distortion": [
    0.03853635489940643,
    -0.009977939538657665,
    0.0
  ],
  "tangential_distortion": [
    -0.043332938104867935,
    0.0012109986273571849
  ],
  "image_size": [
    1072,
    1920
  ]
}