{
  "orientation": [
    [
      0.9698758125305176,
      0.05542711541056633,
      -0.23721037805080414
    ],
    [
      -0.043497730046510696,
      0.9975253939628601,
      0.055236030369997025
    ],
    [
      0.23968495428562164,
      -0.043253976851701736,
      0.9698867201805115
    ]
  ],
  "position": [
    -2.2282092571258545,
    2.1953372955322266,
    -1.153080701828003
  ],
  "focal_length": 1530.7855224609375,
  "principal_point": [
    545.5936889648438,
    719.1764526367188
  ],
  "skew": 0.0,
  "pixel_aspect_ratio": 1.0118895769119263,
  "radial_distortion": [
    0.03853635489940643,
    -0.009977939538657665,
    0.0
  ],
  "tangential_distortion": [
    -0.043332938104867935,
    0.0012109986273571849
  ],
  "image_size": [
    1072,
    1920
  ]
}