{
  "orientation": [
    [
      0.9538280367851257,
      0.044706687331199646,
      -0.2970074415206909
    ],
    [
      -0.026449261233210564,
      0.9975209832191467,
      0.06520986557006836
    ],
    [
      0.29918646812438965,
      -0.054343368858098984,
      0.9526458978652954
    ]
  ],
  "position": [
    -3.1085376739501953,
    1.2080118656158447,
    -0.574306309223175
  ],
  "focal_length": 1530.7855224609375,
  "principal_point": [
    545.5936889648438,
    719.1764526367188
  ],
  "skew": 0.0,
  "pixel_aspect_ratio": 1.0118895769119263,
  "radial_distortion": [
    0.03853635489940643,
    -0.009977939538657665,
    0.0
  ],
  "tangential_distortion": [
    -0.043332938104867935,
    0.0012109986273571849
  ],
  "image_size": [
    1072,
    1920
  ]
}