{
  "orientation": [
    [
      0.9924810528755188,
      -0.12232557684183121,
      0.0042197806760668755
    ],
    [
      0.12234529852867126,
      0.9904463887214661,
      -0.06362038850784302
    ],
    [
      0.0036029343027621508,
      0.06365830451250076,
      0.9979652762413025
    ]
  ],
  "position": [
    0.6550952792167664,
    -0.821934163570404,
    0.702447772026062
  ],
  "focal_length": 1530.7855224609375,
  "principal_point": [
    545.5936889648438,
    719.1764526367188
  ],
  "skew": 0.0,
  "pixel_aspect_ratio": 1.0118895769119263,
  "radial_distortion": [
    0.03853635489940643,
    -0.009977939538657665,
    0.0
  ],
  "tangential_distortion": [
    -0.043332938104867935,
    0.0012109986273571849
  ],
  "image_size": [
    1072,
    1920
  ]
}