{
  "orientation": [
    [
      0.951068639755249,
      0.029608553275465965,
      -0.30755776166915894
    ],
    [
      -0.0033236208837479353,
      0.9963207840919495,
      0.08563797920942307
    ],
    [
      0.30896180868148804,
      -0.08042538911104202,
      0.9476678371429443
    ]
  ],
  "position": [
    -3.5199549198150635,
    3.133387565612793,
    1.1609810590744019
  ],
  "focal_length": 1530.7855224609375,
  "principal_point": [
    545.5936889648438,
    719.1764526367188
  ],
  "skew": 0.0,
  "pixel_aspect_ratio": 1.0118895769119263,
  "radial_distortion": [
    0.03853635489940643,
    -0.009977939538657665,
    0.0
  ],
  "tangential_distortion": [
    -0.043332938104867935,
    0.0012109986273571849
  ],
  "image_size": [
    1072,
    1920
  ]
}