{
  "orientation": [
    [
      0.9941413402557373,
      -0.08996019512414932,
      -0.0599176399409771
    ],
    [
      0.09257342666387558,
      0.9948042631149292,
      0.04236296936869621
    ],
    [
      0.055795345455408096,
      -0.04766156151890755,
      0.9973040223121643
    ]
  ],
  "position": [
    0.617274820804596,
    1.5917938947677612,
    0.5789157748222351
  ],
  "focal_length": 1530.7855224609375,
  "principal_point": [
    545.5936889648438,
    719.1764526367188
  ],
  "skew": 0.0,
  "pixel_aspect_ratio": 1.0118895769119263,
  "radial_distortion": [
    0.03853635489940643,
    -0.009977939538657665,
    0.0
  ],
  "tangential_distortion": [
    -0.043332938104867935,
    0.0012109986273571849
  ],
  "image_size": [
    1072,
    1920
  ]
}