{
  "orientation": [
    [
      0.9754786491394043,
      0.06666162610054016,
      -0.2097560167312622
    ],
    [
      -0.05097997188568115,
      0.9955459237098694,
      0.07930564880371094
    ],
    [
      0.2141083925962448,
      -0.06666761636734009,
      0.9745321869850159
    ]
  ],
  "position": [
    -4.172323703765869,
    2.460028648376465,
    -0.2143174707889557
  ],
  "focal_length": 1530.7855224609375,
  "principal_point": [
    545.5936889648438,
    719.1764526367188
  ],
  "skew": 0.0,
  "pixel_aspect_ratio": 1.0118895769119263,
  "radial_distortion": [
    0.03853635489940643,
    -0.009977939538657665,
    0.0
  ],
  "tangential_distortion": [
    -0.043332938104867935,
    0.0012109986273571849
  ],
  "image_size": [
    1072,
    1920
  ]
}