{
  "orientation": [
    [
      0.951325535774231,
      0.07286326587200165,
      -0.29945069551467896
    ],
    [
      -0.06651417165994644,
      0.997292697429657,
      0.03135531768202782
    ],
    [
      0.3009246289730072,
      -0.009911400265991688,
      0.9535964131355286
    ]
  ],
  "position": [
    -3.32570219039917,
    2.0546016693115234,
    -0.7748237252235413
  ],
  "focal_length": 1530.7855224609375,
  "principal_point": [
    545.5936889648438,
    719.1764526367188
  ],
  "skew": 0.0,
  "pixel_aspect_ratio": 1.0118895769119263,
  "radial_distortion": [
    0.03853635489940643,
    -0.009977939538657665,
    0.0
  ],
  "tangential_distortion": [
    -0.043332938104867935,
    0.0012109986273571849
  ],
  "image_size": [
    1072,
    1920
  ]
}