{
  "orientation": [
    [
      0.9906238317489624,
      -0.11841145157814026,
      -0.06814081221818924
    ],
    [
      0.11441490799188614,
      0.9916287064552307,
      -0.05984758958220482
    ],
    [
      0.07465703040361404,
      0.05149012431502342,
      0.995879054069519
    ]
  ],
  "position": [
    0.23690299689769745,
    -2.445546865463257,
    -0.9428713321685791
  ],
  "focal_length": 1530.7855224609375,
  "principal_point": [
    545.5936889648438,
    719.1764526367188
  ],
  "skew": 0.0,
  "pixel_aspect_ratio": 1.0118895769119263,
  "radial_distortion": [
    0.03853635489940643,
    -0.009977939538657665,
    0.0
  ],
  "tangential_distortion": [
    -0.043332938104867935,
    0.0012109986273571849
  ],
  "image_size": [
    1072,
    1920
  ]
}