{
  "orientation": [
    [
      0.9839742183685303,
      -0.1520223468542099,
      0.09318741410970688
    ],
    [
      0.15966467559337616,
      0.9838510155677795,
      -0.08089698851108551
    ],
    [
      -0.07938438653945923,
      0.09447929263114929,
      0.9923566579818726
    ]
  ],
  "position": [
    -0.35743018984794617,
    -0.8172659277915955,
    0.47439664602279663
  ],
  "focal_length": 1530.7855224609375,
  "principal_point": [
    545.5936889648438,
    719.1764526367188
  ],
  "skew": 0.0,
  "pixel_aspect_ratio": 1.0118895769119263,
  "radial_distortion": [
    0.03853635489940643,
    -0.009977939538657665,
    0.0
  ],
  "tangential_distortion": [
    -0.043332938104867935,
    0.0012109986273571849
  ],
  "image_size": [
    1072,
    1920
  ]
}