{
  "orientation": [
    [
      0.9287641048431396,
      0.046933017671108246,
      -0.36768803000450134
    ],
    [
      -0.039380501955747604,
      0.9988313317298889,
      0.02802095375955105
    ],
    [
      0.3685734272003174,
      -0.01154511608183384,
      0.9295269250869751
    ]
  ],
  "position": [
    -5.024672985076904,
    2.282052516937256,
    2.269213914871216
  ],
  "focal_length": 1530.7855224609375,
  "principal_point": [
    545.5936889648438,
    719.1764526367188
  ],
  "skew": 0.0,
  "pixel_aspect_ratio": 1.0118895769119263,
  "radial_distortion": [
    0.03853635489940643,
    -0.009977939538657665,
    0.0
  ],
  "tangential_distortion": [
    -0.043332938104867935,
    0.0012109986273571849
  ],
  "image_size": [
    1072,
    1920
  ]
}