{
  "orientation": [
    [
      0.9650945067405701,
      -0.0005685919313691556,
      -0.26190128922462463
    ],
    [
      -0.046541545540094376,
      0.9837089776992798,
      -0.17363914847373962
    ],
    [
      0.25773337483406067,
      0.17976747453212738,
      0.9493456482887268
    ]
  ],
  "position": [
    -3.7832930088043213,
    -1.7537683248519897,
    1.6922961473464966
  ],
  "focal_length": 1530.7855224609375,
  "principal_point": [
    545.5936889648438,
    719.1764526367188
  ],
  "skew": 0.0,
  "pixel_aspect_ratio": 1.0118895769119263,
  "radial_distortion": [
    0.03853635489940643,
    -0.009977939538657665,
    0.0
  ],
  "tangential_distortion": [
    -0.043332938104867935,
    0.0012109986273571849
  ],
  "image_size": [
    1072,
    1920
  ]
}