{
  "orientation": [
    [
      0.9941362738609314,
      -0.10427486896514893,
      0.028632622212171555
    ],
    [
      0.1032678410410881,
      0.9940498471260071,
      0.034649692475795746
    ],
    [
      -0.032075345516204834,
      -0.03148968517780304,
      0.9989892840385437
    ]
  ],
  "position": [
    0.8198003172874451,
    -0.06383120268583298,
    0.03273838385939598
  ],
  "focal_length": 1530.7855224609375,
  "principal_point": [
    545.5936889648438,
    719.1764526367188
  ],
  "skew": 0.0,
  "pixel_aspect_ratio": 1.0118895769119263,
  "radial_distortion": [
    0.03853635489940643,
    -0.009977939538657665,
    0.0
  ],
  "tangential_distortion": [
    -0.043332938104867935,
    0.0012109986273571849
  ],
  "image_size": [
    1072,
    1920
  ]
}