{
  "orientation": [
    [
      0.9860676527023315,
      -0.01069171354174614,
      -0.16600070893764496
    ],
    [
      0.013357385993003845,
      0.9997990131378174,
      0.014950063079595566
    ],
    [
      0.16580751538276672,
      -0.016959110274910927,
      0.9860122799873352
    ]
  ],
  "position": [
    -0.2285136878490448,
    1.4187482595443726,
    0.78713458776474
  ],
  "focal_length": 1530.7855224609375,
  "principal_point": [
    545.5936889648438,
    719.1764526367188
  ],
  "skew": 0.0,
  "pixel_aspect_ratio": 1.0118895769119263,
  "radial_distortion": [
    0.03853635489940643,
    -0.009977939538657665,
    0.0
  ],
  "tangential_distortion": [
    -0.043332938104867935,
    0.0012109986273571849
  ],
  "image_size": [
    1072,
    1920
  ]
}