{
  "orientation": [
    [
      0.9474599957466125,
      0.02103063091635704,
      -0.3191821873188019
    ],
    [
      -0.047520898282527924,
      0.9960178136825562,
      -0.07543424516916275
    ],
    [
      0.3163246810436249,
      0.08663875609636307,
      0.9446864128112793
    ]
  ],
  "position": [
    -3.224903106689453,
    -1.873571515083313,
    0.5906675457954407
  ],
  "focal_length": 1530.7855224609375,
  "principal_point": [
    545.5936889648438,
    719.1764526367188
  ],
  "skew": 0.0,
  "pixel_aspect_ratio": 1.0118895769119263,
  "radial_distortion": [
    0.03853635489940643,
    -0.009977939538657665,
    0.0
  ],
  "tangential_distortion": [
    -0.043332938104867935,
    0.0012109986273571849
  ],
  "image_size": [
    1072,
    1920
  ]
}