{
  "orientation": [
    [
      0.9936646223068237,
      -0.05747934430837631,
      -0.09657499939203262
    ],
    [
      0.03877224773168564,
      0.9818851947784424,
      -0.18546733260154724
    ],
    [
      0.10548610985279083,
      0.18054789304733276,
      0.9778932332992554
    ]
  ],
  "position": [
    -1.1238982677459717,
    -3.032012462615967,
    0.49455583095550537
  ],
  "focal_length": 1530.7855224609375,
  "principal_point": [
    545.5936889648438,
    719.1764526367188
  ],
  "skew": 0.0,
  "pixel_aspect_ratio": 1.0118895769119263,
  "radial_distortion": [
    0.03853635489940643,
    -0.009977939538657665,
    0.0
  ],
  "tangential_distortion": [
    -0.043332938104867935,
    0.0012109986273571849
  ],
  "image_size": [
    1072,
    1920
  ]
}