{
  "orientation": [
    [
      0.9926949739456177,
      -0.057064447551965714,
      -0.10630319267511368
    ],
    [
      0.06520576030015945,
      0.9950679540634155,
      0.07475249469280243
    ],
    [
      0.10151319205760956,
      -0.0811380073428154,
      0.9915198683738708
    ]
  ],
  "position": [
    0.016994185745716095,
    2.2743239402770996,
    0.7956264019012451
  ],
  "focal_length": 1530.7855224609375,
  "principal_point": [
    545.5936889648438,
    719.1764526367188
  ],
  "skew": 0.0,
  "pixel_aspect_ratio": 1.0118895769119263,
  "radial_distortion": [
    0.03853635489940643,
    -0.009977939538657665,
    0.0
  ],
  "tangential_distortion": [
    -0.043332938104867935,
    0.0012109986273571849
  ],
  "image_size": [
    1072,
    1920
  ]
}