{
  "orientation": [
    [
      0.917544960975647,
      0.11134377866983414,
      -0.38172483444213867
    ],
    [
      -0.09398598223924637,
      0.9935217499732971,
      0.06388398259878159
    ],
    [
      0.38636499643325806,
      -0.02273964323103428,
      0.9220656156539917
    ]
  ],
  "position": [
    -4.417196750640869,
    0.4373975098133087,
    -0.311709463596344
  ],
  "focal_length": 1530.7855224609375,
  "principal_point": [
    545.5936889648438,
    719.1764526367188
  ],
  "skew": 0.0,
  "pixel_aspect_ratio": 1.0118895769119263,
  "radial_distortion": [
    0.03853635489940643,
    -0.009977939538657665,
    0.0
  ],
  "tangential_distortion": [
    -0.043332938104867935,
    0.0012109986273571849
  ],
  "image_size": [
    1072,
    1920
  ]
}