{
  "orientation": [
    [
      0.9458494782447815,
      0.049956630915403366,
      -0.3207383453845978
    ],
    [
      -0.037237878888845444,
      0.9982622265815735,
      0.04567084461450577
    ],
    [
      0.3224625289440155,
      -0.031254131346940994,
      0.94606614112854
    ]
  ],
  "position": [
    -4.8392863273620605,
    1.4894784688949585,
    1.5185831785202026
  ],
  "focal_length": 1530.7855224609375,
  "principal_point": [
    545.5936889648438,
    719.1764526367188
  ],
  "skew": 0.0,
  "pixel_aspect_ratio": 1.0118895769119263,
  "radial_distortion": [
    0.03853635489940643,
    -0.009977939538657665,
    0.0
  ],
  "tangential_distortion": [
    -0.043332938104867935,
    0.0012109986273571849
  ],
  "image_size": [
    1072,
    1920
  ]
}