{
  "orientation": [
    [
      0.9574876427650452,
      0.07749803364276886,
      -0.2778695523738861
    ],
    [
      -0.0932321846485138,
      0.9946785569190979,
      -0.043844420462846756
    ],
    [
      0.2729930281639099,
      0.06788687407970428,
      0.9596177339553833
    ]
  ],
  "position": [
    -4.638347148895264,
    1.139711856842041,
    1.9606361389160156
  ],
  "focal_length": 1530.7855224609375,
  "principal_point": [
    545.5936889648438,
    719.1764526367188
  ],
  "skew": 0.0,
  "pixel_aspect_ratio": 1.0118895769119263,
  "radial_distortion": [
    0.03853635489940643,
    -0.009977939538657665,
    0.0
  ],
  "tangential_distortion": [
    -0.043332938104867935,
    0.0012109986273571849
  ],
  "image_size": [
    1072,
    1920
  ]
}