{
  "orientation": [
    [
      0.9469704627990723,
      0.09790290147066116,
      -0.3060424327850342
    ],
    [
      -0.08443356305360794,
      0.9947987198829651,
      0.056977689266204834
    ],
    [
      0.31002888083457947,
      -0.028115935623645782,
      0.9503113031387329
    ]
  ],
  "position": [
    -4.836740016937256,
    1.6170152425765991,
    0.1074218824505806
  ],
  "focal_length": 1530.7855224609375,
  "principal_point": [
    545.5936889648438,
    719.1764526367188
  ],
  "skew": 0.0,
  "pixel_aspect_ratio": 1.0118895769119263,
  "radial_distortion": [
    0.03853635489940643,
    -0.009977939538657665,
    0.0
  ],
  "tangential_distortion": [
    -0.043332938104867935,
    0.0012109986273571849
  ],
  "image_size": [
    1072,
    1920
  ]
}