{
  "orientation": [
    [
      0.9407541751861572,
      0.08592378348112106,
      -0.32802245020866394
    ],
    [
      -0.0863313302397728,
      0.9961770176887512,
      0.013348910957574844
    ],
    [
      0.3279154300689697,
      0.015760572627186775,
      0.9445756077766418
    ]
  ],
  "position": [
    -5.040307521820068,
    0.39996907114982605,
    0.06139231473207474
  ],
  "focal_length": 1530.7855224609375,
  "principal_point": [
    545.5936889648438,
    719.1764526367188
  ],
  "skew": 0.0,
  "pixel_aspect_ratio": 1.0118895769119263,
  "radial_distortion": [
    0.03853635489940643,
    -0.009977939538657665,
    0.0
  ],
  "tangential_distortion": [
    -0.043332938104867935,
    0.0012109986273571849
  ],
  "image_size": [
    1072,
    1920
  ]
}