{
  "orientation": [
    [
      0.9777882695198059,
      -0.1710701286792755,
      0.12109938263893127
    ],
    [
      0.17756345868110657,
      0.9830822348594666,
      -0.04495036229491234
    ],
    [
      -0.11136098951101303,
      0.06545476615428925,
      0.9916220903396606
    ]
  ],
  "position": [
    -0.2610442638397217,
    -0.11584574729204178,
    0.983380138874054
  ],
  "focal_length": 1530.7855224609375,
  "principal_point": [
    545.5936889648438,
    719.1764526367188
  ],
  "skew": 0.0,
  "pixel_aspect_ratio": 1.0118895769119263,
  "radial_distortion": [
    0.03853635489940643,
    -0.009977939538657665,
    0.0
  ],
  "tangential_distortion": [
    -0.043332938104867935,
    0.0012109986273571849
  ],
  "image_size": [
    1072,
    1920
  ]
}