{
  "orientation": [
    [
      0.9280840754508972,
      0.059603944420814514,
      -0.3675694167613983
    ],
    [
      -0.06980136036872864,
      0.9974555373191833,
      -0.014498626813292503
    ],
    [
      0.36576998233795166,
      0.039112791419029236,
      0.9298830628395081
    ]
  ],
  "position": [
    -4.901454448699951,
    1.6310652494430542,
    2.4488773345947266
  ],
  "focal_length": 1530.7855224609375,
  "principal_point": [
    545.5936889648438,
    719.1764526367188
  ],
  "skew": 0.0,
  "pixel_aspect_ratio": 1.0118895769119263,
  "radial_distortion": [
    0.03853635489940643,
    -0.009977939538657665,
    0.0
  ],
  "tangential_distortion": [
    -0.043332938104867935,
    0.0012109986273571849
  ],
  "image_size": [
    1072,
    1920
  ]
}