{
  "orientation": [
    [
      0.9884784817695618,
      -0.09051172435283661,
      0.12131732702255249
    ],
    [
      0.08516217768192291,
      0.995181679725647,
      0.04858845844864845
    ],
    [
      -0.12513060867786407,
      -0.037696998566389084,
      0.9914238452911377
    ]
  ],
  "position": [
    2.2405338287353516,
    2.7052791118621826,
    0.29265621304512024
  ],
  "focal_length": 1530.7855224609375,
  "principal_point": [
    545.5936889648438,
    719.1764526367188
  ],
  "skew": 0.0,
  "pixel_aspect_ratio": 1.0118895769119263,
  "radial_distortion": [
    0.03853635489940643,
    -0.009977939538657665,
    0.0
  ],
  "tangential_distortion": [
    -0.043332938104867935,
    0.0012109986273571849
  ],
  "image_size": [
    1072,
    1920
  ]
}