{
  "orientation": [
    [
      0.931954026222229,
      0.10728377848863602,
      -0.34634071588516235
    ],
    [
      -0.07949987798929214,
      0.9924402832984924,
      0.09349898248910904
    ],
    [
      0.3537534177303314,
      -0.059602707624435425,
      0.9334377646446228
    ]
  ],
  "position": [
    -4.812341690063477,
    0.4089292883872986,
    -0.9985519051551819
  ],
  "focal_length": 1530.7855224609375,
  "principal_point": [
    545.5936889648438,
    719.1764526367188
  ],
  "skew": 0.0,
  "pixel_aspect_ratio": 1.0118895769119263,
  "radial_distortion": [
    0.03853635489940643,
    -0.009977939538657665,
    0.0
  ],
  "tangential_distortion": [
    -0.043332938104867935,
    0.0012109986273571849
  ],
  "image_size": [
    1072,
    1920
  ]
}