{
  "orientation": [
    [
      0.9581755995750427,
      -0.03494950011372566,
      -0.284038782119751
    ],
    [
      0.052021920680999756,
      0.9972500205039978,
      0.05278415605425835
    ],
    [
      0.28141289949417114,
      -0.06535273790359497,
      0.9573587775230408
    ]
  ],
  "position": [
    -3.1829419136047363,
    3.468229055404663,
    1.9252897500991821
  ],
  "focal_length": 1530.7855224609375,
  "principal_point": [
    545.5936889648438,
    719.1764526367188
  ],
  "skew": 0.0,
  "pixel_aspect_ratio": 1.0118895769119263,
  "radial_distortion": [
    0.03853635489940643,
    -0.009977939538657665,
    0.0
  ],
  "tangential_distortion": [
    -0.043332938104867935,
    0.0012109986273571849
  ],
  "image_size": [
    1072,
    1920
  ]
}