{
  "orientation": [
    [
      0.9250676035881042,
      0.07023929059505463,
      -0.37325114011764526
    ],
    [
      -0.07407151162624359,
      0.9972445964813232,
      0.00408463180065155
    ],
    [
      0.37250956892967224,
      0.02386871539056301,
      0.9277213215827942
    ]
  ],
  "position": [
    -4.733755588531494,
    -2.0853137969970703,
    -0.8941754102706909
  ],
  "focal_length": 1530.7855224609375,
  "principal_point": [
    545.5936889648438,
    719.1764526367188
  ],
  "skew": 0.0,
  "pixel_aspect_ratio": 1.0118895769119263,
  "radial_distortion": [
    0.03853635489940643,
    -0.009977939538657665,
    0.0
  ],
  "tangential_distortion": [
    -0.043332938104867935,
    0.0012109986273571849
  ],
  "image_size": [
    1072,
    1920
  ]
}