{
  "orientation": [
    [
      0.9835716485977173,
      0.03648032620549202,
      -0.17679350078105927
    ],
    [
      -0.01860509254038334,
      0.9946380257606506,
      0.10173040628433228
    ],
    [
      0.1795566976070404,
      -0.09676989167928696,
      0.9789764881134033
    ]
  ],
  "position": [
    -3.3442656993865967,
    2.8962674140930176,
    -0.3413309156894684
  ],
  "focal_length": 1530.7855224609375,
  "principal_point": [
    545.5936889648438,
    719.1764526367188
  ],
  "skew": 0.0,
  "pixel_aspect_ratio": 1.0118895769119263,
  "radial_distortion": [
    0.03853635489940643,
    -0.009977939538657665,
    0.0
  ],
  "tangential_distortion": [
    -0.043332938104867935,
    0.0012109986273571849
  ],
  "image_size": [
    1072,
    1920
  ]
}