{
  "orientation": [
    [
      0.9586196541786194,
      0.08314955979585648,
      -0.2722766101360321
    ],
    [
      -0.06569662690162659,
      0.9951938390731812,
      0.07261677086353302
    ],
    [
      0.277006059885025,
      -0.051724206656217575,
      0.9594749808311462
    ]
  ],
  "position": [
    -3.2796859741210938,
    2.356738567352295,
    -0.24982091784477234
  ],
  "focal_length": 1530.7855224609375,
  "principal_point": [
    545.5936889648438,
    719.1764526367188
  ],
  "skew": 0.0,
  "pixel_aspect_ratio": 1.0118895769119263,
  "radial_distortion": [
    0.03853635489940643,
    -0.009977939538657665,
    0.0
  ],
  "tangential_distortion": [
    -0.043332938104867935,
    0.0012109986273571849
  ],
  "image_size": [
    1072,
    1920
  ]
}