{
  "orientation": [
    [
      0.9972109794616699,
      -0.04083077609539032,
      -0.06247444823384285
    ],
    [
      0.047170452773571014,
      0.9934977889060974,
      0.10362011194229126
    ],
    [
      0.057837337255477905,
      -0.10627806186676025,
      0.9926528930664062
    ]
  ],
  "position": [
    0.16737109422683716,
    1.1719646453857422,
    -0.3036300241947174
  ],
  "focal_length": 1530.7855224609375,
  "principal_point": [
    545.5936889648438,
    719.1764526367188
  ],
  "skew": 0.0,
  "pixel_aspect_ratio": 1.0118895769119263,
  "radial_distortion": [
    0.03853635489940643,
    -0.009977939538657665,
    0.0
  ],
  "tangential_distortion": [
    -0.043332938104867935,
    0.0012109986273571849
  ],
  "image_size": [
    1072,
    1920
  ]
}