{
  "orientation": [
    [
      0.9972963929176331,
      -0.0658314973115921,
      0.032650597393512726
    ],
    [
      0.06314818561077118,
      0.9950031638145447,
      0.07733683288097382
    ],
    [
      -0.03757864981889725,
      -0.07506591826677322,
      0.9964702725410461
    ]
  ],
  "position": [
    0.9470502138137817,
    3.226410388946533,
    0.06864163279533386
  ],
  "focal_length": 1530.7855224609375,
  "principal_point": [
    545.5936889648438,
    719.1764526367188
  ],
  "skew": 0.0,
  "pixel_aspect_ratio": 1.0118895769119263,
  "radial_distortion": [
    0.03853635489940643,
    -0.009977939538657665,
    0.0
  ],
  "tangential_distortion": [
    -0.043332938104867935,
    0.0012109986273571849
  ],
  "image_size": [
    1072,
    1920
  ]
}