{
  "orientation": [
    [
      0.9814582467079163,
      -0.06445950269699097,
      -0.1805122345685959
    ],
    [
      0.04272880032658577,
      0.9916362166404724,
      -0.12178591638803482
    ],
    [
      0.18685273826122284,
      0.1118147224187851,
      0.9760038256645203
    ]
  ],
  "position": [
    -2.1730778217315674,
    -3.503833055496216,
    -0.9956421852111816
  ],
  "focal_length": 1530.7855224609375,
  "principal_point": [
    545.5936889648438,
    719.1764526367188
  ],
  "skew": 0.0,
  "pixel_aspect_ratio": 1.0118895769119263,
  "radial_distortion": [
    0.03853635489940643,
    -0.009977939538657665,
    0.0
  ],
  "tangential_distortion": [
    -0.043332938104867935,
    0.0012109986273571849
  ],
  "image_size": [
    1072,
    1920
  ]
}