{
  "orientation": [
    [
      0.9855233430862427,
      -0.08497505635023117,
      -0.1467071920633316
    ],
    [
      0.06708281487226486,
      0.9901523590087891,
      -0.12287453562021255
    ],
    [
      0.15570375323295593,
      0.11125419288873672,
      0.9815186262130737
    ]
  ],
  "position": [
    -0.5303521752357483,
    -2.9204940795898438,
    -0.6300596594810486
  ],
  "focal_length": 1530.7855224609375,
  "principal_point": [
    545.5936889648438,
    719.1764526367188
  ],
  "skew": 0.0,
  "pixel_aspect_ratio": 1.0118895769119263,
  "radial_distortion": [
    0.03853635489940643,
    -0.009977939538657665,
    0.0
  ],
  "tangential_distortion": [
    -0.043332938104867935,
    0.0012109986273571849
  ],
  "image_size": [
    1072,
    1920
  ]
}