{
  "orientation": [
    [
      0.9946159720420837,
      -0.026742056012153625,
      -0.10011978447437286
    ],
    [
      -0.00042791650048457086,
      0.9650623798370361,
      -0.2620197832584381
    ],
    [
      0.10362879186868668,
      0.26065191626548767,
      0.9598550200462341
    ]
  ],
  "position": [
    -1.1511330604553223,
    -2.243851900100708,
    -0.37472987174987793
  ],
  "focal_length": 1530.7855224609375,
  "principal_point": [
    545.5936889648438,
    719.1764526367188
  ],
  "skew": 0.0,
  "pixel_aspect_ratio": 1.0118895769119263,
  "radial_distortion": [
    0.03853635489940643,
    -0.009977939538657665,
    0.0
  ],
  "tangential_distortion": [
    -0.043332938104867935,
    0.0012109986273571849
  ],
  "image_size": [
    1072,
    1920
  ]
}