{
  "orientation": [
    [
      0.9970031380653381,
      -0.07710929960012436,
      -0.006237211637198925
    ],
    [
      0.07539207488298416,
      0.9865380525588989,
      -0.1451161652803421
    ],
    [
      0.017343051731586456,
      0.1442110240459442,
      0.9893949627876282
    ]
  ],
  "position": [
    -0.39451950788497925,
    -1.622353196144104,
    -0.32776665687561035
  ],
  "focal_length": 1530.7855224609375,
  "principal_point": [
    545.5936889648438,
    719.1764526367188
  ],
  "skew": 0.0,
  "pixel_aspect_ratio": 1.0118895769119263,
  "radial_distortion": [
    0.03853635489940643,
    -0.009977939538657665,
    0.0
  ],
  "tangential_distortion": [
    -0.043332938104867935,
    0.0012109986273571849
  ],
  "image_size": [
    1072,
    1920
  ]
}