{
  "orientation": [
    [
      0.9908535480499268,
      -0.0751810371875763,
      -0.11205829679965973
    ],
    [
      0.05437512695789337,
      0.982464611530304,
      -0.1783440113067627
    ],
    [
      0.12350139766931534,
      0.17061960697174072,
      0.9775665402412415
    ]
  ],
  "position": [
    -1.4762768745422363,
    1.3874245882034302,
    0.9546599984169006
  ],
  "focal_length": 1530.7855224609375,
  "principal_point": [
    545.5936889648438,
    719.1764526367188
  ],
  "skew": 0.0,
  "pixel_aspect_ratio": 1.0118895769119263,
  "radial_distortion": [
    0.03853635489940643,
    -0.009977939538657665,
    0.0
  ],
  "tangential_distortion": [
    -0.043332938104867935,
    0.0012109986273571849
  ],
  "image_size": [
    1072,
    1920
  ]
}