{
  "orientation": [
    [
      0.979473352432251,
      0.05196680128574371,
      -0.19475987553596497
    ],
    [
      -0.03440345078706741,
      0.9951179027557373,
      0.09250278770923615
    ],
    [
      0.19861610233783722,
      -0.08390361070632935,
      0.9764792919158936
    ]
  ],
  "position": [
    -3.877112627029419,
    2.6860601902008057,
    -0.37654080986976624
  ],
  "focal_length": 1530.7855224609375,
  "principal_point": [
    545.5936889648438,
    719.1764526367188
  ],
  "skew": 0.0,
  "pixel_aspect_ratio": 1.0118895769119263,
  "radial_distortion": [
    0.03853635489940643,
    -0.009977939538657665,
    0.0
  ],
  "tangential_distortion": [
    -0.043332938104867935,
    0.0012109986273571849
  ],
  "image_size": [
    1072,
    1920
  ]
}