{
  "orientation": [
    [
      0.9774697422981262,
      0.08596470206975937,
      -0.1927768588066101
    ],
    [
      -0.1011868342757225,
      0.9923633933067322,
      -0.07054189592599869
    ],
    [
      0.18524058163166046,
      0.08845905214548111,
      0.9787036776542664
    ]
  ],
  "position": [
    -2.568436861038208,
    3.088785409927368,
    1.1730798482894897
  ],
  "focal_length": 1530.7855224609375,
  "principal_point": [
    545.5936889648438,
    719.1764526367188
  ],
  "skew": 0.0,
  "pixel_aspect_ratio": 1.0118895769119263,
  "radial_distortion": [
    0.03853635489940643,
    -0.009977939538657665,
    0.0
  ],
  "tangential_distortion": [
    -0.043332938104867935,
    0.0012109986273571849
  ],
  "image_size": [
    1072,
    1920
  ]
}