{
  "orientation": [
    [
      0.987792432308197,
      -0.011714877560734749,
      -0.1553347408771515
    ],
    [
      -0.012577458284795284,
      0.9879147410392761,
      -0.15448713302612305
    ],
    [
      0.15526726841926575,
      0.15455493330955505,
      0.9757073521614075
    ]
  ],
  "position": [
    -3.010005474090576,
    -0.5253675580024719,
    -0.15217217803001404
  ],
  "focal_length": 1530.7855224609375,
  "principal_point": [
    545.5936889648438,
    719.1764526367188
  ],
  "skew": 0.0,
  "pixel_aspect_ratio": 1.0118895769119263,
  "radial_distortion": [
    0.03853635489940643,
    -0.009977939538657665,
    0.0
  ],
  "tangential_distortion": [
    -0.043332938104867935,
    0.0012109986273571849
  ],
  "image_size": [
    1072,
    1920
  ]
}