{
  "orientation": [
    [
      0.9944998621940613,
      -0.09823834151029587,
      0.03632103279232979
    ],
    [
      0.10082501173019409,
      0.9918404817581177,
      -0.07801810652017593
    ],
    [
      -0.02836029976606369,
      0.08125106245279312,
      0.9962900876998901
    ]
  ],
  "position": [
    -0.10628239810466766,
    -2.536151885986328,
    -0.9057486057281494
  ],
  "focal_length": 1530.7855224609375,
  "principal_point": [
    545.5936889648438,
    719.1764526367188
  ],
  "skew": 0.0,
  "pixel_aspect_ratio": 1.0118895769119263,
  "radial_distortion": [
    0.03853635489940643,
    -0.009977939538657665,
    0.0
  ],
  "tangential_distortion": [
    -0.043332938104867935,
    0.0012109986273571849
  ],
  "image_size": [
    1072,
    1920
  ]
}