{
  "orientation": [
    [
      0.9990408420562744,
      -0.018279466778039932,
      -0.039789821952581406
    ],
    [
      0.021406391635537148,
      0.996594250202179,
      0.0796346440911293
    ],
    [
      0.03819862753152847,
      -0.08041001856327057,
      0.9960296750068665
    ]
  ],
  "position": [
    -0.6854972243309021,
    3.2809722423553467,
    -0.18077275156974792
  ],
  "focal_length": 1530.7855224609375,
  "principal_point": [
    545.5936889648438,
    719.1764526367188
  ],
  "skew": 0.0,
  "pixel_aspect_ratio": 1.0118895769119263,
  "radial_distortion": [
    0.03853635489940643,
    -0.009977939538657665,
    0.0
  ],
  "tangential_distortion": [
    -0.043332938104867935,
    0.0012109986273571849
  ],
  "image_size": [
    1072,
    1920
  ]
}