{
  "orientation": [
    [
      0.9733554720878601,
      -0.120816171169281,
      0.1948912888765335
    ],
    [
      0.14097391068935394,
      0.9856292605400085,
      -0.09306606650352478
    ],
    [
      -0.1808466613292694,
      0.11806095391511917,
      0.9763995409011841
    ]
  ],
  "position": [
    2.365100622177124,
    -0.2634030878543854,
    0.2368960827589035
  ],
  "focal_length": 1530.7855224609375,
  "principal_point": [
    545.5936889648438,
    719.1764526367188
  ],
  "skew": 0.0,
  "pixel_aspect_ratio": 1.0118895769119263,
  "radial_distortion": [
    0.03853635489940643,
    -0.009977939538657665,
    0.0
  ],
  "tangential_distortion": [
    -0.043332938104867935,
    0.0012109986273571849
  ],
  "image_size": [
    1072,
    1920
  ]
}