{
  "orientation": [
    [
      0.9792309403419495,
      0.09309373795986176,
      -0.18011200428009033
    ],
    [
      -0.11233552545309067,
      0.9886515140533447,
      -0.09974437206983566
    ],
    [
      0.16878242790699005,
      0.11790575087070465,
      0.9785758852958679
    ]
  ],
  "position": [
    -3.321052074432373,
    -0.4109337329864502,
    -0.02136976830661297
  ],
  "focal_length": 1530.7855224609375,
  "principal_point": [
    545.5936889648438,
    719.1764526367188
  ],
  "skew": 0.0,
  "pixel_aspect_ratio": 1.0118895769119263,
  "radial_distortion": [
    0.03853635489940643,
    -0.009977939538657665,
    0.0
  ],
  "tangential_distortion": [
    -0.043332938104867935,
    0.0012109986273571849
  ],
  "image_size": [
    1072,
    1920
  ]
}