{
  "orientation": [
    [
      0.9974139332771301,
      -0.02153068780899048,
      -0.06857046484947205
    ],
    [
      0.010538999922573566,
      0.987575113773346,
      -0.15679383277893066
    ],
    [
      0.07109436392784119,
      0.15566569566726685,
      0.9852480888366699
    ]
  ],
  "position": [
    -1.2520735263824463,
    -2.9385271072387695,
    -0.3445226550102234
  ],
  "focal_length": 1530.7855224609375,
  "principal_point": [
    545.5936889648438,
    719.1764526367188
  ],
  "skew": 0.0,
  "pixel_aspect_ratio": 1.0118895769119263,
  "radial_distortion": [
    0.03853635489940643,
    -0.009977939538657665,
    0.0
  ],
  "tangential_distortion": [
    -0.043332938104867935,
    0.0012109986273571849
  ],
  "image_size": [
    1072,
    1920
  ]
}