{
  "orientation": [
    [
      0.9884290099143982,
      -0.08300954848527908,
      -0.1269548535346985
    ],
    [
      0.07015397399663925,
      0.9922472238540649,
      -0.10258588194847107
    ],
    [
      0.13448621332645416,
      0.09249247610569,
      0.9865893721580505
    ]
  ],
  "position": [
    -1.3978077173233032,
    -3.0378284454345703,
    -1.0984385013580322
  ],
  "focal_length": 1530.7855224609375,
  "principal_point": [
    545.5936889648438,
    719.1764526367188
  ],
  "skew": 0.0,
  "pixel_aspect_ratio": 1.0118895769119263,
  "radial_distortion": [
    0.03853635489940643,
    -0.009977939538657665,
    0.0
  ],
  "tangential_distortion": [
    -0.043332938104867935,
    0.0012109986273571849
  ],
  "image_size": [
    1072,
    1920
  ]
}