{
  "orientation": [
    [
      0.9990301132202148,
      -0.04374511539936066,
      -0.005023200996220112
    ],
    [
      0.04400121420621872,
      0.996105968952179,
      0.07639891654253006
    ],
    [
      0.0016615610802546144,
      -0.0765458419919014,
      0.9970646500587463
    ]
  ],
  "position": [
    0.1988420933485031,
    3.3208696842193604,
    -0.12341790646314621
  ],
  "focal_length": 1530.7855224609375,
  "principal_point": [
    545.5936889648438,
    719.1764526367188
  ],
  "skew": 0.0,
  "pixel_aspect_ratio": 1.0118895769119263,
  "radial_distortion": [
    0.03853635489940643,
    -0.009977939538657665,
    0.0
  ],
  "tangential_distortion": [
    -0.043332938104867935,
    0.0012109986273571849
  ],
  "image_size": [
    1072,
    1920
  ]
}