{
  "orientation": [
    [
      0.9485653042793274,
      0.046820782124996185,
      -0.31310003995895386
    ],
    [
      -0.038070179522037506,
      0.9986962080001831,
      0.034007295966148376
    ],
    [
      0.314284086227417,
      -0.02033836767077446,
      0.9491111040115356
    ]
  ],
  "position": [
    -4.826669216156006,
    0.4538632929325104,
    1.0482655763626099
  ],
  "focal_length": 1530.7855224609375,
  "principal_point": [
    545.5936889648438,
    719.1764526367188
  ],
  "skew": 0.0,
  "pixel_aspect_ratio": 1.0118895769119263,
  "radial_distortion": [
    0.03853635489940643,
    -0.009977939538657665,
    0.0
  ],
  "tangential_distortion": [
    -0.043332938104867935,
    0.0012109986273571849
  ],
  "image_size": [
    1072,
    1920
  ]
}