{
  "orientation": [
    [
      0.9916958212852478,
      -0.08016536384820938,
      -0.10056283324956894
    ],
    [
      0.0791233628988266,
      0.9967620372772217,
      -0.014314267784357071
    ],
    [
      0.1013847291469574,
      0.0062385303899645805,
      0.9948277473449707
    ]
  ],
  "position": [
    -0.35247737169265747,
    -1.4896925687789917,
    -1.7584385871887207
  ],
  "focal_length": 1530.7855224609375,
  "principal_point": [
    545.5936889648438,
    719.1764526367188
  ],
  "skew": 0.0,
  "pixel_aspect_ratio": 1.0118895769119263,
  "radial_distortion": [
    0.03853635489940643,
    -0.009977939538657665,
    0.0
  ],
  "tangential_distortion": [
    -0.043332938104867935,
    0.0012109986273571849
  ],
  "image_size": [
    1072,
    1920
  ]
}