{
  "orientation": [
    [
      0.9300535917282104,
      0.09016340225934982,
      -0.35618942975997925
    ],
    [
      -0.13374905288219452,
      0.9859926700592041,
      -0.09964732825756073
    ],
    [
      0.3422156274318695,
      0.14031735062599182,
      0.9290853142738342
    ]
  ],
  "position": [
    -4.157564163208008,
    0.07896716147661209,
    -0.17390382289886475
  ],
  "focal_length": 1530.7855224609375,
  "principal_point": [
    545.5936889648438,
    719.1764526367188
  ],
  "skew": 0.0,
  "pixel_aspect_ratio": 1.0118895769119263,
  "radial_distortion": [
    0.03853635489940643,
    -0.009977939538657665,
    0.0
  ],
  "tangential_distortion": [
    -0.043332938104867935,
    0.0012109986273571849
  ],
  "image_size": [
    1072,
    1920
  ]
}