{
  "orientation": [
    [
      0.9746177196502686,
      0.046164773404598236,
      -0.21906429529190063
    ],
    [
      -0.0769718661904335,
      0.9879534840583801,
      -0.13425050675868988
    ],
    [
      0.21022769808769226,
      0.14770470559597015,
      0.9664303660392761
    ]
  ],
  "position": [
    -4.055885314941406,
    -0.8659653663635254,
    0.06844180822372437
  ],
  "focal_length": 1530.7855224609375,
  "principal_point": [
    545.5936889648438,
    719.1764526367188
  ],
  "skew": 0.0,
  "pixel_aspect_ratio": 1.0118895769119263,
  "radial_distortion": [
    0.03853635489940643,
    -0.009977939538657665,
    0.0
  ],
  "tangential_distortion": [
    -0.043332938104867935,
    0.0012109986273571849
  ],
  "image_size": [
    1072,
    1920
  ]
}