{
  "orientation": [
    [
      0.9985855221748352,
      -0.04619329422712326,
      -0.026327982544898987
    ],
    [
      0.038170646876096725,
      0.9675400853157043,
      -0.24981825053691864
    ],
    [
      0.037013307213783264,
      0.24845992028713226,
      0.9679347276687622
    ]
  ],
  "position": [
    -0.41283074021339417,
    -2.23359751701355,
    -0.284737765789032
  ],
  "focal_length": 1530.7855224609375,
  "principal_point": [
    545.5936889648438,
    719.1764526367188
  ],
  "skew": 0.0,
  "pixel_aspect_ratio": 1.0118895769119263,
  "radial_distortion": [
    0.03853635489940643,
    -0.009977939538657665,
    0.0
  ],
  "tangential_distortion": [
    -0.043332938104867935,
    0.0012109986273571849
  ],
  "image_size": [
    1072,
    1920
  ]
}