{
  "orientation": [
    [
      0.9935701489448547,
      -0.10200595110654831,
      -0.04912325367331505
    ],
    [
      0.10007791221141815,
      0.99416583776474,
      -0.040233463048934937
    ],
    [
      0.05294071510434151,
      0.03505861759185791,
      0.9979820251464844
    ]
  ],
  "position": [
    -0.278496652841568,
    -1.0040398836135864,
    -0.8765472769737244
  ],
  "focal_length": 1530.7855224609375,
  "principal_point": [
    545.5936889648438,
    719.1764526367188
  ],
  "skew": 0.0,
  "pixel_aspect_ratio": 1.0118895769119263,
  "radial_distortion": [
    0.03853635489940643,
    -0.009977939538657665,
    0.0
  ],
  "tangential_distortion": [
    -0.043332938104867935,
    0.0012109986273571849
  ],
  "image_size": [
    1072,
    1920
  ]
}