{
  "orientation": [
    [
      0.9302417635917664,
      0.10043319314718246,
      -0.3529355227947235
    ],
    [
      -0.11649008095264435,
      0.9928897619247437,
      -0.02449413202702999
    ],
    [
      0.3479660451412201,
      0.0638989508152008,
      0.9353269934654236
    ]
  ],
  "position": [
    -4.300029277801514,
    1.3080259561538696,
    -0.32324129343032837
  ],
  "focal_length": 1530.7855224609375,
  "principal_point": [
    545.5936889648438,
    719.1764526367188
  ],
  "skew": 0.0,
  "pixel_aspect_ratio": 1.0118895769119263,
  "radial_distortion": [
    0.03853635489940643,
    -0.009977939538657665,
    0.0
  ],
  "tangential_distortion": [
    -0.043332938104867935,
    0.0012109986273571849
  ],
  "image_size": [
    1072,
    1920
  ]
}