{
  "orientation": [
    [
      0.9934707283973694,
      -0.10710059106349945,
      0.03931055963039398
    ],
    [
      0.10744059830904007,
      0.9941893815994263,
      -0.0066348048858344555
    ],
    [
      -0.03837154805660248,
      0.010815034620463848,
      0.9992049932479858
    ]
  ],
  "position": [
    0.9820418953895569,
    -0.9210894107818604,
    0.04368698596954346
  ],
  "focal_length": 1530.7855224609375,
  "principal_point": [
    545.5936889648438,
    719.1764526367188
  ],
  "skew": 0.0,
  "pixel_aspect_ratio": 1.0118895769119263,
  "radial_distortion": [
    0.03853635489940643,
    -0.009977939538657665,
    0.0
  ],
  "tangential_distortion": [
    -0.043332938104867935,
    0.0012109986273571849
  ],
  "image_size": [
    1072,
    1920
  ]
}