{
  "orientation": [
    [
      0.975114643573761,
      0.07932963967323303,
      -0.20702239871025085
    ],
    [
      -0.09428337216377258,
      0.9935258626937866,
      -0.06337983161211014
    ],
    [
      0.20065420866012573,
      0.0813213661313057,
      0.9762810468673706
    ]
  ],
  "position": [
    -3.5526678562164307,
    1.2281239032745361,
    0.41871175169944763
  ],
  "focal_length": 1530.7855224609375,
  "principal_point": [
    545.5936889648438,
    719.1764526367188
  ],
  "skew": 0.0,
  "pixel_aspect_ratio": 1.0118895769119263,
  "radial_distortion": [
    0.03853635489940643,
    -0.009977939538657665,
    0.0
  ],
  "tangential_distortion": [
    -0.043332938104867935,
    0.0012109986273571849
  ],
  "image_size": [
    1072,
    1920
  ]
}