{
  "orientation": [
    [
      0.9066717028617859,
      0.12710124254226685,
      -0.4022333323955536
    ],
    [
      -0.1207447424530983,
      0.9918267130851746,
      0.04123619571328163
    ],
    [
      0.4041869640350342,
      0.011179869063198566,
      0.9146080613136292
    ]
  ],
  "position": [
    -4.295559406280518,
    -0.11263375729322433,
    -0.25190049409866333
  ],
  "focal_length": 1530.7855224609375,
  "principal_point": [
    545.5936889648438,
    719.1764526367188
  ],
  "skew": 0.0,
  "pixel_aspect_ratio": 1.0118895769119263,
  "radial_distortion": [
    0.03853635489940643,
    -0.009977939538657665,
    0.0
  ],
  "tangential_distortion": [
    -0.043332938104867935,
    0.0012109986273571849
  ],
  "image_size": [
    1072,
    1920
  ]
}