{
  "orientation": [
    [
      0.9447952508926392,
      0.07432930916547775,
      -0.3191191852092743
    ],
    [
      -0.13713303208351135,
      0.9742298722267151,
      -0.1790829300880432
    ],
    [
      0.29758432507514954,
      0.21295848488807678,
      0.9306407570838928
    ]
  ],
  "position": [
    -3.5241122245788574,
    -1.2383226156234741,
    -0.3257603347301483
  ],
  "focal_length": 1530.7855224609375,
  "principal_point": [
    545.5936889648438,
    719.1764526367188
  ],
  "skew": 0.0,
  "pixel_aspect_ratio": 1.0118895769119263,
  "radial_distortion": [
    0.03853635489940643,
    -0.009977939538657665,
    0.0
  ],
  "tangential_distortion": [
    -0.043332938104867935,
    0.0012109986273571849
  ],
  "image_size": [
    1072,
    1920
  ]
}