{
  "orientation": [
    [
      0.9865036606788635,
      -0.03468964993953705,
      -0.1600225269794464
    ],
    [
      0.0006179297342896461,
      0.978082001209259,
      -0.2082190364599228
    ],
    [
      0.1637381911277771,
      0.2053099423646927,
      0.964902937412262
    ]
  ],
  "position": [
    -2.017206907272339,
    -2.996769666671753,
    0.8659294843673706
  ],
  "focal_length": 1530.7855224609375,
  "principal_point": [
    545.5936889648438,
    719.1764526367188
  ],
  "skew": 0.0,
  "pixel_aspect_ratio": 1.0118895769119263,
  "radial_distortion": [
    0.03853635489940643,
    -0.009977939538657665,
    0.0
  ],
  "tangential_distortion": [
    -0.043332938104867935,
    0.0012109986273571849
  ],
  "image_size": [
    1072,
    1920
  ]
}