{
  "orientation": [
    [
      0.9933367371559143,
      -0.07610349357128143,
      0.086546890437603
    ],
    [
      0.07119099050760269,
      0.9957456588745117,
      0.05850115790963173
    ],
    [
      -0.09063083678483963,
      -0.05194999277591705,
      0.9945286512374878
    ]
  ],
  "position": [
    1.7510820627212524,
    2.9356184005737305,
    0.20935314893722534
  ],
  "focal_length": 1530.7855224609375,
  "principal_point": [
    545.5936889648438,
    719.1764526367188
  ],
  "skew": 0.0,
  "pixel_aspect_ratio": 1.0118895769119263,
  "radial_distortion": [
    0.03853635489940643,
    -0.009977939538657665,
    0.0
  ],
  "tangential_distortion": [
    -0.043332938104867935,
    0.0012109986273571849
  ],
  "image_size": [
    1072,
    1920
  ]
}