{
  "orientation": [
    [
      0.9417808651924133,
      0.06092996895313263,
      -0.3306604027748108
    ],
    [
      -0.04299916699528694,
      0.9971939325332642,
      0.0612809956073761
    ],
    [
      0.33346641063690186,
      -0.04349514842033386,
      0.9417580962181091
    ]
  ],
  "position": [
    -3.873067617416382,
    1.15543794631958,
    -0.3385874330997467
  ],
  "focal_length": 1530.7855224609375,
  "principal_point": [
    545.5936889648438,
    719.1764526367188
  ],
  "skew": 0.0,
  "pixel_aspect_ratio": 1.0118895769119263,
  "radial_distortion": [
    0.03853635489940643,
    -0.009977939538657665,
    0.0
  ],
  "tangential_distortion": [
    -0.043332938104867935,
    0.0012109986273571849
  ],
  "image_size": [
    1072,
    1920
  ]
}