{
  "orientation": [
    [
      0.9894415736198425,
      -0.12307608127593994,
      0.0765356495976448
    ],
    [
      0.12096530199050903,
      0.9921521544456482,
      0.0316467322409153
    ],
    [
      -0.07982996106147766,
      -0.022054435685276985,
      0.996564507484436
    ]
  ],
  "position": [
    1.0431641340255737,
    -1.0170000791549683,
    -1.2261950969696045
  ],
  "focal_length": 1530.7855224609375,
  "principal_point": [
    545.5936889648438,
    719.1764526367188
  ],
  "skew": 0.0,
  "pixel_aspect_ratio": 1.0118895769119263,
  "radial_distortion": [
    0.03853635489940643,
    -0.009977939538657665,
    0.0
  ],
  "tangential_distortion": [
    -0.043332938104867935,
    0.0012109986273571849
  ],
  "image_size": [
    1072,
    1920
  ]
}