{
  "orientation": [
    [
      0.9642079472541809,
      0.06105603277683258,
      -0.25802159309387207
    ],
    [
      -0.1016559973359108,
      0.983889639377594,
      -0.14706182479858398
    ],
    [
      0.24488577246665955,
      0.16802763938903809,
      0.954880952835083
    ]
  ],
  "position": [
    -3.9108924865722656,
    -1.6960573196411133,
    1.027374267578125
  ],
  "focal_length": 1530.7855224609375,
  "principal_point": [
    545.5936889648438,
    719.1764526367188
  ],
  "skew": 0.0,
  "pixel_aspect_ratio": 1.0118895769119263,
  "radial_distortion": [
    0.03853635489940643,
    -0.009977939538657665,
    0.0
  ],
  "tangential_distortion": [
    -0.043332938104867935,
    0.0012109986273571849
  ],
  "image_size": [
    1072,
    1920
  ]
}