{
  "orientation": [
    [
      0.9609881639480591,
      0.025342782959342003,
      -0.27542591094970703
    ],
    [
      -0.04888667166233063,
      0.9956787824630737,
      -0.07895496487617493
    ],
    [
      0.27223479747772217,
      0.08933945000171661,
      0.9580744504928589
    ]
  ],
  "position": [
    -2.4192733764648438,
    -2.265671968460083,
    0.08201203495264053
  ],
  "focal_length": 1530.7855224609375,
  "principal_point": [
    545.5936889648438,
    719.1764526367188
  ],
  "skew": 0.0,
  "pixel_aspect_ratio": 1.0118895769119263,
  "radial_distortion": [
    0.03853635489940643,
    -0.009977939538657665,
    0.0
  ],
  "tangential_distortion": [
    -0.043332938104867935,
    0.0012109986273571849
  ],
  "image_size": [
    1072,
    1920
  ]
}