{
  "orientation": [
    [
      0.996452808380127,
      -0.08403879404067993,
      0.0043972209095954895
    ],
    [
      0.08410266786813736,
      0.9926670789718628,
      -0.08682657778263092
    ],
    [
      0.002931824652478099,
      0.0868884027004242,
      0.9962137341499329
    ]
  ],
  "position": [
    0.5115059018135071,
    -2.373326063156128,
    -0.038564711809158325
  ],
  "focal_length": 1530.7855224609375,
  "principal_point": [
    545.5936889648438,
    719.1764526367188
  ],
  "skew": 0.0,
  "pixel_aspect_ratio": 1.0118895769119263,
  "radial_distortion": [
    0.03853635489940643,
    -0.009977939538657665,
    0.0
  ],
  "tangential_distortion": [
    -0.043332938104867935,
    0.0012109986273571849
  ],
  "image_size": [
    1072,
    1920
  ]
}