{
  "orientation": [
    [
      0.9829053282737732,
      -0.03404590114951134,
      -0.1809363216161728
    ],
    [
      0.046613141894340515,
      0.9967524409294128,
      0.06566383689641953
    ],
    [
      0.1781131476163864,
      -0.07297534495592117,
      0.9813002943992615
    ]
  ],
  "position": [
    -1.585081934928894,
    2.977741003036499,
    1.1672650575637817
  ],
  "focal_length": 1530.7855224609375,
  "principal_point": [
    545.5936889648438,
    719.1764526367188
  ],
  "skew": 0.0,
  "pixel_aspect_ratio": 1.0118895769119263,
  "radial_distortion": [
    0.03853635489940643,
    -0.009977939538657665,
    0.0
  ],
  "tangential_distortion": [
    -0.043332938104867935,
    0.0012109986273571849
  ],
  "image_size": [
    1072,
    1920
  ]
}