{
  "orientation": [
    [
      0.9586173892021179,
      0.005769746378064156,
      -0.28463906049728394
    ],
    [
      0.01816823147237301,
      0.9965169429779053,
      0.08138739317655563
    ],
    [
      0.2841172218322754,
      -0.08319076150655746,
      0.955173671245575
    ]
  ],
  "position": [
    -2.527794122695923,
    3.0500481128692627,
    0.6143651008605957
  ],
  "focal_length": 1530.7855224609375,
  "principal_point": [
    545.5936889648438,
    719.1764526367188
  ],
  "skew": 0.0,
  "pixel_aspect_ratio": 1.0118895769119263,
  "radial_distortion": [
    0.03853635489940643,
    -0.009977939538657665,
    0.0
  ],
  "tangential_distortion": [
    -0.043332938104867935,
    0.0012109986273571849
  ],
  "image_size": [
    1072,
    1920
  ]
}