{
  "orientation": [
    [
      0.997204601764679,
      -0.051356956362724304,
      -0.05427214503288269
    ],
    [
      0.042443450540304184,
      0.9871218204498291,
      -0.15423691272735596
    ],
    [
      0.061494357883930206,
      0.15150226652622223,
      0.9865422248840332
    ]
  ],
  "position": [
    -1.2972412109375,
    -1.5396171808242798,
    -0.4253256618976593
  ],
  "focal_length": 1530.7855224609375,
  "principal_point": [
    545.5936889648438,
    719.1764526367188
  ],
  "skew": 0.0,
  "pixel_aspect_ratio": 1.0118895769119263,
  "radial_distortion": [
    0.03853635489940643,
    -0.009977939538657665,
    0.0
  ],
  "tangential_distortion": [
    -0.043332938104867935,
    0.0012109986273571849
  ],
  "image_size": [
    1072,
    1920
  ]
}