{
  "orientation": [
    [
      0.9389837980270386,
      0.16353191435337067,
      -0.3025999367237091
    ],
    [
      -0.17432932555675507,
      0.9846478700637817,
      -0.008827061392366886
    ],
    [
      0.29651087522506714,
      0.06104051321744919,
      0.9530767798423767
    ]
  ],
  "position": [
    -2.731367588043213,
    -0.6058921217918396,
    0.5611879229545593
  ],
  "focal_length": 1530.7855224609375,
  "principal_point": [
    545.5936889648438,
    719.1764526367188
  ],
  "skew": 0.0,
  "pixel_aspect_ratio": 1.0118895769119263,
  "radial_distortion": [
    0.03853635489940643,
    -0.009977939538657665,
    0.0
  ],
  "tangential_distortion": [
    -0.043332938104867935,
    0.0012109986273571849
  ],
  "image_size": [
    1072,
    1920
  ]
}