{
  "orientation": [
    [
      0.9882984757423401,
      0.03232673183083534,
      -0.14906750619411469
    ],
    [
      -0.06042749807238579,
      0.9803009033203125,
      -0.18803884088993073
    ],
    [
      0.14005233347415924,
      0.1948462724685669,
      0.9707833528518677
    ]
  ],
  "position": [
    -1.9903591871261597,
    -3.0472400188446045,
    0.3878878653049469
  ],
  "focal_length": 1530.7855224609375,
  "principal_point": [
    545.5936889648438,
    719.1764526367188
  ],
  "skew": 0.0,
  "pixel_aspect_ratio": 1.0118895769119263,
  "radial_distortion": [
    0.03853635489940643,
    -0.009977939538657665,
    0.0
  ],
  "tangential_distortion": [
    -0.043332938104867935,
    0.0012109986273571849
  ],
  "image_size": [
    1072,
    1920
  ]
}