{
  "orientation": [
    [
      0.991148829460144,
      -0.10930033028125763,
      -0.07534903287887573
    ],
    [
      0.1074753850698471,
      0.9938168525695801,
      -0.027875693514943123
    ],
    [
      0.07792996615171432,
      0.01953079365193844,
      0.996767520904541
    ]
  ],
  "position": [
    -0.4147801399230957,
    -1.7470539808273315,
    -1.1889735460281372
  ],
  "focal_length": 1530.7855224609375,
  "principal_point": [
    545.5936889648438,
    719.1764526367188
  ],
  "skew": 0.0,
  "pixel_aspect_ratio": 1.0118895769119263,
  "radial_distortion": [
    0.03853635489940643,
    -0.009977939538657665,
    0.0
  ],
  "tangential_distortion": [
    -0.043332938104867935,
    0.0012109986273571849
  ],
  "image_size": [
    1072,
    1920
  ]
}