{
  "orientation": [
    [
      0.9922690391540527,
      -0.11969646066427231,
      -0.032785043120384216
    ],
    [
      0.12053684145212173,
      0.9923946261405945,
      0.024976613000035286
    ],
    [
      0.029546089470386505,
      -0.028735326603055,
      0.999150276184082
    ]
  ],
  "position": [
    0.9631859660148621,
    0.866011381149292,
    0.3183457851409912
  ],
  "focal_length": 1530.7855224609375,
  "principal_point": [
    545.5936889648438,
    719.1764526367188
  ],
  "skew": 0.0,
  "pixel_aspect_ratio": 1.0118895769119263,
  "radial_distortion": [
    0.03853635489940643,
    -0.009977939538657665,
    0.0
  ],
  "tangential_distortion": [
    -0.043332938104867935,
    0.0012109986273571849
  ],
  "image_size": [
    1072,
    1920
  ]
}