{
  "orientation": [
    [
      0.9934285879135132,
      -0.015785902738571167,
      -0.11335998773574829
    ],
    [
      0.030081072822213173,
      0.9916342496871948,
      0.1255253702402115
    ],
    [
      0.11043011397123337,
      -0.12811048328876495,
      0.9855926632881165
    ]
  ],
  "position": [
    0.26906517148017883,
    2.2850663661956787,
    -0.6347733736038208
  ],
  "focal_length": 1530.7855224609375,
  "principal_point": [
    545.5936889648438,
    719.1764526367188
  ],
  "skew": 0.0,
  "pixel_aspect_ratio": 1.0118895769119263,
  "radial_distortion": [
    0.03853635489940643,
    -0.009977939538657665,
    0.0
  ],
  "tangential_distortion": [
    -0.043332938104867935,
    0.0012109986273571849
  ],
  "image_size": [
    1072,
    1920
  ]
}