{
  "orientation": [
    [
      0.9837266802787781,
      0.008880401030182838,
      -0.1794518530368805
    ],
    [
      0.016515051946043968,
      0.9900803565979004,
      0.1395282745361328
    ],
    [
      0.17891082167625427,
      -0.14022134244441986,
      0.9738218188285828
    ]
  ],
  "position": [
    -0.38363391160964966,
    2.766453981399536,
    -0.40353161096572876
  ],
  "focal_length": 1530.7855224609375,
  "principal_point": [
    545.5936889648438,
    719.1764526367188
  ],
  "skew": 0.0,
  "pixel_aspect_ratio": 1.0118895769119263,
  "radial_distortion": [
    0.03853635489940643,
    -0.009977939538657665,
    0.0
  ],
  "tangential_distortion": [
    -0.043332938104867935,
    0.0012109986273571849
  ],
  "image_size": [
    1072,
    1920
  ]
}