{
  "orientation": [
    [
      0.9809563755989075,
      -0.031102405861020088,
      -0.19172170758247375
    ],
    [
      0.011132819578051567,
      0.994476318359375,
      -0.10436896979808807
    ],
    [
      0.19390882551670074,
      0.10024700313806534,
      0.9758841395378113
    ]
  ],
  "position": [
    -2.9724531173706055,
    -1.754029631614685,
    0.04004243016242981
  ],
  "focal_length": 1530.7855224609375,
  "principal_point": [
    545.5936889648438,
    719.1764526367188
  ],
  "skew": 0.0,
  "pixel_aspect_ratio": 1.0118895769119263,
  "radial_distortion": [
    0.03853635489940643,
    -0.009977939538657665,
    0.0
  ],
  "tangential_distortion": [
    -0.043332938104867935,
    0.0012109986273571849
  ],
  "image_size": [
    1072,
    1920
  ]
}