{
  "orientation": [
    [
      0.9925116896629333,
      -0.08676382154226303,
      -0.08598043024539948
    ],
    [
      0.06667273491621017,
      0.9745914340019226,
      -0.21383711695671082
    ],
    [
      0.10234910994768143,
      0.20650328695774078,
      0.9730781316757202
    ]
  ],
  "position": [
    -1.8765497207641602,
    -2.562856435775757,
    -0.014333665370941162
  ],
  "focal_length": 1530.7855224609375,
  "principal_point": [
    545.5936889648438,
    719.1764526367188
  ],
  "skew": 0.0,
  "pixel_aspect_ratio": 1.0118895769119263,
  "radial_distortion": [
    0.03853635489940643,
    -0.009977939538657665,
    0.0
  ],
  "tangential_distortion": [
    -0.043332938104867935,
    0.0012109986273571849
  ],
  "image_size": [
    1072,
    1920
  ]
}