{
  "orientation": [
    [
      0.9554993510246277,
      0.08076267689466476,
      -0.28372228145599365
    ],
    [
      -0.10359745472669601,
      0.992400586605072,
      -0.06639720499515533
    ],
    [
      0.2762037515640259,
      0.09283539652824402,
      0.9566049575805664
    ]
  ],
  "position": [
    -4.617424488067627,
    0.10899166762828827,
    1.6069550514221191
  ],
  "focal_length": 1530.7855224609375,
  "principal_point": [
    545.5936889648438,
    719.1764526367188
  ],
  "skew": 0.0,
  "pixel_aspect_ratio": 1.0118895769119263,
  "radial_distortion": [
    0.03853635489940643,
    -0.009977939538657665,
    0.0
  ],
  "tangential_distortion": [
    -0.043332938104867935,
    0.0012109986273571849
  ],
  "image_size": [
    1072,
    1920
  ]
}