{
  "orientation": [
    [
      0.9806920886039734,
      -0.012510891072452068,
      -0.1951577514410019
    ],
    [
      0.02790665440261364,
      0.9966912269592285,
      0.07633998245000839
    ],
    [
      0.19355693459510803,
      -0.08031221479177475,
      0.9777963161468506
    ]
  ],
  "position": [
    -1.5951972007751465,
    0.8360974192619324,
    -1.7030380964279175
  ],
  "focal_length": 1530.7855224609375,
  "principal_point": [
    545.5936889648438,
    719.1764526367188
  ],
  "skew": 0.0,
  "pixel_aspect_ratio": 1.0118895769119263,
  "radial_distortion": [
    0.03853635489940643,
    -0.009977939538657665,
    0.0
  ],
  "tangential_distortion": [
    -0.043332938104867935,
    0.0012109986273571849
  ],
  "image_size": [
    1072,
    1920
  ]
}