{
  "orientation": [
    [
      0.9949570894241333,
      -0.09984881430864334,
      -0.009517797268927097
    ],
    [
      0.09958353638648987,
      0.9947112798690796,
      -0.025152064859867096
    ],
    [
      0.01197886373847723,
      0.024077409878373146,
      0.9996383190155029
    ]
  ],
  "position": [
    0.6714498400688171,
    -0.16080673038959503,
    0.804483950138092
  ],
  "focal_length": 1530.7855224609375,
  "principal_point": [
    545.5936889648438,
    719.1764526367188
  ],
  "skew": 0.0,
  "pixel_aspect_ratio": 1.0118895769119263,
  "radial_distortion": [
    0.03853635489940643,
    -0.009977939538657665,
    0.0
  ],
  "tangential_distortion": [
    -0.043332938104867935,
    0.0012109986273571849
  ],
  "image_size": [
    1072,
    1920
  ]
}