{
  "orientation": [
    [
      0.9856271743774414,
      -0.0007348688668571413,
      -0.1689336746931076
    ],
    [
      -0.04572838917374611,
      0.9614980816841125,
      -0.2709803879261017
    ],
    [
      0.16262854635715485,
      0.27481070160865784,
      0.9476450085639954
    ]
  ],
  "position": [
    -1.8437761068344116,
    -2.127389907836914,
    -0.35643163323402405
  ],
  "focal_length": 1530.7855224609375,
  "principal_point": [
    545.5936889648438,
    719.1764526367188
  ],
  "skew": 0.0,
  "pixel_aspect_ratio": 1.0118895769119263,
  "radial_distortion": [
    0.03853635489940643,
    -0.009977939538657665,
    0.0
  ],
  "tangential_distortion": [
    -0.043332938104867935,
    0.0012109986273571849
  ],
  "image_size": [
    1072,
    1920
  ]
}