{
  "orientation": [
    [
      0.9484595060348511,
      0.06603729724884033,
      -0.3099413216114044
    ],
    [
      -0.08604885637760162,
      0.9949678182601929,
      -0.0513286367058754
    ],
    [
      0.30499204993247986,
      0.0753532275557518,
      0.9493691325187683
    ]
  ],
  "position": [
    -4.876791000366211,
    -0.41725194454193115,
    0.20496948063373566
  ],
  "focal_length": 1530.7855224609375,
  "principal_point": [
    545.5936889648438,
    719.1764526367188
  ],
  "skew": 0.0,
  "pixel_aspect_ratio": 1.0118895769119263,
  "radial_distortion": [
    0.03853635489940643,
    -0.009977939538657665,
    0.0
  ],
  "tangential_distortion": [
    -0.043332938104867935,
    0.0012109986273571849
  ],
  "image_size": [
    1072,
    1920
  ]
}