{
  "orientation": [
    [
      0.9382593631744385,
      0.09790650010108948,
      -0.3317885994911194
    ],
    [
      -0.09381387382745743,
      0.9951854348182678,
      0.028371622785925865
    ],
    [
      0.33296895027160645,
      0.004506431985646486,
      0.9429270029067993
    ]
  ],
  "position": [
    -5.182855129241943,
    1.091732144355774,
    0.2438233345746994
  ],
  "focal_length": 1530.7855224609375,
  "principal_point": [
    545.5936889648438,
    719.1764526367188
  ],
  "skew": 0.0,
  "pixel_aspect_ratio": 1.0118895769119263,
  "radial_distortion": [
    0.03853635489940643,
    -0.009977939538657665,
    0.0
  ],
  "tangential_distortion": [
    -0.043332938104867935,
    0.0012109986273571849
  ],
  "image_size": [
    1072,
    1920
  ]
}