{
  "orientation": [
    [
      0.9834861755371094,
      -0.05276022478938103,
      -0.1731221228837967
    ],
    [
      0.0700857862830162,
      0.9929553866386414,
      0.0955386534333229
    ],
    [
      0.166861891746521,
      -0.1060943454504013,
      0.9802556037902832
    ]
  ],
  "position": [
    -1.231898546218872,
    0.1692686676979065,
    -1.5724360942840576
  ],
  "focal_length": 1530.7855224609375,
  "principal_point": [
    545.5936889648438,
    719.1764526367188
  ],
  "skew": 0.0,
  "pixel_aspect_ratio": 1.0118895769119263,
  "radial_distortion": [
    0.03853635489940643,
    -0.009977939538657665,
    0.0
  ],
  "tangential_distortion": [
    -0.043332938104867935,
    0.0012109986273571849
  ],
  "image_size": [
    1072,
    1920
  ]
}