{
  "orientation": [
    [
      0.9965748190879822,
      -0.0745258703827858,
      0.03583957254886627
    ],
    [
      0.08100073784589767,
      0.967007577419281,
      -0.241526797413826
    ],
    [
      -0.016657143831253052,
      0.24360255897045135,
      0.9697321057319641
    ]
  ],
  "position": [
    0.28469568490982056,
    -1.9712936878204346,
    -0.0793105959892273
  ],
  "focal_length": 1530.7855224609375,
  "principal_point": [
    545.5936889648438,
    719.1764526367188
  ],
  "skew": 0.0,
  "pixel_aspect_ratio": 1.0118895769119263,
  "radial_distortion": [
    0.03853635489940643,
    -0.009977939538657665,
    0.0
  ],
  "tangential_distortion": [
    -0.043332938104867935,
    0.0012109986273571849
  ],
  "image_size": [
    1072,
    1920
  ]
}