{
  "orientation": [
    [
      0.9757053256034851,
      -0.17487187683582306,
      0.13198067247867584
    ],
    [
      0.17134936153888702,
      0.9844895005226135,
      0.03768013045191765
    ],
    [
      -0.1365227848291397,
      -0.014149900525808334,
      0.9905358552932739
    ]
  ],
  "position": [
    -0.01338206510990858,
    1.7846713066101074,
    1.456784963607788
  ],
  "focal_length": 1530.7855224609375,
  "principal_point": [
    545.5936889648438,
    719.1764526367188
  ],
  "skew": 0.0,
  "pixel_aspect_ratio": 1.0118895769119263,
  "radial_distortion": [
    0.03853635489940643,
    -0.009977939538657665,
    0.0
  ],
  "tangential_distortion": [
    -0.043332938104867935,
    0.0012109986273571849
  ],
  "image_size": [
    1072,
    1920
  ]
}