{
  "orientation": [
    [
      0.9532759189605713,
      0.008877952583134174,
      -0.30197060108184814
    ],
    [
      -0.04614342004060745,
      0.992118239402771,
      -0.11649952083826065
    ],
    [
      0.29855629801750183,
      0.12499014288187027,
      0.9461720585823059
    ]
  ],
  "position": [
    -3.179365634918213,
    -2.7928543090820312,
    -0.7904840707778931
  ],
  "focal_length": 1530.7855224609375,
  "principal_point": [
    545.5936889648438,
    719.1764526367188
  ],
  "skew": 0.0,
  "pixel_aspect_ratio": 1.0118895769119263,
  "radial_distortion": [
    0.03853635489940643,
    -0.009977939538657665,
    0.0
  ],
  "tangential_distortion": [
    -0.043332938104867935,
    0.0012109986273571849
  ],
  "image_size": [
    1072,
    1920
  ]
}