{
  "orientation": [
    [
      0.926568329334259,
      0.10791388154029846,
      -0.360313355922699
    ],
    [
      -0.14184750616550446,
      0.9874793887138367,
      -0.06901957839727402
    ],
    [
      0.3483538329601288,
      0.11506090313196182,
      0.930274486541748
    ]
  ],
  "position": [
    -4.16904354095459,
    0.6626315712928772,
    -0.22666247189044952
  ],
  "focal_length": 1530.7855224609375,
  "principal_point": [
    545.5936889648438,
    719.1764526367188
  ],
  "skew": 0.0,
  "pixel_aspect_ratio": 1.0118895769119263,
  "radial_distortion": [
    0.03853635489940643,
    -0.009977939538657665,
    0.0
  ],
  "tangential_distortion": [
    -0.043332938104867935,
    0.0012109986273571849
  ],
  "image_size": [
    1072,
    1920
  ]
}