{
  "orientation": [
    [
      0.9872510433197021,
      -0.06108994409441948,
      -0.14698083698749542
    ],
    [
      0.03183021768927574,
      0.9805358648300171,
      -0.19374270737171173
    ],
    [
      0.1559557169675827,
      0.18659426271915436,
      0.9699795842170715
    ]
  ],
  "position": [
    -2.3875675201416016,
    1.3051329851150513,
    1.0241045951843262
  ],
  "focal_length": 1530.7855224609375,
  "principal_point": [
    545.5936889648438,
    719.1764526367188
  ],
  "skew": 0.0,
  "pixel_aspect_ratio": 1.0118895769119263,
  "radial_distortion": [
    0.03853635489940643,
    -0.009977939538657665,
    0.0
  ],
  "tangential_distortion": [
    -0.043332938104867935,
    0.0012109986273571849
  ],
  "image_size": [
    1072,
    1920
  ]
}