{
  "orientation": [
    [
      0.988994836807251,
      -0.07803387194871902,
      -0.1256975382566452
    ],
    [
      0.08295309543609619,
      0.9959602355957031,
      0.034380581229925156
    ],
    [
      0.12250690162181854,
      -0.044429220259189606,
      0.9914727210998535
    ]
  ],
  "position": [
    -0.5585787296295166,
    -0.5364277362823486,
    -1.1625356674194336
  ],
  "focal_length": 1530.7855224609375,
  "principal_point": [
    545.5936889648438,
    719.1764526367188
  ],
  "skew": 0.0,
  "pixel_aspect_ratio": 1.0118895769119263,
  "radial_distortion": [
    0.03853635489940643,
    -0.009977939538657665,
    0.0
  ],
  "tangential_distortion": [
    -0.043332938104867935,
    0.0012109986273571849
  ],
  "image_size": [
    1072,
    1920
  ]
}