{
  "orientation": [
    [
      0.987742006778717,
      -0.14847628772258759,
      -0.04817219078540802
    ],
    [
      0.1482713520526886,
      0.9889158010482788,
      -0.00781982857733965
    ],
    [
      0.0487993024289608,
      0.0005814163596369326,
      0.9988084435462952
    ]
  ],
  "position": [
    0.748201310634613,
    -0.9619482159614563,
    -0.7199277281761169
  ],
  "focal_length": 1530.7855224609375,
  "principal_point": [
    545.5936889648438,
    719.1764526367188
  ],
  "skew": 0.0,
  "pixel_aspect_ratio": 1.0118895769119263,
  "radial_distortion": [
    0.03853635489940643,
    -0.009977939538657665,
    0.0
  ],
  "tangential_distortion": [
    -0.043332938104867935,
    0.0012109986273571849
  ],
  "image_size": [
    1072,
    1920
  ]
}