{
  "orientation": [
    [
      0.9963518381118774,
      -0.07772696018218994,
      0.0352354422211647
    ],
    [
      0.07930979132652283,
      0.995788037776947,
      -0.046001240611076355
    ],
    [
      -0.031511496752500534,
      0.048627935349941254,
      0.9983197450637817
    ]
  ],
  "position": [
    1.162061333656311,
    0.869757354259491,
    -0.331563800573349
  ],
  "focal_length": 1530.7855224609375,
  "principal_point": [
    545.5936889648438,
    719.1764526367188
  ],
  "skew": 0.0,
  "pixel_aspect_ratio": 1.0118895769119263,
  "radial_distortion": [
    0.03853635489940643,
    -0.009977939538657665,
    0.0
  ],
  "tangential_distortion": [
    -0.043332938104867935,
    0.0012109986273571849
  ],
  "image_size": [
    1072,
    1920
  ]
}