{
  "orientation": [
    [
      0.994841456413269,
      -0.09832685440778732,
      0.024946223944425583
    ],
    [
      0.0993659719824791,
      0.9940533638000488,
      -0.044545888900756836
    ],
    [
      -0.020417820662260056,
      0.04679490253329277,
      0.9986958503723145
    ]
  ],
  "position": [
    0.9197766184806824,
    -1.6872210502624512,
    -0.0288517028093338
  ],
  "focal_length": 1530.7855224609375,
  "principal_point": [
    545.5936889648438,
    719.1764526367188
  ],
  "skew": 0.0,
  "pixel_aspect_ratio": 1.0118895769119263,
  "radial_distortion": [
    0.03853635489940643,
    -0.009977939538657665,
    0.0
  ],
  "tangential_distortion": [
    -0.043332938104867935,
    0.0012109986273571849
  ],
  "image_size": [
    1072,
    1920
  ]
}