{
  "orientation": [
    [
      0.9511938691139221,
      0.05225449427962303,
      -0.3041377067565918
    ],
    [
      -0.08252868056297302,
      0.9927360415458679,
      -0.08754540234804153
    ],
    [
      0.2973538041114807,
      0.10837273299694061,
      0.9485968947410583
    ]
  ],
  "position": [
    -4.468655109405518,
    -1.2071058750152588,
    0.22667653858661652
  ],
  "focal_length": 1530.7855224609375,
  "principal_point": [
    545.5936889648438,
    719.1764526367188
  ],
  "skew": 0.0,
  "pixel_aspect_ratio": 1.0118895769119263,
  "radial_distortion": [
    0.03853635489940643,
    -0.009977939538657665,
    0.0
  ],
  "tangential_distortion": [
    -0.043332938104867935,
    0.0012109986273571849
  ],
  "image_size": [
    1072,
    1920
  ]
}