{
  "orientation": [
    [
      0.912825345993042,
      0.10102024674415588,
      -0.395657479763031
    ],
    [
      -0.11599428206682205,
      0.9931506514549255,
      -0.014037864282727242
    ],
    [
      0.391529381275177,
      0.05870812386274338,
      0.9182908535003662
    ]
  ],
  "position": [
    -4.260953903198242,
    -0.7869703769683838,
    -0.18320371210575104
  ],
  "focal_length": 1530.7855224609375,
  "principal_point": [
    545.5936889648438,
    719.1764526367188
  ],
  "skew": 0.0,
  "pixel_aspect_ratio": 1.0118895769119263,
  "radial_distortion": [
    0.03853635489940643,
    -0.009977939538657665,
    0.0
  ],
  "tangential_distortion": [
    -0.043332938104867935,
    0.0012109986273571849
  ],
  "image_size": [
    1072,
    1920
  ]
}