{
  "orientation": [
    [
      0.9871428608894348,
      0.15697671473026276,
      0.03012062981724739
    ],
    [
      -0.15481068193912506,
      0.985852062702179,
      -0.06426016241312027
    ],
    [
      -0.0397818349301815,
      0.05877096578478813,
      0.9974784851074219
    ]
  ],
  "position": [
    3.105445623397827,
    -2.460054874420166,
    -1.481249451637268
  ],
  "focal_length": 1530.7855224609375,
  "principal_point": [
    545.5936889648438,
    719.1764526367188
  ],
  "skew": 0.0,
  "pixel_aspect_ratio": 1.0118895769119263,
  "radial_distortion": [
    0.03853635489940643,
    -0.009977939538657665,
    0.0
  ],
  "tangential_distortion": [
    -0.043332938104867935,
    0.0012109986273571849
  ],
  "image_size": [
    1072,
    1920
  ]
}