{
  "orientation": [
    [
      0.9925861954689026,
      -0.12114101648330688,
      -0.009871875867247581
    ],
    [
      0.11784905940294266,
      0.9791139364242554,
      -0.1656729131937027
    ],
    [
      0.029735473915934563,
      0.16328124701976776,
      0.9861313700675964
    ]
  ],
  "position": [
    -1.3667891025543213,
    -2.3005006313323975,
    -0.08357243239879608
  ],
  "focal_length": 1530.7855224609375,
  "principal_point": [
    545.5936889648438,
    719.1764526367188
  ],
  "skew": 0.0,
  "pixel_aspect_ratio": 1.0118895769119263,
  "radial_distortion": [
    0.03853635489940643,
    -0.009977939538657665,
    0.0
  ],
  "tangential_distortion": [
    -0.043332938104867935,
    0.0012109986273571849
  ],
  "image_size": [
    1072,
    1920
  ]
}