{
  "orientation": [
    [
      0.9960962533950806,
      -0.08781429380178452,
      0.008996930904686451
    ],
    [
      0.08645398169755936,
      0.991068422794342,
      0.10153388977050781
    ],
    [
      -0.01783270202577114,
      -0.100359708070755,
      0.9947913885116577
    ]
  ],
  "position": [
    1.0243366956710815,
    1.0276039838790894,
    -1.0783543586730957
  ],
  "focal_length": 1530.7855224609375,
  "principal_point": [
    545.5936889648438,
    719.1764526367188
  ],
  "skew": 0.0,
  "pixel_aspect_ratio": 1.0118895769119263,
  "radial_distortion": [
    0.03853635489940643,
    -0.009977939538657665,
    0.0
  ],
  "tangential_distortion": [
    -0.043332938104867935,
    0.0012109986273571849
  ],
  "image_size": [
    1072,
    1920
  ]
}