{
  "orientation": [
    [
      0.9922655820846558,
      -0.0816657692193985,
      -0.09348628669977188
    ],
    [
      0.07776618003845215,
      0.9959722757339478,
      -0.044628310948610306
    ],
    [
      0.09675434976816177,
      0.037013065069913864,
      0.9946198463439941
    ]
  ],
  "position": [
    -0.45867347717285156,
    -2.5034403800964355,
    -1.811335563659668
  ],
  "focal_length": 1530.7855224609375,
  "principal_point": [
    545.5936889648438,
    719.1764526367188
  ],
  "skew": 0.0,
  "pixel_aspect_ratio": 1.0118895769119263,
  "radial_distortion": [
    0.03853635489940643,
    -0.009977939538657665,
    0.0
  ],
  "tangential_distortion": [
    -0.043332938104867935,
    0.0012109986273571849
  ],
  "image_size": [
    1072,
    1920
  ]
}