{
  "orientation": [
    [
      0.9367855787277222,
      0.09696339070796967,
      -0.3362007141113281
    ],
    [
      -0.09961142390966415,
      0.9949819445610046,
      0.00940592959523201
    ],
    [
      0.3354256749153137,
      0.024678094312548637,
      0.9417433738708496
    ]
  ],
  "position": [
    -4.1784162521362305,
    1.6883041858673096,
    -0.4908212721347809
  ],
  "focal_length": 1530.7855224609375,
  "principal_point": [
    545.5936889648438,
    719.1764526367188
  ],
  "skew": 0.0,
  "pixel_aspect_ratio": 1.0118895769119263,
  "radial_distortion": [
    0.03853635489940643,
    -0.009977939538657665,
    0.0
  ],
  "tangential_distortion": [
    -0.043332938104867935,
    0.0012109986273571849
  ],
  "image_size": [
    1072,
    1920
  ]
}