{
  "orientation": [
    [
      0.9910556674003601,
      -0.09342110902070999,
      0.09529492259025574
    ],
    [
      0.11182860285043716,
      0.9710597991943359,
      -0.21103838086128235
    ],
    [
      -0.07282163202762604,
      0.2198074907064438,
      0.9728214740753174
    ]
  ],
  "position": [
    0.9038374423980713,
    -1.8150206804275513,
    0.013637480325996876
  ],
  "focal_length": 1530.7855224609375,
  "principal_point": [
    545.5936889648438,
    719.1764526367188
  ],
  "skew": 0.0,
  "pixel_aspect_ratio": 1.0118895769119263,
  "radial_distortion": [
    0.03853635489940643,
    -0.009977939538657665,
    0.0
  ],
  "tangential_distortion": [
    -0.043332938104867935,
    0.0012109986273571849
  ],
  "image_size": [
    1072,
    1920
  ]
}