{
  "orientation": [
    [
      0.99930739402771,
      -0.03487924858927727,
      -0.012966310605406761
    ],
    [
      0.03471926972270012,
      0.9993206262588501,
      -0.012364964932203293
    ],
    [
      0.013388782739639282,
      0.011906220577657223,
      0.9998394846916199
    ]
  ],
  "position": [
    0.6596845388412476,
    1.1727879047393799,
    -0.7104069590568542
  ],
  "focal_length": 1530.7855224609375,
  "principal_point": [
    545.5936889648438,
    719.1764526367188
  ],
  "skew": 0.0,
  "pixel_aspect_ratio": 1.0118895769119263,
  "radial_distortion": [
    0.03853635489940643,
    -0.009977939538657665,
    0.0
  ],
  "tangential_distortion": [
    -0.043332938104867935,
    0.0012109986273571849
  ],
  "image_size": [
    1072,
    1920
  ]
}