{
  "orientation": [
    [
      0.9819262623786926,
      -0.1137850433588028,
      0.1512407809495926
    ],
    [
      0.137593612074852,
      0.9778651595115662,
      -0.1576317548751831
    ],
    [
      -0.1299569457769394,
      0.17559252679347992,
      0.9758475422859192
    ]
  ],
  "position": [
    1.5037330389022827,
    -1.4184176921844482,
    0.005649839527904987
  ],
  "focal_length": 1530.7855224609375,
  "principal_point": [
    545.5936889648438,
    719.1764526367188
  ],
  "skew": 0.0,
  "pixel_aspect_ratio": 1.0118895769119263,
  "radial_distortion": [
    0.03853635489940643,
    -0.009977939538657665,
    0.0
  ],
  "tangential_distortion": [
    -0.043332938104867935,
    0.0012109986273571849
  ],
  "image_size": [
    1072,
    1920
  ]
}