{
  "orientation": [
    [
      0.9396485090255737,
      0.06436830759048462,
      -0.3360317647457123
    ],
    [
      -0.03870302066206932,
      0.9958366751670837,
      0.08253113180398941
    ],
    [
      0.3399451673030853,
      -0.06454481184482574,
      0.9382277131080627
    ]
  ],
  "position": [
    -4.830456256866455,
    2.4603004455566406,
    1.683410882949829
  ],
  "focal_length": 1530.7855224609375,
  "principal_point": [
    545.5936889648438,
    719.1764526367188
  ],
  "skew": 0.0,
  "pixel_aspect_ratio": 1.0118895769119263,
  "radial_distortion": [
    0.03853635489940643,
    -0.009977939538657665,
    0.0
  ],
  "tangential_distortion": [
    -0.043332938104867935,
    0.0012109986273571849
  ],
  "image_size": [
    1072,
    1920
  ]
}