{
  "orientation": [
    [
      0.9951126575469971,
      -0.030223919078707695,
      -0.09400709718465805
    ],
    [
      0.03310311585664749,
      0.9990246891975403,
      0.02921999618411064
    ],
    [
      0.09303227066993713,
      -0.03218911588191986,
      0.9951426386833191
    ]
  ],
  "position": [
    0.29971760511398315,
    1.115739345550537,
    0.530843198299408
  ],
  "focal_length": 1530.7855224609375,
  "principal_point": [
    545.5936889648438,
    719.1764526367188
  ],
  "skew": 0.0,
  "pixel_aspect_ratio": 1.0118895769119263,
  "radial_distortion": [
    0.03853635489940643,
    -0.009977939538657665,
    0.0
  ],
  "tangential_distortion": [
    -0.043332938104867935,
    0.0012109986273571849
  ],
  "image_size": [
    1072,
    1920
  ]
}