{
  "orientation": [
    [
      0.9605305790901184,
      0.07269293814897537,
      -0.2685084044933319
    ],
    [
      -0.06242138147354126,
      0.9969610571861267,
      0.04660705849528313
    ],
    [
      0.2710804343223572,
      -0.028006836771965027,
      0.9621491432189941
    ]
  ],
  "position": [
    -2.758145809173584,
    2.1500861644744873,
    -0.9965517520904541
  ],
  "focal_length": 1530.7855224609375,
  "principal_point": [
    545.5936889648438,
    719.1764526367188
  ],
  "skew": 0.0,
  "pixel_aspect_ratio": 1.0118895769119263,
  "radial_distortion": [
    0.03853635489940643,
    -0.009977939538657665,
    0.0
  ],
  "tangential_distortion": [
    -0.043332938104867935,
    0.0012109986273571849
  ],
  "image_size": [
    1072,
    1920
  ]
}