{
  "orientation": [
    [
      0.9448255300521851,
      0.08813121169805527,
      -0.3154958486557007
    ],
    [
      -0.08367887884378433,
      0.9961088299751282,
      0.027659131214022636
    ],
    [
      0.3167058229446411,
      0.0002672841364983469,
      0.948523759841919
    ]
  ],
  "position": [
    -3.8353145122528076,
    1.9431235790252686,
    -0.6508863568305969
  ],
  "focal_length": 1530.7855224609375,
  "principal_point": [
    545.5936889648438,
    719.1764526367188
  ],
  "skew": 0.0,
  "pixel_aspect_ratio": 1.0118895769119263,
  "radial_distortion": [
    0.03853635489940643,
    -0.009977939538657665,
    0.0
  ],
  "tangential_distortion": [
    -0.043332938104867935,
    0.0012109986273571849
  ],
  "image_size": [
    1072,
    1920
  ]
}