{
  "orientation": [
    [
      0.9252925515174866,
      0.08065909147262573,
      -0.3705776333808899
    ],
    [
      -0.05281592160463333,
      0.9950061440467834,
      0.08469510823488235
    ],
    [
      0.375558465719223,
      -0.05879535526037216,
      0.9249318838119507
    ]
  ],
  "position": [
    -4.641185760498047,
    1.1350078582763672,
    -0.27198779582977295
  ],
  "focal_length": 1530.7855224609375,
  "principal_point": [
    545.5936889648438,
    719.1764526367188
  ],
  "skew": 0.0,
  "pixel_aspect_ratio": 1.0118895769119263,
  "radial_distortion": [
    0.03853635489940643,
    -0.009977939538657665,
    0.0
  ],
  "tangential_distortion": [
    -0.043332938104867935,
    0.0012109986273571849
  ],
  "image_size": [
    1072,
    1920
  ]
}