{
  "orientation": [
    [
      0.976589560508728,
      0.04075763374567032,
      -0.21121467649936676
    ],
    [
      -0.029116595163941383,
      0.9978955984115601,
      0.05793584883213043
    ],
    [
      0.21313153207302094,
      -0.05042969062924385,
      0.9757211804389954
    ]
  ],
  "position": [
    -1.5983411073684692,
    2.108365774154663,
    -1.2601522207260132
  ],
  "focal_length": 1530.7855224609375,
  "principal_point": [
    545.5936889648438,
    719.1764526367188
  ],
  "skew": 0.0,
  "pixel_aspect_ratio": 1.0118895769119263,
  "radial_distortion": [
    0.03853635489940643,
    -0.009977939538657665,
    0.0
  ],
  "tangential_distortion": [
    -0.043332938104867935,
    0.0012109986273571849
  ],
  "image_size": [
    1072,
    1920
  ]
}