{
  "orientation": [
    [
      0.9320615530014038,
      0.05804460868239403,
      -0.3576200604438782
    ],
    [
      -0.07248633354902267,
      0.9970011711120605,
      -0.02709910273551941
    ],
    [
      0.3549746870994568,
      0.05118060111999512,
      0.9334738850593567
    ]
  ],
  "position": [
    -4.717155456542969,
    0.6985785365104675,
    2.2844624519348145
  ],
  "focal_length": 1530.7855224609375,
  "principal_point": [
    545.5936889648438,
    719.1764526367188
  ],
  "skew": 0.0,
  "pixel_aspect_ratio": 1.0118895769119263,
  "radial_distortion": [
    0.03853635489940643,
    -0.009977939538657665,
    0.0
  ],
  "tangential_distortion": [
    -0.043332938104867935,
    0.0012109986273571849
  ],
  "image_size": [
    1072,
    1920
  ]
}