{
  "orientation": [
    [
      0.9370565414428711,
      0.0426727831363678,
      -0.3465602993965149
    ],
    [
      -0.07472112029790878,
      0.9940191507339478,
      -0.07964082807302475
    ],
    [
      0.3410890996456146,
      0.10052333027124405,
      0.9346407055854797
    ]
  ],
  "position": [
    -3.801328659057617,
    -2.018326997756958,
    -0.5948688983917236
  ],
  "focal_length": 1530.7855224609375,
  "principal_point": [
    545.5936889648438,
    719.1764526367188
  ],
  "skew": 0.0,
  "pixel_aspect_ratio": 1.0118895769119263,
  "radial_distortion": [
    0.03853635489940643,
    -0.009977939538657665,
    0.0
  ],
  "tangential_distortion": [
    -0.043332938104867935,
    0.0012109986273571849
  ],
  "image_size": [
    1072,
    1920
  ]
}