{
  "orientation": [
    [
      0.9933695197105408,
      -0.08723580837249756,
      -0.07487966120243073
    ],
    [
      0.07298928499221802,
      0.9817723631858826,
      -0.17548662424087524
    ],
    [
      0.08882350474596024,
      0.1688576489686966,
      0.9816300272941589
    ]
  ],
  "position": [
    -0.7818877696990967,
    1.317642331123352,
    1.1204490661621094
  ],
  "focal_length": 1530.7855224609375,
  "principal_point": [
    545.5936889648438,
    719.1764526367188
  ],
  "skew": 0.0,
  "pixel_aspect_ratio": 1.0118895769119263,
  "radial_distortion": [
    0.03853635489940643,
    -0.009977939538657665,
    0.0
  ],
  "tangential_distortion": [
    -0.043332938104867935,
    0.0012109986273571849
  ],
  "image_size": [
    1072,
    1920
  ]
}