{
  "orientation": [
    [
      0.9915889501571655,
      -0.09624594449996948,
      -0.08653359115123749
    ],
    [
      0.09559546411037445,
      0.9953522086143494,
      -0.011639480479061604
    ],
    [
      0.08725165575742722,
      0.0032693613320589066,
      0.9961809515953064
    ]
  ],
  "position": [
    -0.31653374433517456,
    -0.91323322057724,
    -1.0638165473937988
  ],
  "focal_length": 1530.7855224609375,
  "principal_point": [
    545.5936889648438,
    719.1764526367188
  ],
  "skew": 0.0,
  "pixel_aspect_ratio": 1.0118895769119263,
  "radial_distortion": [
    0.03853635489940643,
    -0.009977939538657665,
    0.0
  ],
  "tangential_distortion": [
    -0.043332938104867935,
    0.0012109986273571849
  ],
  "image_size": [
    1072,
    1920
  ]
}