{
  "orientation": [
    [
      0.9756816029548645,
      -0.021207738667726517,
      -0.21816422045230865
    ],
    [
      -0.023066969588398933,
      0.979847252368927,
      -0.19841183722019196
    ],
    [
      0.21797548234462738,
      0.19861917197704315,
      0.9555297493934631
    ]
  ],
  "position": [
    -2.9343981742858887,
    -2.490203380584717,
    1.359226942062378
  ],
  "focal_length": 1530.7855224609375,
  "principal_point": [
    545.5936889648438,
    719.1764526367188
  ],
  "skew": 0.0,
  "pixel_aspect_ratio": 1.0118895769119263,
  "radial_distortion": [
    0.03853635489940643,
    -0.009977939538657665,
    0.0
  ],
  "tangential_distortion": [
    -0.043332938104867935,
    0.0012109986273571849
  ],
  "image_size": [
    1072,
    1920
  ]
}