{
  "orientation": [
    [
      0.9903875589370728,
      -0.10871167480945587,
      -0.08552318811416626
    ],
    [
      0.1043524220585823,
      0.9930785894393921,
      -0.053902290761470795
    ],
    [
      0.09079105406999588,
      0.04445960745215416,
      0.9948770403862
    ]
  ],
  "position": [
    -0.7421684861183167,
    -2.532102346420288,
    -1.2049579620361328
  ],
  "focal_length": 1530.7855224609375,
  "principal_point": [
    545.5936889648438,
    719.1764526367188
  ],
  "skew": 0.0,
  "pixel_aspect_ratio": 1.0118895769119263,
  "radial_distortion": [
    0.03853635489940643,
    -0.009977939538657665,
    0.0
  ],
  "tangential_distortion": [
    -0.043332938104867935,
    0.0012109986273571849
  ],
  "image_size": [
    1072,
    1920
  ]
}