{
  "orientation": [
    [
      0.9429752230644226,
      0.0650361105799675,
      -0.32644763588905334
    ],
    [
      -0.038926269859075546,
      0.9955435991287231,
      0.0858936533331871
    ],
    [
      0.3305790424346924,
      -0.06828819215297699,
      0.9413045048713684
    ]
  ],
  "position": [
    -4.4361772537231445,
    3.0604918003082275,
    1.8265875577926636
  ],
  "focal_length": 1530.7855224609375,
  "principal_point": [
    545.5936889648438,
    719.1764526367188
  ],
  "skew": 0.0,
  "pixel_aspect_ratio": 1.0118895769119263,
  "radial_distortion": [
    0.03853635489940643,
    -0.009977939538657665,
    0.0
  ],
  "tangential_distortion": [
    -0.043332938104867935,
    0.0012109986273571849
  ],
  "image_size": [
    1072,
    1920
  ]
}