{
  "orientation": [
    [
      0.9757280349731445,
      -0.1734926849603653,
      0.13362298905849457
    ],
    [
      0.17678767442703247,
      0.9841616749763489,
      -0.01311026606708765
    ],
    [
      -0.12923209369182587,
      0.03641495108604431,
      0.9909455180168152
    ]
  ],
  "position": [
    0.0015550984535366297,
    0.9172132015228271,
    1.3300540447235107
  ],
  "focal_length": 1530.7855224609375,
  "principal_point": [
    545.5936889648438,
    719.1764526367188
  ],
  "skew": 0.0,
  "pixel_aspect_ratio": 1.0118895769119263,
  "radial_distortion": [
    0.03853635489940643,
    -0.009977939538657665,
    0.0
  ],
  "tangential_distortion": [
    -0.043332938104867935,
    0.0012109986273571849
  ],
  "image_size": [
    1072,
    1920
  ]
}