{
  "orientation": [
    [
      0.950710654258728,
      0.06950367242097855,
      -0.30218952894210815
    ],
    [
      -0.041441988199949265,
      0.9942927360534668,
      0.0983080267906189
    ],
    [
      0.30729764699935913,
      -0.0809391513466835,
      0.9481650590896606
    ]
  ],
  "position": [
    -3.6029672622680664,
    1.0198147296905518,
    -1.2797260284423828
  ],
  "focal_length": 1530.7855224609375,
  "principal_point": [
    545.5936889648438,
    719.1764526367188
  ],
  "skew": 0.0,
  "pixel_aspect_ratio": 1.0118895769119263,
  "radial_distortion": [
    0.03853635489940643,
    -0.009977939538657665,
    0.0
  ],
  "tangential_distortion": [
    -0.043332938104867935,
    0.0012109986273571849
  ],
  "image_size": [
    1072,
    1920
  ]
}