{
  "orientation": [
    [
      0.9955466985702515,
      -0.08800318837165833,
      0.03379632532596588
    ],
    [
      0.09188896417617798,
      0.9859594702720642,
      -0.13942882418632507
    ],
    [
      -0.021051624789834023,
      0.14191341400146484,
      0.9896551966667175
    ]
  ],
  "position": [
    0.5324848890304565,
    -1.3843355178833008,
    -0.2816554605960846
  ],
  "focal_length": 1530.7855224609375,
  "principal_point": [
    545.5936889648438,
    719.1764526367188
  ],
  "skew": 0.0,
  "pixel_aspect_ratio": 1.0118895769119263,
  "radial_distortion": [
    0.03853635489940643,
    -0.009977939538657665,
    0.0
  ],
  "tangential_distortion": [
    -0.043332938104867935,
    0.0012109986273571849
  ],
  "image_size": [
    1072,
    1920
  ]
}