{
  "orientation": [
    [
      0.9844045042991638,
      -0.05087865889072418,
      -0.16840161383152008
    ],
    [
      0.01175319217145443,
      0.9741464257240295,
      -0.22561167180538177
    ],
    [
      0.17552664875984192,
      0.22011388838291168,
      0.9595521092414856
    ]
  ],
  "position": [
    -1.6379534006118774,
    -3.1675727367401123,
    0.6070402264595032
  ],
  "focal_length": 1530.7855224609375,
  "principal_point": [
    545.5936889648438,
    719.1764526367188
  ],
  "skew": 0.0,
  "pixel_aspect_ratio": 1.0118895769119263,
  "radial_distortion": [
    0.03853635489940643,
    -0.009977939538657665,
    0.0
  ],
  "tangential_distortion": [
    -0.043332938104867935,
    0.0012109986273571849
  ],
  "image_size": [
    1072,
    1920
  ]
}