{
  "orientation": [
    [
      0.9814249873161316,
      -0.046236664056777954,
      -0.18619124591350555
    ],
    [
      0.019984085112810135,
      0.9898819327354431,
      -0.1404789835214615
    ],
    [
      0.19080263376235962,
      0.1341487169265747,
      0.9724189043045044
    ]
  ],
  "position": [
    -1.7299026250839233,
    -3.504728078842163,
    -1.47695791721344
  ],
  "focal_length": 1530.7855224609375,
  "principal_point": [
    545.5936889648438,
    719.1764526367188
  ],
  "skew": 0.0,
  "pixel_aspect_ratio": 1.0118895769119263,
  "radial_distortion": [
    0.03853635489940643,
    -0.009977939538657665,
    0.0
  ],
  "tangential_distortion": [
    -0.043332938104867935,
    0.0012109986273571849
  ],
  "image_size": [
    1072,
    1920
  ]
}