{
  "orientation": [
    [
      0.9921836256980896,
      -0.10747050493955612,
      0.06341695785522461
    ],
    [
      0.11159197241067886,
      0.9915944337844849,
      -0.0654805451631546
    ],
    [
      -0.055846672505140305,
      0.07204554975032806,
      0.995836615562439
    ]
  ],
  "position": [
    1.5062689781188965,
    0.43332844972610474,
    -0.1924208253622055
  ],
  "focal_length": 1530.7855224609375,
  "principal_point": [
    545.5936889648438,
    719.1764526367188
  ],
  "skew": 0.0,
  "pixel_aspect_ratio": 1.0118895769119263,
  "radial_distortion": [
    0.03853635489940643,
    -0.009977939538657665,
    0.0
  ],
  "tangential_distortion": [
    -0.043332938104867935,
    0.0012109986273571849
  ],
  "image_size": [
    1072,
    1920
  ]
}