{
  "orientation": [
    [
      0.9904505014419556,
      -0.06934545934200287,
      -0.11915957927703857
    ],
    [
      0.05622453987598419,
      0.9923233389854431,
      -0.11015058308839798
    ],
    [
      0.1258832812309265,
      0.10239900648593903,
      0.986746072769165
    ]
  ],
  "position": [
    -1.8036835193634033,
    -1.8541606664657593,
    -0.4190240800380707
  ],
  "focal_length": 1530.7855224609375,
  "principal_point": [
    545.5936889648438,
    719.1764526367188
  ],
  "skew": 0.0,
  "pixel_aspect_ratio": 1.0118895769119263,
  "radial_distortion": [
    0.03853635489940643,
    -0.009977939538657665,
    0.0
  ],
  "tangential_distortion": [
    -0.043332938104867935,
    0.0012109986273571849
  ],
  "image_size": [
    1072,
    1920
  ]
}