{
  "orientation": [
    [
      0.9864965677261353,
      0.03303550183773041,
      -0.16041545569896698
    ],
    [
      -0.026268064975738525,
      0.9986805319786072,
      0.04412638768553734
    ],
    [
      0.1616615355014801,
      -0.039316728711128235,
      0.98606276512146
    ]
  ],
  "position": [
    -0.7409210801124573,
    1.778968334197998,
    -1.3269692659378052
  ],
  "focal_length": 1530.7855224609375,
  "principal_point": [
    545.5936889648438,
    719.1764526367188
  ],
  "skew": 0.0,
  "pixel_aspect_ratio": 1.0118895769119263,
  "radial_distortion": [
    0.03853635489940643,
    -0.009977939538657665,
    0.0
  ],
  "tangential_distortion": [
    -0.043332938104867935,
    0.0012109986273571849
  ],
  "image_size": [
    1072,
    1920
  ]
}