{
  "orientation": [
    [
      0.9976531267166138,
      -0.06727726012468338,
      -0.012729687616229057
    ],
    [
      0.06539400666952133,
      0.9913150072097778,
      -0.11409728229045868
    ],
    [
      0.02029528096318245,
      0.11299706250429153,
      0.9933879971504211
    ]
  ],
  "position": [
    -0.7506017088890076,
    -2.6808388233184814,
    -0.7846127152442932
  ],
  "focal_length": 1530.7855224609375,
  "principal_point": [
    545.5936889648438,
    719.1764526367188
  ],
  "skew": 0.0,
  "pixel_aspect_ratio": 1.0118895769119263,
  "radial_distortion": [
    0.03853635489940643,
    -0.009977939538657665,
    0.0
  ],
  "tangential_distortion": [
    -0.043332938104867935,
    0.0012109986273571849
  ],
  "image_size": [
    1072,
    1920
  ]
}