{
  "orientation": [
    [
      0.9766575694084167,
      -0.04096458852291107,
      -0.21085982024669647
    ],
    [
      0.015532974153757095,
      0.9925455451011658,
      -0.12088041752576828
    ],
    [
      0.21423979103565216,
      0.11478349566459656,
      0.970013439655304
    ]
  ],
  "position": [
    -1.5559190511703491,
    -3.0520098209381104,
    -0.398593008518219
  ],
  "focal_length": 1530.7855224609375,
  "principal_point": [
    545.5936889648438,
    719.1764526367188
  ],
  "skew": 0.0,
  "pixel_aspect_ratio": 1.0118895769119263,
  "radial_distortion": [
    0.03853635489940643,
    -0.009977939538657665,
    0.0
  ],
  "tangential_distortion": [
    -0.043332938104867935,
    0.0012109986273571849
  ],
  "image_size": [
    1072,
    1920
  ]
}