{
  "orientation": [
    [
      0.9762686491012573,
      -0.12965762615203857,
      0.1734602451324463
    ],
    [
      0.15423700213432312,
      0.9785400032997131,
      -0.136639803647995
    ],
    [
      -0.1520213931798935,
      0.1601511389017105,
      0.9753159284591675
    ]
  ],
  "position": [
    1.9351787567138672,
    -0.9132004976272583,
    0.18113380670547485
  ],
  "focal_length": 1530.7855224609375,
  "principal_point": [
    545.5936889648438,
    719.1764526367188
  ],
  "skew": 0.0,
  "pixel_aspect_ratio": 1.0118895769119263,
  "radial_distortion": [
    0.03853635489940643,
    -0.009977939538657665,
    0.0
  ],
  "tangential_distortion": [
    -0.043332938104867935,
    0.0012109986273571849
  ],
  "image_size": [
    1072,
    1920
  ]
}