{
  "orientation": [
    [
      0.9501734375953674,
      0.024838101118803024,
      -0.31073063611984253
    ],
    [
      -0.00396377919241786,
      0.9977025985717773,
      0.06763014942407608
    ],
    [
      0.3116965591907501,
      -0.06302870810031891,
      0.9480889439582825
    ]
  ],
  "position": [
    -3.8725485801696777,
    3.4032185077667236,
    1.9439489841461182
  ],
  "focal_length": 1530.7855224609375,
  "principal_point": [
    545.5936889648438,
    719.1764526367188
  ],
  "skew": 0.0,
  "pixel_aspect_ratio": 1.0118895769119263,
  "radial_distortion": [
    0.03853635489940643,
    -0.009977939538657665,
    0.0
  ],
  "tangential_distortion": [
    -0.043332938104867935,
    0.0012109986273571849
  ],
  "image_size": [
    1072,
    1920
  ]
}