{
  "orientation": [
    [
      0.9973135590553284,
      -0.07223344594240189,
      -0.01216411218047142
    ],
    [
      0.07290755212306976,
      0.9949121475219727,
      0.06952881813049316
    ],
    [
      0.007079917471855879,
      -0.07022888958454132,
      0.997505784034729
    ]
  ],
  "position": [
    0.5344163179397583,
    0.5548678636550903,
    -0.09847251325845718
  ],
  "focal_length": 1530.7855224609375,
  "principal_point": [
    545.5936889648438,
    719.1764526367188
  ],
  "skew": 0.0,
  "pixel_aspect_ratio": 1.0118895769119263,
  "radial_distortion": [
    0.03853635489940643,
    -0.009977939538657665,
    0.0
  ],
  "tangential_distortion": [
    -0.043332938104867935,
    0.0012109986273571849
  ],
  "image_size": [
    1072,
    1920
  ]
}