{
  "orientation": [
    [
      0.9253020882606506,
      0.10204852372407913,
      -0.365242600440979
    ],
    [
      -0.08287512511014938,
      0.9942483901977539,
      0.06783723831176758
    ],
    [
      0.37006455659866333,
      -0.032500412315130234,
      0.928437352180481
    ]
  ],
  "position": [
    -4.974271774291992,
    -0.26517531275749207,
    -0.9252574443817139
  ],
  "focal_length": 1530.7855224609375,
  "principal_point": [
    545.5936889648438,
    719.1764526367188
  ],
  "skew": 0.0,
  "pixel_aspect_ratio": 1.0118895769119263,
  "radial_distortion": [
    0.03853635489940643,
    -0.009977939538657665,
    0.0
  ],
  "tangential_distortion": [
    -0.043332938104867935,
    0.0012109986273571849
  ],
  "image_size": [
    1072,
    1920
  ]
}