{
  "orientation": [
    [
      0.9941271543502808,
      -0.09617844969034195,
      -0.04960787296295166
    ],
    [
      0.09618249535560608,
      0.9953610301017761,
      -0.002311163814738393
    ],
    [
      0.0496000275015831,
      -0.0024738183710724115,
      0.9987661242485046
    ]
  ],
  "position": [
    0.23167763650417328,
    -0.4947761595249176,
    -0.7977330684661865
  ],
  "focal_length": 1530.7855224609375,
  "principal_point": [
    545.5936889648438,
    719.1764526367188
  ],
  "skew": 0.0,
  "pixel_aspect_ratio": 1.0118895769119263,
  "radial_distortion": [
    0.03853635489940643,
    -0.009977939538657665,
    0.0
  ],
  "tangential_distortion": [
    -0.043332938104867935,
    0.0012109986273571849
  ],
  "image_size": [
    1072,
    1920
  ]
}