{
  "orientation": [
    [
      0.9942818880081177,
      -0.03488408401608467,
      -0.10092876851558685
    ],
    [
      0.018061164766550064,
      0.9864568710327148,
      -0.1630234569311142
    ],
    [
      0.10524880141019821,
      0.1602683812379837,
      0.9814462661743164
    ]
  ],
  "position": [
    -2.271073579788208,
    -1.0963399410247803,
    -0.3268507122993469
  ],
  "focal_length": 1530.7855224609375,
  "principal_point": [
    545.5936889648438,
    719.1764526367188
  ],
  "skew": 0.0,
  "pixel_aspect_ratio": 1.0118895769119263,
  "radial_distortion": [
    0.03853635489940643,
    -0.009977939538657665,
    0.0
  ],
  "tangential_distortion": [
    -0.043332938104867935,
    0.0012109986273571849
  ],
  "image_size": [
    1072,
    1920
  ]
}