{
  "orientation": [
    [
      0.9978715777397156,
      -0.04378579184412956,
      -0.04832320287823677
    ],
    [
      0.04918096214532852,
      0.9919386506080627,
      0.11678580939769745
    ],
    [
      0.04282009229063988,
      -0.11891382187604904,
      0.991980791091919
    ]
  ],
  "position": [
    0.8134879469871521,
    1.6894348859786987,
    -0.7852994799613953
  ],
  "focal_length": 1530.7855224609375,
  "principal_point": [
    545.5936889648438,
    719.1764526367188
  ],
  "skew": 0.0,
  "pixel_aspect_ratio": 1.0118895769119263,
  "radial_distortion": [
    0.03853635489940643,
    -0.009977939538657665,
    0.0
  ],
  "tangential_distortion": [
    -0.043332938104867935,
    0.0012109986273571849
  ],
  "image_size": [
    1072,
    1920
  ]
}