{
  "orientation": [
    [
      0.9732086658477783,
      0.09091053158044815,
      -0.21118751168251038
    ],
    [
      -0.10477277636528015,
      0.9929529428482056,
      -0.05538155138492584
    ],
    [
      0.20466449856758118,
      0.07602450251579285,
      0.9758753776550293
    ]
  ],
  "position": [
    -3.3790273666381836,
    1.998171091079712,
    0.7384386658668518
  ],
  "focal_length": 1530.7855224609375,
  "principal_point": [
    545.5936889648438,
    719.1764526367188
  ],
  "skew": 0.0,
  "pixel_aspect_ratio": 1.0118895769119263,
  "radial_distortion": [
    0.03853635489940643,
    -0.009977939538657665,
    0.0
  ],
  "tangential_distortion": [
    -0.043332938104867935,
    0.0012109986273571849
  ],
  "image_size": [
    1072,
    1920
  ]
}