{
  "orientation": [
    [
      0.9353510737419128,
      0.08279503136873245,
      -0.343894362449646
    ],
    [
      -0.13842009007930756,
      0.980363130569458,
      -0.1404564529657364
    ],
    [
      0.32551226019859314,
      0.17897798120975494,
      0.9284442067146301
    ]
  ],
  "position": [
    -3.899394989013672,
    -0.5719082951545715,
    -0.23897939920425415
  ],
  "focal_length": 1530.7855224609375,
  "principal_point": [
    545.5936889648438,
    719.1764526367188
  ],
  "skew": 0.0,
  "pixel_aspect_ratio": 1.0118895769119263,
  "radial_distortion": [
    0.03853635489940643,
    -0.009977939538657665,
    0.0
  ],
  "tangential_distortion": [
    -0.043332938104867935,
    0.0012109986273571849
  ],
  "image_size": [
    1072,
    1920
  ]
}