{
  "orientation": [
    [
      0.9732533097267151,
      0.054764777421951294,
      -0.22311155498027802
    ],
    [
      -0.05358649790287018,
      0.9984988570213318,
      0.011336601339280605
    ],
    [
      0.22339747846126556,
      0.000922381819691509,
      0.9747269749641418
    ]
  ],
  "position": [
    -4.4323649406433105,
    1.480777621269226,
    -0.009621279314160347
  ],
  "focal_length": 1530.7855224609375,
  "principal_point": [
    545.5936889648438,
    719.1764526367188
  ],
  "skew": 0.0,
  "pixel_aspect_ratio": 1.0118895769119263,
  "radial_distortion": [
    0.03853635489940643,
    -0.009977939538657665,
    0.0
  ],
  "tangential_distortion": [
    -0.043332938104867935,
    0.0012109986273571849
  ],
  "image_size": [
    1072,
    1920
  ]
}