{
  "orientation": [
    [
      0.9917945265769958,
      -0.12780602276325226,
      -0.003032451728358865
    ],
    [
      0.1266738623380661,
      0.9856549501419067,
      -0.11152607202529907
    ],
    [
      0.017242655158042908,
      0.1102268174290657,
      0.993756890296936
    ]
  ],
  "position": [
    0.3442549705505371,
    -1.7389469146728516,
    0.772107720375061
  ],
  "focal_length": 1530.7855224609375,
  "principal_point": [
    545.5936889648438,
    719.1764526367188
  ],
  "skew": 0.0,
  "pixel_aspect_ratio": 1.0118895769119263,
  "radial_distortion": [
    0.03853635489940643,
    -0.009977939538657665,
    0.0
  ],
  "tangential_distortion": [
    -0.043332938104867935,
    0.0012109986273571849
  ],
  "image_size": [
    1072,
    1920
  ]
}