{
  "orientation": [
    [
      0.9919525384902954,
      -0.12634944915771484,
      0.008126110769808292
    ],
    [
      0.1258075088262558,
      0.976412296295166,
      -0.17547500133514404
    ],
    [
      0.014236733317375183,
      0.175085186958313,
      0.9844503402709961
    ]
  ],
  "position": [
    0.543363630771637,
    1.4624990224838257,
    1.6218671798706055
  ],
  "focal_length": 1530.7855224609375,
  "principal_point": [
    545.5936889648438,
    719.1764526367188
  ],
  "skew": 0.0,
  "pixel_aspect_ratio": 1.0118895769119263,
  "radial_distortion": [
    0.03853635489940643,
    -0.009977939538657665,
    0.0
  ],
  "tangential_distortion": [
    -0.043332938104867935,
    0.0012109986273571849
  ],
  "image_size": [
    1072,
    1920
  ]
}