{
  "orientation": [
    [
      0.9218413233757019,
      0.0708729699254036,
      -0.3810323178768158
    ],
    [
      -0.09531253576278687,
      0.9944009780883789,
      -0.04563100263476372
    ],
    [
      0.37566491961479187,
      0.07838170230388641,
      0.9234349727630615
    ]
  ],
  "position": [
    -4.075689315795898,
    -1.3728926181793213,
    -0.31869402527809143
  ],
  "focal_length": 1530.7855224609375,
  "principal_point": [
    545.5936889648438,
    719.1764526367188
  ],
  "skew": 0.0,
  "pixel_aspect_ratio": 1.0118895769119263,
  "radial_distortion": [
    0.03853635489940643,
    -0.009977939538657665,
    0.0
  ],
  "tangential_distortion": [
    -0.043332938104867935,
    0.0012109986273571849
  ],
  "image_size": [
    1072,
    1920
  ]
}