{
  "orientation": [
    [
      0.9586696028709412,
      0.0753246322274208,
      -0.2743697464466095
    ],
    [
      -0.10896017402410507,
      0.987999677658081,
      -0.10947306454181671
    ],
    [
      0.2628311812877655,
      0.1348438709974289,
      0.9553726315498352
    ]
  ],
  "position": [
    -4.248999118804932,
    -0.9091123938560486,
    1.3137844800949097
  ],
  "focal_length": 1530.7855224609375,
  "principal_point": [
    545.5936889648438,
    719.1764526367188
  ],
  "skew": 0.0,
  "pixel_aspect_ratio": 1.0118895769119263,
  "radial_distortion": [
    0.03853635489940643,
    -0.009977939538657665,
    0.0
  ],
  "tangential_distortion": [
    -0.043332938104867935,
    0.0012109986273571849
  ],
  "image_size": [
    1072,
    1920
  ]
}