{
  "orientation": [
    [
      0.9864618182182312,
      -0.07684706896543503,
      -0.1448708176612854
    ],
    [
      0.049382422119379044,
      0.9816030859947205,
      -0.18443632125854492
    ],
    [
      0.15637904405593872,
      0.1747853308916092,
      0.9721089005470276
    ]
  ],
  "position": [
    -2.150602102279663,
    1.4182871580123901,
    0.9829312562942505
  ],
  "focal_length": 1530.7855224609375,
  "principal_point": [
    545.5936889648438,
    719.1764526367188
  ],
  "skew": 0.0,
  "pixel_aspect_ratio": 1.0118895769119263,
  "radial_distortion": [
    0.03853635489940643,
    -0.009977939538657665,
    0.0
  ],
  "tangential_distortion": [
    -0.043332938104867935,
    0.0012109986273571849
  ],
  "image_size": [
    1072,
    1920
  ]
}