{
  "orientation": [
    [
      0.9421809911727905,
      0.09028591215610504,
      -0.3227125406265259
    ],
    [
      -0.061704590916633606,
      0.9932966828346252,
      0.09774581342935562
    ],
    [
      0.32937437295913696,
      -0.07218140363693237,
      0.9414363503456116
    ]
  ],
  "position": [
    -4.380405426025391,
    0.7969489097595215,
    -1.0921441316604614
  ],
  "focal_length": 1530.7855224609375,
  "principal_point": [
    545.5936889648438,
    719.1764526367188
  ],
  "skew": 0.0,
  "pixel_aspect_ratio": 1.0118895769119263,
  "radial_distortion": [
    0.03853635489940643,
    -0.009977939538657665,
    0.0
  ],
  "tangential_distortion": [
    -0.043332938104867935,
    0.0012109986273571849
  ],
  "image_size": [
    1072,
    1920
  ]
}