{
  "orientation": [
    [
      0.9541931748390198,
      0.10059762001037598,
      -0.28177201747894287
    ],
    [
      -0.0874665305018425,
      0.9944286942481995,
      0.05883192643523216
    ],
    [
      0.28612053394317627,
      -0.03149140253663063,
      0.9576759934425354
    ]
  ],
  "position": [
    -3.2504663467407227,
    0.9070895910263062,
    0.13938266038894653
  ],
  "focal_length": 1530.7855224609375,
  "principal_point": [
    545.5936889648438,
    719.1764526367188
  ],
  "skew": 0.0,
  "pixel_aspect_ratio": 1.0118895769119263,
  "radial_distortion": [
    0.03853635489940643,
    -0.009977939538657665,
    0.0
  ],
  "tangential_distortion": [
    -0.043332938104867935,
    0.0012109986273571849
  ],
  "image_size": [
    1072,
    1920
  ]
}