{
  "orientation": [
    [
      0.9734233021736145,
      0.09944362193346024,
      -0.20629611611366272
    ],
    [
      -0.11407794058322906,
      0.9916418790817261,
      -0.060270920395851135
    ],
    [
      0.19857831299304962,
      0.0822029560804367,
      0.9766316413879395
    ]
  ],
  "position": [
    -3.0322442054748535,
    2.587568521499634,
    0.9973151683807373
  ],
  "focal_length": 1530.7855224609375,
  "principal_point": [
    545.5936889648438,
    719.1764526367188
  ],
  "skew": 0.0,
  "pixel_aspect_ratio": 1.0118895769119263,
  "radial_distortion": [
    0.03853635489940643,
    -0.009977939538657665,
    0.0
  ],
  "tangential_distortion": [
    -0.043332938104867935,
    0.0012109986273571849
  ],
  "image_size": [
    1072,
    1920
  ]
}