{
  "orientation": [
    [
      0.9514817595481873,
      0.047536853700876236,
      -0.30401110649108887
    ],
    [
      -0.08354482054710388,
      0.9907913208007812,
      -0.10654963552951813
    ],
    [
      0.2961465120315552,
      0.12677858769893646,
      0.9466913342475891
    ]
  ],
  "position": [
    -3.968515396118164,
    -2.376181125640869,
    0.12268217653036118
  ],
  "focal_length": 1530.7855224609375,
  "principal_point": [
    545.5936889648438,
    719.1764526367188
  ],
  "skew": 0.0,
  "pixel_aspect_ratio": 1.0118895769119263,
  "radial_distortion": [
    0.03853635489940643,
    -0.009977939538657665,
    0.0
  ],
  "tangential_distortion": [
    -0.043332938104867935,
    0.0012109986273571849
  ],
  "image_size": [
    1072,
    1920
  ]
}