{
  "orientation": [
    [
      0.9899742007255554,
      0.027452118694782257,
      -0.13855502009391785
    ],
    [
      -0.013299577869474888,
      0.99468994140625,
      0.10205410420894623
    ],
    [
      0.1406208872795105,
      -0.09918820112943649,
      0.9850824475288391
    ]
  ],
  "position": [
    -2.5188534259796143,
    2.9528892040252686,
    -0.3827688694000244
  ],
  "focal_length": 1530.7855224609375,
  "principal_point": [
    545.5936889648438,
    719.1764526367188
  ],
  "skew": 0.0,
  "pixel_aspect_ratio": 1.0118895769119263,
  "radial_distortion": [
    0.03853635489940643,
    -0.009977939538657665,
    0.0
  ],
  "tangential_distortion": [
    -0.043332938104867935,
    0.0012109986273571849
  ],
  "image_size": [
    1072,
    1920
  ]
}