{
  "orientation": [
    [
      0.9904982447624207,
      -0.1290731579065323,
      0.047469284385442734
    ],
    [
      0.1357741504907608,
      0.9726932644844055,
      -0.18823695182800293
    ],
    [
      -0.02187671884894371,
      0.19289347529411316,
      0.9809758067131042
    ]
  ],
  "position": [
    1.0552186965942383,
    1.708901047706604,
    2.1798267364501953
  ],
  "focal_length": 1530.7855224609375,
  "principal_point": [
    545.5936889648438,
    719.1764526367188
  ],
  "skew": 0.0,
  "pixel_aspect_ratio": 1.0118895769119263,
  "radial_distortion": [
    0.03853635489940643,
    -0.009977939538657665,
    0.0
  ],
  "tangential_distortion": [
    -0.043332938104867935,
    0.0012109986273571849
  ],
  "image_size": [
    1072,
    1920
  ]
}