{
  "orientation": [
    [
      0.9860385060310364,
      -0.009139664471149445,
      -0.16626650094985962
    ],
    [
      -0.027425121515989304,
      0.9759435653686523,
      -0.21629144251346588
    ],
    [
      0.16424354910850525,
      0.2178315669298172,
      0.9620673060417175
    ]
  ],
  "position": [
    -2.6844656467437744,
    -2.6407792568206787,
    -0.04640459269285202
  ],
  "focal_length": 1530.7855224609375,
  "principal_point": [
    545.5936889648438,
    719.1764526367188
  ],
  "skew": 0.0,
  "pixel_aspect_ratio": 1.0118895769119263,
  "radial_distortion": [
    0.03853635489940643,
    -0.009977939538657665,
    0.0
  ],
  "tangential_distortion": [
    -0.043332938104867935,
    0.0012109986273571849
  ],
  "image_size": [
    1072,
    1920
  ]
}