{
  "orientation": [
    [
      0.9944992661476135,
      -0.09925836324691772,
      -0.03345102071762085
    ],
    [
      0.09220196306705475,
      0.9811108708381653,
      -0.17005972564220428
    ],
    [
      0.04969900846481323,
      0.16604001820087433,
      0.9848658442497253
    ]
  ],
  "position": [
    -0.00959292333573103,
    1.3785731792449951,
    1.346530556678772
  ],
  "focal_length": 1530.7855224609375,
  "principal_point": [
    545.5936889648438,
    719.1764526367188
  ],
  "skew": 0.0,
  "pixel_aspect_ratio": 1.0118895769119263,
  "radial_distortion": [
    0.03853635489940643,
    -0.009977939538657665,
    0.0
  ],
  "tangential_distortion": [
    -0.043332938104867935,
    0.0012109986273571849
  ],
  "image_size": [
    1072,
    1920
  ]
}