{
  "orientation": [
    [
      0.9601441621780396,
      -0.002854921156540513,
      -0.2794906795024872
    ],
    [
      0.014583361335098743,
      0.9990975260734558,
      0.03989322483539581
    ],
    [
      0.27912455797195435,
      -0.04237915948033333,
      0.9593192934989929
    ]
  ],
  "position": [
    -2.6573915481567383,
    0.8036481142044067,
    -0.43642494082450867
  ],
  "focal_length": 1530.7855224609375,
  "principal_point": [
    545.5936889648438,
    719.1764526367188
  ],
  "skew": 0.0,
  "pixel_aspect_ratio": 1.0118895769119263,
  "radial_distortion": [
    0.03853635489940643,
    -0.009977939538657665,
    0.0
  ],
  "tangential_distortion": [
    -0.043332938104867935,
    0.0012109986273571849
  ],
  "image_size": [
    1072,
    1920
  ]
}