{
  "orientation": [
    [
      0.9951247572898865,
      0.09632044285535812,
      0.02119305729866028
    ],
    [
      -0.09172183275222778,
      0.9828346967697144,
      -0.16007190942764282
    ],
    [
      -0.03624746948480606,
      0.1573476493358612,
      0.9868777990341187
    ]
  ],
  "position": [
    -0.5167521834373474,
    -0.6310141086578369,
    1.0591909885406494
  ],
  "focal_length": 1530.7855224609375,
  "principal_point": [
    545.5936889648438,
    719.1764526367188
  ],
  "skew": 0.0,
  "pixel_aspect_ratio": 1.0118895769119263,
  "radial_distortion": [
    0.03853635489940643,
    -0.009977939538657665,
    0.0
  ],
  "tangential_distortion": [
    -0.043332938104867935,
    0.0012109986273571849
  ],
  "image_size": [
    1072,
    1920
  ]
}