{
  "orientation": [
    [
      0.9404046535491943,
      -0.06567483395338058,
      0.33365538716316223
    ],
    [
      0.12131317704916,
      0.981406033039093,
      -0.14874568581581116
    ],
    [
      -0.31768256425857544,
      0.1803579330444336,
      0.9308860301971436
    ]
  ],
  "position": [
    4.792873382568359,
    -1.2654649019241333,
    0.6209379434585571
  ],
  "focal_length": 1530.7855224609375,
  "principal_point": [
    545.5936889648438,
    719.1764526367188
  ],
  "skew": 0.0,
  "pixel_aspect_ratio": 1.0118895769119263,
  "radial_distortion": [
    0.03853635489940643,
    -0.009977939538657665,
    0.0
  ],
  "tangential_distortion": [
    -0.043332938104867935,
    0.0012109986273571849
  ],
  "image_size": [
    1072,
    1920
  ]
}