{
  "orientation": [
    [
      0.9837736487388611,
      -0.06689059734344482,
      0.166478231549263
    ],
    [
      0.09119418263435364,
      0.9855248332023621,
      -0.14291414618492126
    ],
    [
      -0.1545088142156601,
      0.15577702224254608,
      0.9756333827972412
    ]
  ],
  "position": [
    2.6550815105438232,
    -3.3805012702941895,
    -1.4471503496170044
  ],
  "focal_length": 1530.7855224609375,
  "principal_point": [
    545.5936889648438,
    719.1764526367188
  ],
  "skew": 0.0,
  "pixel_aspect_ratio": 1.0118895769119263,
  "radial_distortion": [
    0.03853635489940643,
    -0.009977939538657665,
    0.0
  ],
  "tangential_distortion": [
    -0.043332938104867935,
    0.0012109986273571849
  ],
  "image_size": [
    1072,
    1920
  ]
}