{
  "orientation": [
    [
      0.9894419312477112,
      -0.01724916882812977,
      0.14389987289905548
    ],
    [
      0.05273031070828438,
      0.9676887392997742,
      -0.24657250940799713
    ],
    [
      -0.13499711453914642,
      0.25155705213546753,
      0.9583813548088074
    ]
  ],
  "position": [
    1.3541531562805176,
    0.9488839507102966,
    1.0699729919433594
  ],
  "focal_length": 1530.7855224609375,
  "principal_point": [
    545.5936889648438,
    719.1764526367188
  ],
  "skew": 0.0,
  "pixel_aspect_ratio": 1.0118895769119263,
  "radial_distortion": [
    0.03853635489940643,
    -0.009977939538657665,
    0.0
  ],
  "tangential_distortion": [
    -0.043332938104867935,
    0.0012109986273571849
  ],
  "image_size": [
    1072,
    1920
  ]
}