{
  "orientation": [
    [
      0.9722190499305725,
      -0.10499738901853561,
      0.20920248329639435
    ],
    [
      0.12587708234786987,
      0.9880369901657104,
      -0.08909449726343155
    ],
    [
      -0.19734510779380798,
      0.11295317113399506,
      0.9738051891326904
    ]
  ],
  "position": [
    2.940347909927368,
    -2.8990228176116943,
    -0.8685399293899536
  ],
  "focal_length": 1530.7855224609375,
  "principal_point": [
    545.5936889648438,
    719.1764526367188
  ],
  "skew": 0.0,
  "pixel_aspect_ratio": 1.0118895769119263,
  "radial_distortion": [
    0.03853635489940643,
    -0.009977939538657665,
    0.0
  ],
  "tangential_distortion": [
    -0.043332938104867935,
    0.0012109986273571849
  ],
  "image_size": [
    1072,
    1920
  ]
}