{
  "orientation": [
    [
      0.9315908551216125,
      -0.11757108569145203,
      0.3439701497554779
    ],
    [
      0.1449914127588272,
      0.9879021644592285,
      -0.05501623824238777
    ],
    [
      -0.33334052562713623,
      0.10112534463405609,
      0.9373674392700195
    ]
  ],
  "position": [
    3.9930031299591064,
    -2.108428716659546,
    -0.23348645865917206
  ],
  "focal_length": 1530.7855224609375,
  "principal_point": [
    545.5936889648438,
    719.1764526367188
  ],
  "skew": 0.0,
  "pixel_aspect_ratio": 1.0118895769119263,
  "radial_distortion": [
    0.03853635489940643,
    -0.009977939538657665,
    0.0
  ],
  "tangential_distortion": [
    -0.043332938104867935,
    0.0012109986273571849
  ],
  "image_size": [
    1072,
    1920
  ]
}