{
  "orientation": [
    [
      0.9937036633491516,
      0.05698976293206215,
      0.09646328538656235
    ],
    [
      -0.038402631878852844,
      0.982063889503479,
      -0.18459615111351013
    ],
    [
      -0.1052531972527504,
      0.1797294318675995,
      0.9780690670013428
    ]
  ],
  "position": [
    0.3978888988494873,
    0.2910148799419403,
    0.11932791024446487
  ],
  "focal_length": 1530.7855224609375,
  "principal_point": [
    545.5936889648438,
    719.1764526367188
  ],
  "skew": 0.0,
  "pixel_aspect_ratio": 1.0118895769119263,
  "radial_distortion": [
    0.03853635489940643,
    -0.009977939538657665,
    0.0
  ],
  "tangential_distortion": [
    -0.043332938104867935,
    0.0012109986273571849
  ],
  "image_size": [
    1072,
    1920
  ]
}