{
  "orientation": [
    [
      0.9856523275375366,
      -0.0516287125647068,
      0.16069819033145905
    ],
    [
      0.07547448575496674,
      0.9863983988761902,
      -0.1460198163986206
    ],
    [
      -0.1509736329317093,
      0.15605339407920837,
      0.9761425852775574
    ]
  ],
  "position": [
    1.5389503240585327,
    -2.08431077003479,
    -0.06804898381233215
  ],
  "focal_length": 1530.7855224609375,
  "principal_point": [
    545.5936889648438,
    719.1764526367188
  ],
  "skew": 0.0,
  "pixel_aspect_ratio": 1.0118895769119263,
  "radial_distortion": [
    0.03853635489940643,
    -0.009977939538657665,
    0.0
  ],
  "tangential_distortion": [
    -0.043332938104867935,
    0.0012109986273571849
  ],
  "image_size": [
    1072,
    1920
  ]
}