{
  "orientation": [
    [
      0.9839893579483032,
      -0.06491466611623764,
      0.16598506271839142
    ],
    [
      0.08840801566839218,
      0.986434280872345,
      -0.13831663131713867
    ],
    [
      -0.15475457906723022,
      0.15077649056911469,
      0.9763797521591187
    ]
  ],
  "position": [
    2.315484046936035,
    -3.3290061950683594,
    -0.8391959071159363
  ],
  "focal_length": 1530.7855224609375,
  "principal_point": [
    545.5936889648438,
    719.1764526367188
  ],
  "skew": 0.0,
  "pixel_aspect_ratio": 1.0118895769119263,
  "radial_distortion": [
    0.03853635489940643,
    -0.009977939538657665,
    0.0
  ],
  "tangential_distortion": [
    -0.043332938104867935,
    0.0012109986273571849
  ],
  "image_size": [
    1072,
    1920
  ]
}