{
  "orientation": [
    [
      0.9972598552703857,
      0.06613675504922867,
      -0.0331459678709507
    ],
    [
      -0.06676919013261795,
      0.997599720954895,
      -0.01835000514984131
    ],
    [
      0.03185279667377472,
      0.02051285281777382,
      0.9992820620536804
    ]
  ],
  "position": [
    -1.3681511878967285,
    0.9661960005760193,
    -0.5108694434165955
  ],
  "focal_length": 1530.7855224609375,
  "principal_point": [
    545.5936889648438,
    719.1764526367188
  ],
  "skew": 0.0,
  "pixel_aspect_ratio": 1.0118895769119263,
  "radial_distortion": [
    0.03853635489940643,
    -0.009977939538657665,
    0.0
  ],
  "tangential_distortion": [
    -0.043332938104867935,
    0.0012109986273571849
  ],
  "image_size": [
    1072,
    1920
  ]
}