{
  "orientation": [
    [
      0.9977839589118958,
      0.06642736494541168,
      -0.0038136409129947424
    ],
    [
      -0.06563444435596466,
      0.9732277393341064,
      -0.22027230262756348
    ],
    [
      -0.010920568369328976,
      0.22003448009490967,
      0.975430965423584
    ]
  ],
  "position": [
    -0.41228699684143066,
    -1.3203881978988647,
    1.9836866855621338
  ],
  "focal_length": 1530.7855224609375,
  "principal_point": [
    545.5936889648438,
    719.1764526367188
  ],
  "skew": 0.0,
  "pixel_aspect_ratio": 1.0118895769119263,
  "radial_distortion": [
    0.03853635489940643,
    -0.009977939538657665,
    0.0
  ],
  "tangential_distortion": [
    -0.043332938104867935,
    0.0012109986273571849
  ],
  "image_size": [
    1072,
    1920
  ]
}