{
  "orientation": [
    [
      0.9959813952445984,
      0.04930795356631279,
      -0.07476498931646347
    ],
    [
      -0.054408226162195206,
      0.9962150454521179,
      -0.06778913736343384
    ],
    [
      0.07113946229219437,
      0.071584552526474,
      0.9948943853378296
    ]
  ],
  "position": [
    -1.1730761528015137,
    1.110628604888916,
    1.6397523880004883
  ],
  "focal_length": 1530.7855224609375,
  "principal_point": [
    545.5936889648438,
    719.1764526367188
  ],
  "skew": 0.0,
  "pixel_aspect_ratio": 1.0118895769119263,
  "radial_distortion": [
    0.03853635489940643,
    -0.009977939538657665,
    0.0
  ],
  "tangential_distortion": [
    -0.043332938104867935,
    0.0012109986273571849
  ],
  "image_size": [
    1072,
    1920
  ]
}