{
  "orientation": [
    [
      0.9974517822265625,
      0.07097594439983368,
      -0.007236242759972811
    ],
    [
      -0.07078263908624649,
      0.9971989989280701,
      0.024166012182831764
    ],
    [
      0.008931179530918598,
      -0.023592231795191765,
      0.9996817708015442
    ]
  ],
  "position": [
    -1.0124616622924805,
    2.254427671432495,
    -0.5174798965454102
  ],
  "focal_length": 1530.7855224609375,
  "principal_point": [
    545.5936889648438,
    719.1764526367188
  ],
  "skew": 0.0,
  "pixel_aspect_ratio": 1.0118895769119263,
  "radial_distortion": [
    0.03853635489940643,
    -0.009977939538657665,
    0.0
  ],
  "tangential_distortion": [
    -0.043332938104867935,
    0.0012109986273571849
  ],
  "image_size": [
    1072,
    1920
  ]
}