{
  "orientation": [
    [
      0.9417755007743835,
      -0.09554648399353027,
      0.3223814070224762
    ],
    [
      0.08796346932649612,
      0.9953969120979309,
      0.03804447874426842
    ],
    [
      -0.32453247904777527,
      -0.007471571210771799,
      0.9458450675010681
    ]
  ],
  "position": [
    4.77321720123291,
    2.845803737640381,
    0.6796330809593201
  ],
  "focal_length": 1530.7855224609375,
  "principal_point": [
    545.5936889648438,
    719.1764526367188
  ],
  "skew": 0.0,
  "pixel_aspect_ratio": 1.0118895769119263,
  "radial_distortion": [
    0.03853635489940643,
    -0.009977939538657665,
    0.0
  ],
  "tangential_distortion": [
    -0.043332938104867935,
    0.0012109986273571849
  ],
  "image_size": [
    1072,
    1920
  ]
}