{
  "orientation": [
    [
      0.9621744155883789,
      -0.10170713067054749,
      0.2527371048927307
    ],
    [
      0.08289513736963272,
      0.9930095672607422,
      0.08402632176876068
    ],
    [
      -0.2595164477825165,
      -0.059897299855947495,
      0.963879406452179
    ]
  ],
  "position": [
    4.560588359832764,
    1.3596159219741821,
    -0.4833022654056549
  ],
  "focal_length": 1530.7855224609375,
  "principal_point": [
    545.5936889648438,
    719.1764526367188
  ],
  "skew": 0.0,
  "pixel_aspect_ratio": 1.0118895769119263,
  "radial_distortion": [
    0.03853635489940643,
    -0.009977939538657665,
    0.0
  ],
  "tangential_distortion": [
    -0.043332938104867935,
    0.0012109986273571849
  ],
  "image_size": [
    1072,
    1920
  ]
}