{
  "orientation": [
    [
      0.9954070448875427,
      -0.011899907141923904,
      0.0949908047914505
    ],
    [
      0.024865303188562393,
      0.9903278946876526,
      -0.13650044798851013
    ],
    [
      -0.09244770556688309,
      0.13823547959327698,
      0.986075222492218
    ]
  ],
  "position": [
    0.6099697947502136,
    -1.7259973287582397,
    0.0647466853260994
  ],
  "focal_length": 1530.7855224609375,
  "principal_point": [
    545.5936889648438,
    719.1764526367188
  ],
  "skew": 0.0,
  "pixel_aspect_ratio": 1.0118895769119263,
  "radial_distortion": [
    0.03853635489940643,
    -0.009977939538657665,
    0.0
  ],
  "tangential_distortion": [
    -0.043332938104867935,
    0.0012109986273571849
  ],
  "image_size": [
    1072,
    1920
  ]
}