{
  "orientation": [
    [
      0.999804675579071,
      0.01274003367871046,
      0.015111089684069157
    ],
    [
      -0.01290165539830923,
      0.9998601078987122,
      0.010646754875779152
    ],
    [
      -0.014973334968090057,
      -0.010839632712304592,
      0.999829113483429
    ]
  ],
  "position": [
    1.3400599956512451,
    2.375692129135132,
    -0.08402670919895172
  ],
  "focal_length": 1530.7855224609375,
  "principal_point": [
    545.5936889648438,
    719.1764526367188
  ],
  "skew": 0.0,
  "pixel_aspect_ratio": 1.0118895769119263,
  "radial_distortion": [
    0.03853635489940643,
    -0.009977939538657665,
    0.0
  ],
  "tangential_distortion": [
    -0.043332938104867935,
    0.0012109986273571849
  ],
  "image_size": [
    1072,
    1920
  ]
}