{
  "orientation": [
    [
      0.9837039113044739,
      -0.06718888133764267,
      0.16677016019821167
    ],
    [
      0.05571140721440315,
      0.9958056807518005,
      0.07257618755102158
    ],
    [
      -0.17094698548316956,
      -0.062102481722831726,
      0.9833211302757263
    ]
  ],
  "position": [
    3.2823166847229004,
    1.7407608032226562,
    -0.3886469304561615
  ],
  "focal_length": 1530.7855224609375,
  "principal_point": [
    545.5936889648438,
    719.1764526367188
  ],
  "skew": 0.0,
  "pixel_aspect_ratio": 1.0118895769119263,
  "radial_distortion": [
    0.03853635489940643,
    -0.009977939538657665,
    0.0
  ],
  "tangential_distortion": [
    -0.043332938104867935,
    0.0012109986273571849
  ],
  "image_size": [
    1072,
    1920
  ]
}