{
  "orientation": [
    [
      0.9967890977859497,
      0.03144261986017227,
      0.07364006340503693
    ],
    [
      -0.012999841012060642,
      0.9710214734077454,
      -0.23863853514194489
    ],
    [
      -0.07900950312614441,
      0.2369149774312973,
      0.9683123230934143
    ]
  ],
  "position": [
    0.6952547430992126,
    -2.4329428672790527,
    1.2812488079071045
  ],
  "focal_length": 1530.7855224609375,
  "principal_point": [
    545.5936889648438,
    719.1764526367188
  ],
  "skew": 0.0,
  "pixel_aspect_ratio": 1.0118895769119263,
  "radial_distortion": [
    0.03853635489940643,
    -0.009977939538657665,
    0.0
  ],
  "tangential_distortion": [
    -0.043332938104867935,
    0.0012109986273571849
  ],
  "image_size": [
    1072,
    1920
  ]
}