{
  "orientation": [
    [
      0.9997230768203735,
      0.019687185063958168,
      0.012893413193523884
    ],
    [
      -0.018241774290800095,
      0.9944134950637817,
      -0.10396639257669449
    ],
    [
      -0.014868190512061119,
      0.10370240360498428,
      0.9944972395896912
    ]
  ],
  "position": [
    -0.6920527219772339,
    -0.7263525724411011,
    0.6916378736495972
  ],
  "focal_length": 1530.7855224609375,
  "principal_point": [
    545.5936889648438,
    719.1764526367188
  ],
  "skew": 0.0,
  "pixel_aspect_ratio": 1.0118895769119263,
  "radial_distortion": [
    0.03853635489940643,
    -0.009977939538657665,
    0.0
  ],
  "tangential_distortion": [
    -0.043332938104867935,
    0.0012109986273571849
  ],
  "image_size": [
    1072,
    1920
  ]
}