{
  "orientation": [
    [
      0.9981408715248108,
      0.005337985698133707,
      0.0607147254049778
    ],
    [
      0.005518140736967325,
      0.9841516017913818,
      -0.17724314332008362
    ],
    [
      -0.06069861724972725,
      0.17724867165088654,
      0.9822925329208374
    ]
  ],
  "position": [
    1.2571845054626465,
    -3.2575550079345703,
    -1.1960721015930176
  ],
  "focal_length": 1530.7855224609375,
  "principal_point": [
    545.5936889648438,
    719.1764526367188
  ],
  "skew": 0.0,
  "pixel_aspect_ratio": 1.0118895769119263,
  "radial_distortion": [
    0.03853635489940643,
    -0.009977939538657665,
    0.0
  ],
  "tangential_distortion": [
    -0.043332938104867935,
    0.0012109986273571849
  ],
  "image_size": [
    1072,
    1920
  ]
}