{
  "orientation": [
    [
      0.9848450422286987,
      -0.0815265029668808,
      0.15308071672916412
    ],
    [
      0.07512049376964569,
      0.9960575103759766,
      0.047184497117996216
    ],
    [
      -0.15632398426532745,
      -0.034969914704561234,
      0.9870865941047668
    ]
  ],
  "position": [
    3.154262065887451,
    2.50417423248291,
    0.9708371162414551
  ],
  "focal_length": 1530.7855224609375,
  "principal_point": [
    545.5936889648438,
    719.1764526367188
  ],
  "skew": 0.0,
  "pixel_aspect_ratio": 1.0118895769119263,
  "radial_distortion": [
    0.03853635489940643,
    -0.009977939538657665,
    0.0
  ],
  "tangential_distortion": [
    -0.043332938104867935,
    0.0012109986273571849
  ],
  "image_size": [
    1072,
    1920
  ]
}