{
  "orientation": [
    [
      0.9997149705886841,
      0.01780569739639759,
      0.015904534608125687
    ],
    [
      -0.018245313316583633,
      0.9994431734085083,
      0.027937227860093117
    ],
    [
      -0.01539823692291975,
      -0.028219448402523994,
      0.9994831681251526
    ]
  ],
  "position": [
    0.972909688949585,
    1.4370942115783691,
    -1.2940878868103027
  ],
  "focal_length": 1530.7855224609375,
  "principal_point": [
    545.5936889648438,
    719.1764526367188
  ],
  "skew": 0.0,
  "pixel_aspect_ratio": 1.0118895769119263,
  "radial_distortion": [
    0.03853635489940643,
    -0.009977939538657665,
    0.0
  ],
  "tangential_distortion": [
    -0.043332938104867935,
    0.0012109986273571849
  ],
  "image_size": [
    1072,
    1920
  ]
}