{
  "orientation": [
    [
      0.998564600944519,
      0.046942129731178284,
      0.02579200267791748
    ],
    [
      -0.047727543860673904,
      0.9983875751495361,
      0.03073035553097725
    ],
    [
      -0.024307865649461746,
      -0.031917233020067215,
      0.999194860458374
    ]
  ],
  "position": [
    0.643036425113678,
    2.793297052383423,
    -0.8023976683616638
  ],
  "focal_length": 1530.7855224609375,
  "principal_point": [
    545.5936889648438,
    719.1764526367188
  ],
  "skew": 0.0,
  "pixel_aspect_ratio": 1.0118895769119263,
  "radial_distortion": [
    0.03853635489940643,
    -0.009977939538657665,
    0.0
  ],
  "tangential_distortion": [
    -0.043332938104867935,
    0.0012109986273571849
  ],
  "image_size": [
    1072,
    1920
  ]
}