{
  "orientation": [
    [
      0.973286509513855,
      -0.01946229301393032,
      0.22876743972301483
    ],
    [
      0.06674457341432571,
      0.9773526787757874,
      -0.2008156031370163
    ],
    [
      -0.21967813372612,
      0.21072010695934296,
      0.9525431990623474
    ]
  ],
  "position": [
    2.2980690002441406,
    -1.7373793125152588,
    0.29528677463531494
  ],
  "focal_length": 1530.7855224609375,
  "principal_point": [
    545.5936889648438,
    719.1764526367188
  ],
  "skew": 0.0,
  "pixel_aspect_ratio": 1.0118895769119263,
  "radial_distortion": [
    0.03853635489940643,
    -0.009977939538657665,
    0.0
  ],
  "tangential_distortion": [
    -0.043332938104867935,
    0.0012109986273571849
  ],
  "image_size": [
    1072,
    1920
  ]
}