{
  "orientation": [
    [
      0.9945999383926392,
      0.07884017378091812,
      -0.06749238818883896
    ],
    [
      -0.0768934041261673,
      0.9965580105781555,
      0.030975809320807457
    ],
    [
      0.06970221549272537,
      -0.025618817657232285,
      0.99723881483078
    ]
  ],
  "position": [
    -1.1702749729156494,
    0.36206477880477905,
    -1.6811586618423462
  ],
  "focal_length": 1530.7855224609375,
  "principal_point": [
    545.5936889648438,
    719.1764526367188
  ],
  "skew": 0.0,
  "pixel_aspect_ratio": 1.0118895769119263,
  "radial_distortion": [
    0.03853635489940643,
    -0.009977939538657665,
    0.0
  ],
  "tangential_distortion": [
    -0.043332938104867935,
    0.0012109986273571849
  ],
  "image_size": [
    1072,
    1920
  ]
}