{
  "orientation": [
    [
      0.9920771718025208,
      0.08554070442914963,
      -0.09200940281152725
    ],
    [
      -0.08311251550912857,
      0.9960911273956299,
      0.02991335093975067
    ],
    [
      0.09420856088399887,
      -0.022029219195246696,
      0.9953086972236633
    ]
  ],
  "position": [
    -0.8096303939819336,
    1.0282894372940063,
    -1.2088700532913208
  ],
  "focal_length": 1530.7855224609375,
  "principal_point": [
    545.5936889648438,
    719.1764526367188
  ],
  "skew": 0.0,
  "pixel_aspect_ratio": 1.0118895769119263,
  "radial_distortion": [
    0.03853635489940643,
    -0.009977939538657665,
    0.0
  ],
  "tangential_distortion": [
    -0.043332938104867935,
    0.0012109986273571849
  ],
  "image_size": [
    1072,
    1920
  ]
}