{
  "orientation": [
    [
      0.9955832362174988,
      0.057083167135715485,
      0.07453582435846329
    ],
    [
      -0.05138874799013138,
      0.9957672953605652,
      -0.07620193064212799
    ],
    [
      -0.0785701796412468,
      0.07203506678342819,
      0.9943026304244995
    ]
  ],
  "position": [
    -0.515864372253418,
    0.9959248304367065,
    -0.14828208088874817
  ],
  "focal_length": 1530.7855224609375,
  "principal_point": [
    545.5936889648438,
    719.1764526367188
  ],
  "skew": 0.0,
  "pixel_aspect_ratio": 1.0118895769119263,
  "radial_distortion": [
    0.03853635489940643,
    -0.009977939538657665,
    0.0
  ],
  "tangential_distortion": [
    -0.043332938104867935,
    0.0012109986273571849
  ],
  "image_size": [
    1072,
    1920
  ]
}