{
  "orientation": [
    [
      0.9971649646759033,
      0.07215995341539383,
      -0.02132943645119667
    ],
    [
      -0.0724993497133255,
      0.9972466230392456,
      -0.015590866096317768
    ],
    [
      0.02014567144215107,
      0.017093036323785782,
      0.9996509552001953
    ]
  ],
  "position": [
    0.026338959112763405,
    2.292444944381714,
    -1.2711209058761597
  ],
  "focal_length": 1530.7855224609375,
  "principal_point": [
    545.5936889648438,
    719.1764526367188
  ],
  "skew": 0.0,
  "pixel_aspect_ratio": 1.0118895769119263,
  "radial_distortion": [
    0.03853635489940643,
    -0.009977939538657665,
    0.0
  ],
  "tangential_distortion": [
    -0.043332938104867935,
    0.0012109986273571849
  ],
  "image_size": [
    1072,
    1920
  ]
}