{
  "orientation": [
    [
      0.9994680285453796,
      0.03245272487401962,
      -0.0032333924900740385
    ],
    [
      -0.03256922960281372,
      0.9880379438400269,
      -0.1507323533296585
    ],
    [
      -0.001696961116977036,
      0.15075747668743134,
      0.9885693192481995
    ]
  ],
  "position": [
    0.5936501026153564,
    -2.628253936767578,
    -1.1619242429733276
  ],
  "focal_length": 1530.7855224609375,
  "principal_point": [
    545.5936889648438,
    719.1764526367188
  ],
  "skew": 0.0,
  "pixel_aspect_ratio": 1.0118895769119263,
  "radial_distortion": [
    0.03853635489940643,
    -0.009977939538657665,
    0.0
  ],
  "tangential_distortion": [
    -0.043332938104867935,
    0.0012109986273571849
  ],
  "image_size": [
    1072,
    1920
  ]
}