{
  "orientation": [
    [
      0.998123824596405,
      0.04701210930943489,
      0.03922641649842262
    ],
    [
      -0.03636646643280983,
      0.9706078767776489,
      -0.23790307343006134
    ],
    [
      -0.049257792532444,
      0.2360301911830902,
      0.9704964756965637
    ]
  ],
  "position": [
    0.04991871863603592,
    -1.8990594148635864,
    1.742174744606018
  ],
  "focal_length": 1530.7855224609375,
  "principal_point": [
    545.5936889648438,
    719.1764526367188
  ],
  "skew": 0.0,
  "pixel_aspect_ratio": 1.0118895769119263,
  "radial_distortion": [
    0.03853635489940643,
    -0.009977939538657665,
    0.0
  ],
  "tangential_distortion": [
    -0.043332938104867935,
    0.0012109986273571849
  ],
  "image_size": [
    1072,
    1920
  ]
}