{
  "orientation": [
    [
      0.890056312084198,
      -0.09416485577821732,
      0.4460188150405884
    ],
    [
      0.18567387759685516,
      0.9684787392616272,
      -0.16605474054813385
    ],
    [
      -0.4163232147693634,
      0.230612114071846,
      0.8794845342636108
    ]
  ],
  "position": [
    5.449595928192139,
    -1.371983528137207,
    1.429928183555603
  ],
  "focal_length": 1530.7855224609375,
  "principal_point": [
    545.5936889648438,
    719.1764526367188
  ],
  "skew": 0.0,
  "pixel_aspect_ratio": 1.0118895769119263,
  "radial_distortion": [
    0.03853635489940643,
    -0.009977939538657665,
    0.0
  ],
  "tangential_distortion": [
    -0.043332938104867935,
    0.0012109986273571849
  ],
  "image_size": [
    1072,
    1920
  ]
}