{
  "orientation": [
    [
      0.9983710050582886,
      0.04587465524673462,
      -0.03392411768436432
    ],
    [
      -0.04594353958964348,
      0.9989432692527771,
      -0.0012534959241747856
    ],
    [
      0.03383076563477516,
      0.00281004817225039,
      0.999423623085022
    ]
  ],
  "position": [
    -0.3235839307308197,
    0.4883744716644287,
    -0.26958799362182617
  ],
  "focal_length": 1530.7855224609375,
  "principal_point": [
    545.5936889648438,
    719.1764526367188
  ],
  "skew": 0.0,
  "pixel_aspect_ratio": 1.0118895769119263,
  "radial_distortion": [
    0.03853635489940643,
    -0.009977939538657665,
    0.0
  ],
  "tangential_distortion": [
    -0.043332938104867935,
    0.0012109986273571849
  ],
  "image_size": [
    1072,
    1920
  ]
}