{
  "orientation": [
    [
      0.9926139712333679,
      -0.03324614092707634,
      0.11667148768901825
    ],
    [
      0.025746285915374756,
      0.9975393414497375,
      0.06521053612232208
    ],
    [
      -0.11855239421129227,
      -0.061725031584501266,
      0.9910274147987366
    ]
  ],
  "position": [
    3.249478340148926,
    2.644951581954956,
    -0.6107168793678284
  ],
  "focal_length": 1530.7855224609375,
  "principal_point": [
    545.5936889648438,
    719.1764526367188
  ],
  "skew": 0.0,
  "pixel_aspect_ratio": 1.0118895769119263,
  "radial_distortion": [
    0.03853635489940643,
    -0.009977939538657665,
    0.0
  ],
  "tangential_distortion": [
    -0.043332938104867935,
    0.0012109986273571849
  ],
  "image_size": [
    1072,
    1920
  ]
}