{
  "orientation": [
    [
      0.9959104061126709,
      0.08907947689294815,
      0.015077774412930012
    ],
    [
      -0.08619219809770584,
      0.9868164658546448,
      -0.13698218762874603
    ],
    [
      -0.02708129957318306,
      0.1351224035024643,
      0.9904587268829346
    ]
  ],
  "position": [
    -0.8017009496688843,
    0.12899579107761383,
    1.3334941864013672
  ],
  "focal_length": 1530.7855224609375,
  "principal_point": [
    545.5936889648438,
    719.1764526367188
  ],
  "skew": 0.0,
  "pixel_aspect_ratio": 1.0118895769119263,
  "radial_distortion": [
    0.03853635489940643,
    -0.009977939538657665,
    0.0
  ],
  "tangential_distortion": [
    -0.043332938104867935,
    0.0012109986273571849
  ],
  "image_size": [
    1072,
    1920
  ]
}