{
  "orientation": [
    [
      0.9967931509017944,
      -0.013230180367827415,
      0.07892006635665894
    ],
    [
      0.02449575997889042,
      0.9893415570259094,
      -0.14353814721107483
    ],
    [
      -0.0761798620223999,
      0.1450110375881195,
      0.9864929914474487
    ]
  ],
  "position": [
    2.1422619819641113,
    -3.096100091934204,
    -0.6306148171424866
  ],
  "focal_length": 1530.7855224609375,
  "principal_point": [
    545.5936889648438,
    719.1764526367188
  ],
  "skew": 0.0,
  "pixel_aspect_ratio": 1.0118895769119263,
  "radial_distortion": [
    0.03853635489940643,
    -0.009977939538657665,
    0.0
  ],
  "tangential_distortion": [
    -0.043332938104867935,
    0.0012109986273571849
  ],
  "image_size": [
    1072,
    1920
  ]
}