{
  "orientation": [
    [
      0.9549942016601562,
      -0.07229622453451157,
      0.2876792252063751
    ],
    [
      0.1409466564655304,
      0.9639604091644287,
      -0.22564208507537842
    ],
    [
      -0.26099830865859985,
      0.25603431463241577,
      0.9307665228843689
    ]
  ],
  "position": [
    4.2686381340026855,
    0.8644509315490723,
    2.383669137954712
  ],
  "focal_length": 1530.7855224609375,
  "principal_point": [
    545.5936889648438,
    719.1764526367188
  ],
  "skew": 0.0,
  "pixel_aspect_ratio": 1.0118895769119263,
  "radial_distortion": [
    0.03853635489940643,
    -0.009977939538657665,
    0.0
  ],
  "tangential_distortion": [
    -0.043332938104867935,
    0.0012109986273571849
  ],
  "image_size": [
    1072,
    1920
  ]
}