{
  "orientation": [
    [
      0.9575147032737732,
      -0.1426135152578354,
      0.25065305829048157
    ],
    [
      0.14884087443351746,
      0.9888432025909424,
      -0.005964142736047506
    ],
    [
      -0.24700598418712616,
      0.043018173426389694,
      0.9680585861206055
    ]
  ],
  "position": [
    4.526511192321777,
    0.4633758068084717,
    0.7346459627151489
  ],
  "focal_length": 1530.7855224609375,
  "principal_point": [
    545.5936889648438,
    719.1764526367188
  ],
  "skew": 0.0,
  "pixel_aspect_ratio": 1.0118895769119263,
  "radial_distortion": [
    0.03853635489940643,
    -0.009977939538657665,
    0.0
  ],
  "tangential_distortion": [
    -0.043332938104867935,
    0.0012109986273571849
  ],
  "image_size": [
    1072,
    1920
  ]
}