{
  "orientation": [
    [
      0.9890170693397522,
      -0.016150882467627525,
      0.14691612124443054
    ],
    [
      0.05232759565114975,
      0.9678922891616821,
      -0.24585846066474915
    ],
    [
      -0.1382281482219696,
      0.2508459687232971,
      0.9581071138381958
    ]
  ],
  "position": [
    1.2954983711242676,
    0.9198938012123108,
    1.0859190225601196
  ],
  "focal_length": 1530.7855224609375,
  "principal_point": [
    545.5936889648438,
    719.1764526367188
  ],
  "skew": 0.0,
  "pixel_aspect_ratio": 1.0118895769119263,
  "radial_distortion": [
    0.03853635489940643,
    -0.009977939538657665,
    0.0
  ],
  "tangential_distortion": [
    -0.043332938104867935,
    0.0012109986273571849
  ],
  "image_size": [
    1072,
    1920
  ]
}