{
  "orientation": [
    [
      0.9008904099464417,
      -0.1560642570257187,
      0.40501901507377625
    ],
    [
      0.17855975031852722,
      0.9837625026702881,
      -0.01810433901846409
    ],
    [
      -0.3956170976161957,
      0.08863012492656708,
      0.9141290187835693
    ]
  ],
  "position": [
    3.5110433101654053,
    1.6538578271865845,
    2.7701613903045654
  ],
  "focal_length": 1530.7855224609375,
  "principal_point": [
    545.5936889648438,
    719.1764526367188
  ],
  "skew": 0.0,
  "pixel_aspect_ratio": 1.0118895769119263,
  "radial_distortion": [
    0.03853635489940643,
    -0.009977939538657665,
    0.0
  ],
  "tangential_distortion": [
    -0.043332938104867935,
    0.0012109986273571849
  ],
  "image_size": [
    1072,
    1920
  ]
}