{
  "orientation": [
    [
      0.9935899376869202,
      0.0777335986495018,
      -0.08207666128873825
    ],
    [
      -0.07834131270647049,
      0.996917724609375,
      -0.004205025732517242
    ],
    [
      0.08149680495262146,
      0.010608064010739326,
      0.9966171383857727
    ]
  ],
  "position": [
    -1.1398237943649292,
    -0.5552663803100586,
    -1.5807734727859497
  ],
  "focal_length": 1530.7855224609375,
  "principal_point": [
    545.5936889648438,
    719.1764526367188
  ],
  "skew": 0.0,
  "pixel_aspect_ratio": 1.0118895769119263,
  "radial_distortion": [
    0.03853635489940643,
    -0.009977939538657665,
    0.0
  ],
  "tangential_distortion": [
    -0.043332938104867935,
    0.0012109986273571849
  ],
  "image_size": [
    1072,
    1920
  ]
}