{
  "orientation": [
    [
      0.9427476525306702,
      -0.09232179820537567,
      0.32047387957572937
    ],
    [
      0.12441357225179672,
      0.9889099597930908,
      -0.08110693842172623
    ],
    [
      -0.30943188071250916,
      0.11633467674255371,
      0.9437786340713501
    ]
  ],
  "position": [
    4.60318660736084,
    -2.1355857849121094,
    0.7036225199699402
  ],
  "focal_length": 1530.7855224609375,
  "principal_point": [
    545.5936889648438,
    719.1764526367188
  ],
  "skew": 0.0,
  "pixel_aspect_ratio": 1.0118895769119263,
  "radial_distortion": [
    0.03853635489940643,
    -0.009977939538657665,
    0.0
  ],
  "tangential_distortion": [
    -0.043332938104867935,
    0.0012109986273571849
  ],
  "image_size": [
    1072,
    1920
  ]
}