{
  "orientation": [
    [
      0.998605489730835,
      0.05234771594405174,
      -0.006840575020760298
    ],
    [
      -0.052412569522857666,
      0.998578667640686,
      -0.009672563523054123
    ],
    [
      0.006324515677988529,
      0.010017606429755688,
      0.9999298453330994
    ]
  ],
  "position": [
    0.5277201533317566,
    2.361077070236206,
    -1.3325886726379395
  ],
  "focal_length": 1530.7855224609375,
  "principal_point": [
    545.5936889648438,
    719.1764526367188
  ],
  "skew": 0.0,
  "pixel_aspect_ratio": 1.0118895769119263,
  "radial_distortion": [
    0.03853635489940643,
    -0.009977939538657665,
    0.0
  ],
  "tangential_distortion": [
    -0.043332938104867935,
    0.0012109986273571849
  ],
  "image_size": [
    1072,
    1920
  ]
}