{
  "orientation": [
    [
      0.983503520488739,
      -0.03606876730918884,
      0.1772565245628357
    ],
    [
      0.07659044861793518,
      0.9707794785499573,
      -0.22742269933223724
    ],
    [
      -0.16387413442134857,
      0.23724718391895294,
      0.9575275778770447
    ]
  ],
  "position": [
    2.2775299549102783,
    1.043502688407898,
    1.1668633222579956
  ],
  "focal_length": 1530.7855224609375,
  "principal_point": [
    545.5936889648438,
    719.1764526367188
  ],
  "skew": 0.0,
  "pixel_aspect_ratio": 1.0118895769119263,
  "radial_distortion": [
    0.03853635489940643,
    -0.009977939538657665,
    0.0
  ],
  "tangential_distortion": [
    -0.043332938104867935,
    0.0012109986273571849
  ],
  "image_size": [
    1072,
    1920
  ]
}