{
  "orientation": [
    [
      0.9987497329711914,
      0.033996183425188065,
      -0.03665005788207054
    ],
    [
      -0.03723323717713356,
      0.995099663734436,
      -0.09159860014915466
    ],
    [
      0.03335645794868469,
      0.09284868091344833,
      0.9951213598251343
    ]
  ],
  "position": [
    0.2225191444158554,
    -1.3388128280639648,
    -0.13021895289421082
  ],
  "focal_length": 1530.7855224609375,
  "principal_point": [
    545.5936889648438,
    719.1764526367188
  ],
  "skew": 0.0,
  "pixel_aspect_ratio": 1.0118895769119263,
  "radial_distortion": [
    0.03853635489940643,
    -0.009977939538657665,
    0.0
  ],
  "tangential_distortion": [
    -0.043332938104867935,
    0.0012109986273571849
  ],
  "image_size": [
    1072,
    1920
  ]
}