{
  "orientation": [
    [
      0.9962716698646545,
      0.08000277727842331,
      -0.03228526934981346
    ],
    [
      -0.08003909140825272,
      0.9967917203903198,
      0.0001682286965660751
    ],
    [
      0.03219515085220337,
      0.0024164821952581406,
      0.9994786977767944
    ]
  ],
  "position": [
    -1.4575397968292236,
    1.6098620891571045,
    -0.5631694197654724
  ],
  "focal_length": 1530.7855224609375,
  "principal_point": [
    545.5936889648438,
    719.1764526367188
  ],
  "skew": 0.0,
  "pixel_aspect_ratio": 1.0118895769119263,
  "radial_distortion": [
    0.03853635489940643,
    -0.009977939538657665,
    0.0
  ],
  "tangential_distortion": [
    -0.043332938104867935,
    0.0012109986273571849
  ],
  "image_size": [
    1072,
    1920
  ]
}