{
  "orientation": [
    [
      0.9966253638267517,
      0.0019532034639269114,
      0.08206170052289963
    ],
    [
      -0.003609992563724518,
      0.9997925162315369,
      0.020046036690473557
    ],
    [
      -0.08200552314519882,
      -0.020274629816412926,
      0.9964256286621094
    ]
  ],
  "position": [
    2.2687902450561523,
    2.2484230995178223,
    -1.5621254444122314
  ],
  "focal_length": 1530.7855224609375,
  "principal_point": [
    545.5936889648438,
    719.1764526367188
  ],
  "skew": 0.0,
  "pixel_aspect_ratio": 1.0118895769119263,
  "radial_distortion": [
    0.03853635489940643,
    -0.009977939538657665,
    0.0
  ],
  "tangential_distortion": [
    -0.043332938104867935,
    0.0012109986273571849
  ],
  "image_size": [
    1072,
    1920
  ]
}