{
  "orientation": [
    [
      0.9946423768997192,
      0.034631334245204926,
      0.09740255028009415
    ],
    [
      -0.03934338688850403,
      0.998125433921814,
      0.04687952995300293
    ],
    [
      -0.09559646248817444,
      -0.050460513681173325,
      0.9941403865814209
    ]
  ],
  "position": [
    -0.24658384919166565,
    2.79089093208313,
    -0.545063853263855
  ],
  "focal_length": 1530.7855224609375,
  "principal_point": [
    545.5936889648438,
    719.1764526367188
  ],
  "skew": 0.0,
  "pixel_aspect_ratio": 1.0118895769119263,
  "radial_distortion": [
    0.03853635489940643,
    -0.009977939538657665,
    0.0
  ],
  "tangential_distortion": [
    -0.043332938104867935,
    0.0012109986273571849
  ],
  "image_size": [
    1072,
    1920
  ]
}