{
  "orientation": [
    [
      0.9892789721488953,
      -0.057964716106653214,
      0.13404197990894318
    ],
    [
      0.04449472576379776,
      0.9938511848449707,
      0.10139068961143494
    ],
    [
      -0.13909485936164856,
      -0.0943395122885704,
      0.9857751727104187
    ]
  ],
  "position": [
    3.6547434329986572,
    2.5161099433898926,
    -0.7818467617034912
  ],
  "focal_length": 1530.7855224609375,
  "principal_point": [
    545.5936889648438,
    719.1764526367188
  ],
  "skew": 0.0,
  "pixel_aspect_ratio": 1.0118895769119263,
  "radial_distortion": [
    0.03853635489940643,
    -0.009977939538657665,
    0.0
  ],
  "tangential_distortion": [
    -0.043332938104867935,
    0.0012109986273571849
  ],
  "image_size": [
    1072,
    1920
  ]
}