{
  "orientation": [
    [
      0.9997401833534241,
      0.010253400541841984,
      0.020358474925160408
    ],
    [
      -0.007842515595257282,
      0.9933164715766907,
      -0.11515568196773529
    ],
    [
      -0.021403146907687187,
      0.11496609449386597,
      0.9931387901306152
    ]
  ],
  "position": [
    1.2876752614974976,
    -2.6506502628326416,
    -0.6873441338539124
  ],
  "focal_length": 1530.7855224609375,
  "principal_point": [
    545.5936889648438,
    719.1764526367188
  ],
  "skew": 0.0,
  "pixel_aspect_ratio": 1.0118895769119263,
  "radial_distortion": [
    0.03853635489940643,
    -0.009977939538657665,
    0.0
  ],
  "tangential_distortion": [
    -0.043332938104867935,
    0.0012109986273571849
  ],
  "image_size": [
    1072,
    1920
  ]
}