{
  "orientation": [
    [
      0.9994866251945496,
      0.03167477995157242,
      0.004812792409211397
    ],
    [
      -0.03168622404336929,
      0.9994951486587524,
      0.002320965752005577
    ],
    [
      -0.004736846778541803,
      -0.002472273539751768,
      0.9999857544898987
    ]
  ],
  "position": [
    0.46354469656944275,
    1.847710371017456,
    -0.08038679510354996
  ],
  "focal_length": 1530.7855224609375,
  "principal_point": [
    545.5936889648438,
    719.1764526367188
  ],
  "skew": 0.0,
  "pixel_aspect_ratio": 1.0118895769119263,
  "radial_distortion": [
    0.03853635489940643,
    -0.009977939538657665,
    0.0
  ],
  "tangential_distortion": [
    -0.043332938104867935,
    0.0012109986273571849
  ],
  "image_size": [
    1072,
    1920
  ]
}