{
  "orientation": [
    [
      0.9945007562637329,
      0.0675918385386467,
      -0.07999756187200546
    ],
    [
      -0.07019388675689697,
      0.9970769882202148,
      -0.030170992016792297
    ],
    [
      0.07772441953420639,
      0.03562041372060776,
      0.9963383674621582
    ]
  ],
  "position": [
    -0.9363200664520264,
    -1.582005262374878,
    -1.5662384033203125
  ],
  "focal_length": 1530.7855224609375,
  "principal_point": [
    545.5936889648438,
    719.1764526367188
  ],
  "skew": 0.0,
  "pixel_aspect_ratio": 1.0118895769119263,
  "radial_distortion": [
    0.03853635489940643,
    -0.009977939538657665,
    0.0
  ],
  "tangential_distortion": [
    -0.043332938104867935,
    0.0012109986273571849
  ],
  "image_size": [
    1072,
    1920
  ]
}