{
  "orientation": [
    [
      0.9766905903816223,
      -0.11434846371412277,
      0.18165886402130127
    ],
    [
      0.1188812404870987,
      0.9928065538406372,
      -0.014226024970412254
    ],
    [
      -0.17872539162635803,
      0.0354902558028698,
      0.9832587242126465
    ]
  ],
  "position": [
    3.2159624099731445,
    -0.9218046069145203,
    -1.0230112075805664
  ],
  "focal_length": 1530.7855224609375,
  "principal_point": [
    545.5936889648438,
    719.1764526367188
  ],
  "skew": 0.0,
  "pixel_aspect_ratio": 1.0118895769119263,
  "radial_distortion": [
    0.03853635489940643,
    -0.009977939538657665,
    0.0
  ],
  "tangential_distortion": [
    -0.043332938104867935,
    0.0012109986273571849
  ],
  "image_size": [
    1072,
    1920
  ]
}