{
  "orientation": [
    [
      0.9356383681297302,
      -0.09130700677633286,
      0.3409455418586731
    ],
    [
      0.16350038349628448,
      0.9681921005249023,
      -0.18939833343029022
    ],
    [
      -0.3128073513507843,
      0.23295307159423828,
      0.9208064079284668
    ]
  ],
  "position": [
    4.61564302444458,
    -2.438776969909668,
    2.270045518875122
  ],
  "focal_length": 1530.7855224609375,
  "principal_point": [
    545.5936889648438,
    719.1764526367188
  ],
  "skew": 0.0,
  "pixel_aspect_ratio": 1.0118895769119263,
  "radial_distortion": [
    0.03853635489940643,
    -0.009977939538657665,
    0.0
  ],
  "tangential_distortion": [
    -0.043332938104867935,
    0.0012109986273571849
  ],
  "image_size": [
    1072,
    1920
  ]
}