{
  "orientation": [
    [
      0.9526024460792542,
      -0.06811884790658951,
      0.29649341106414795
    ],
    [
      0.11026772111654282,
      0.9856475591659546,
      -0.12782788276672363
    ],
    [
      -0.2835305333137512,
      0.1544628143310547,
      0.9464415907859802
    ]
  ],
  "position": [
    4.134453773498535,
    -2.717911958694458,
    0.6765109300613403
  ],
  "focal_length": 1530.7855224609375,
  "principal_point": [
    545.5936889648438,
    719.1764526367188
  ],
  "skew": 0.0,
  "pixel_aspect_ratio": 1.0118895769119263,
  "radial_distortion": [
    0.03853635489940643,
    -0.009977939538657665,
    0.0
  ],
  "tangential_distortion": [
    -0.043332938104867935,
    0.0012109986273571849
  ],
  "image_size": [
    1072,
    1920
  ]
}