{
  "orientation": [
    [
      0.9927599430084229,
      0.10178624093532562,
      -0.06377463042736053
    ],
    [
      -0.10566048324108124,
      0.9925514459609985,
      -0.060641851276159286
    ],
    [
      0.05712709575891495,
      0.0669412612915039,
      0.9961201548576355
    ]
  ],
  "position": [
    -0.5651732683181763,
    1.7468425035476685,
    -1.0625442266464233
  ],
  "focal_length": 1530.7855224609375,
  "principal_point": [
    545.5936889648438,
    719.1764526367188
  ],
  "skew": 0.0,
  "pixel_aspect_ratio": 1.0118895769119263,
  "radial_distortion": [
    0.03853635489940643,
    -0.009977939538657665,
    0.0
  ],
  "tangential_distortion": [
    -0.043332938104867935,
    0.0012109986273571849
  ],
  "image_size": [
    1072,
    1920
  ]
}