{
  "orientation": [
    [
      0.9736789464950562,
      -0.10137151926755905,
      0.20414002239704132
    ],
    [
      0.12609055638313293,
      0.9856827259063721,
      -0.1119406446814537
    ],
    [
      -0.1898697018623352,
      0.1347343772649765,
      0.9725205302238464
    ]
  ],
  "position": [
    3.7150394916534424,
    -2.955462694168091,
    -0.30253133177757263
  ],
  "focal_length": 1530.7855224609375,
  "principal_point": [
    545.5936889648438,
    719.1764526367188
  ],
  "skew": 0.0,
  "pixel_aspect_ratio": 1.0118895769119263,
  "radial_distortion": [
    0.03853635489940643,
    -0.009977939538657665,
    0.0
  ],
  "tangential_distortion": [
    -0.043332938104867935,
    0.0012109986273571849
  ],
  "image_size": [
    1072,
    1920
  ]
}