{
  "orientation": [
    [
      0.9361526370048523,
      -0.0861235111951828,
      0.34088271856307983
    ],
    [
      0.1327386200428009,
      0.9843586683273315,
      -0.11583804339170456
    ],
    [
      -0.32557445764541626,
      0.1536903828382492,
      0.9329418540000916
    ]
  ],
  "position": [
    5.215948581695557,
    -0.707726776599884,
    0.5857135653495789
  ],
  "focal_length": 1530.7855224609375,
  "principal_point": [
    545.5936889648438,
    719.1764526367188
  ],
  "skew": 0.0,
  "pixel_aspect_ratio": 1.0118895769119263,
  "radial_distortion": [
    0.03853635489940643,
    -0.009977939538657665,
    0.0
  ],
  "tangential_distortion": [
    -0.043332938104867935,
    0.0012109986273571849
  ],
  "image_size": [
    1072,
    1920
  ]
}