{
  "orientation": [
    [
      0.991797149181366,
      0.04371442645788193,
      0.12011443823575974
    ],
    [
      -0.013827313669025898,
      0.9708796739578247,
      -0.23916824162006378
    ],
    [
      -0.12707176804542542,
      0.23554551601409912,
      0.9635201692581177
    ]
  ],
  "position": [
    0.911488950252533,
    -2.3114771842956543,
    -0.07973624020814896
  ],
  "focal_length": 1530.7855224609375,
  "principal_point": [
    545.5936889648438,
    719.1764526367188
  ],
  "skew": 0.0,
  "pixel_aspect_ratio": 1.0118895769119263,
  "radial_distortion": [
    0.03853635489940643,
    -0.009977939538657665,
    0.0
  ],
  "tangential_distortion": [
    -0.043332938104867935,
    0.0012109986273571849
  ],
  "image_size": [
    1072,
    1920
  ]
}