{
  "orientation": [
    [
      0.8985178470611572,
      -0.15115615725517273,
      0.41208919882774353
    ],
    [
      0.203327476978302,
      0.9753647446632385,
      -0.08556637912988663
    ],
    [
      -0.38900336623191833,
      0.16067196428775787,
      0.9071168303489685
    ]
  ],
  "position": [
    3.335867166519165,
    -0.8602582812309265,
    2.104564666748047
  ],
  "focal_length": 1530.7855224609375,
  "principal_point": [
    545.5936889648438,
    719.1764526367188
  ],
  "skew": 0.0,
  "pixel_aspect_ratio": 1.0118895769119263,
  "radial_distortion": [
    0.03853635489940643,
    -0.009977939538657665,
    0.0
  ],
  "tangential_distortion": [
    -0.043332938104867935,
    0.0012109986273571849
  ],
  "image_size": [
    1072,
    1920
  ]
}