{
  "orientation": [
    [
      0.9887109398841858,
      -0.03250817209482193,
      0.14626669883728027
    ],
    [
      0.06756587326526642,
      0.9680271744728088,
      -0.24157463014125824
    ],
    [
      -0.1337369829416275,
      0.2487301081418991,
      0.9592954516410828
    ]
  ],
  "position": [
    1.54721999168396,
    0.9265374541282654,
    1.0218597650527954
  ],
  "focal_length": 1530.7855224609375,
  "principal_point": [
    545.5936889648438,
    719.1764526367188
  ],
  "skew": 0.0,
  "pixel_aspect_ratio": 1.0118895769119263,
  "radial_distortion": [
    0.03853635489940643,
    -0.009977939538657665,
    0.0
  ],
  "tangential_distortion": [
    -0.043332938104867935,
    0.0012109986273571849
  ],
  "image_size": [
    1072,
    1920
  ]
}