{
  "orientation": [
    [
      0.9784268140792847,
      -0.09432169049978256,
      0.18380539119243622
    ],
    [
      0.09785722941160202,
      0.9951477646827698,
      -0.010239736177027225
    ],
    [
      -0.18194769322872162,
      0.02800551801919937,
      0.9829093217849731
    ]
  ],
  "position": [
    3.1073429584503174,
    -0.8930138945579529,
    -1.6937190294265747
  ],
  "focal_length": 1530.7855224609375,
  "principal_point": [
    545.5936889648438,
    719.1764526367188
  ],
  "skew": 0.0,
  "pixel_aspect_ratio": 1.0118895769119263,
  "radial_distortion": [
    0.03853635489940643,
    -0.009977939538657665,
    0.0
  ],
  "tangential_distortion": [
    -0.043332938104867935,
    0.0012109986273571849
  ],
  "image_size": [
    1072,
    1920
  ]
}