{
  "orientation": [
    [
      0.9983944892883301,
      0.007432039361447096,
      -0.0561530739068985
    ],
    [
      -0.005391605198383331,
      0.9993227124214172,
      0.03640151023864746
    ],
    [
      0.0563855804502964,
      -0.03604031354188919,
      0.9977583885192871
    ]
  ],
  "position": [
    -1.3069812059402466,
    2.693469762802124,
    1.0664070844650269
  ],
  "focal_length": 1530.7855224609375,
  "principal_point": [
    545.5936889648438,
    719.1764526367188
  ],
  "skew": 0.0,
  "pixel_aspect_ratio": 1.0118895769119263,
  "radial_distortion": [
    0.03853635489940643,
    -0.009977939538657665,
    0.0
  ],
  "tangential_distortion": [
    -0.043332938104867935,
    0.0012109986273571849
  ],
  "image_size": [
    1072,
    1920
  ]
}