{
  "orientation": [
    [
      0.9573027491569519,
      -0.08337274193763733,
      0.2768040597438812
    ],
    [
      0.14074735343456268,
      0.9707790613174438,
      -0.19436606764793396
    ],
    [
      -0.25251075625419617,
      0.22502660751342773,
      0.9410639405250549
    ]
  ],
  "position": [
    2.2640371322631836,
    -2.5951290130615234,
    0.5192097425460815
  ],
  "focal_length": 1530.7855224609375,
  "principal_point": [
    545.5936889648438,
    719.1764526367188
  ],
  "skew": 0.0,
  "pixel_aspect_ratio": 1.0118895769119263,
  "radial_distortion": [
    0.03853635489940643,
    -0.009977939538657665,
    0.0
  ],
  "tangential_distortion": [
    -0.043332938104867935,
    0.0012109986273571849
  ],
  "image_size": [
    1072,
    1920
  ]
}