{
  "orientation": [
    [
      0.9793374538421631,
      -0.01850055903196335,
      0.20138490200042725
    ],
    [
      0.022288907319307327,
      0.999614417552948,
      -0.016560014337301254
    ],
    [
      -0.2010008841753006,
      0.02070649154484272,
      0.9793722033500671
    ]
  ],
  "position": [
    3.840125322341919,
    1.6400002241134644,
    -0.9392728209495544
  ],
  "focal_length": 1530.7855224609375,
  "principal_point": [
    545.5936889648438,
    719.1764526367188
  ],
  "skew": 0.0,
  "pixel_aspect_ratio": 1.0118895769119263,
  "radial_distortion": [
    0.03853635489940643,
    -0.009977939538657665,
    0.0
  ],
  "tangential_distortion": [
    -0.043332938104867935,
    0.0012109986273571849
  ],
  "image_size": [
    1072,
    1920
  ]
}