{
  "orientation": [
    [
      0.9722440242767334,
      -0.08639650046825409,
      0.21743334829807281
    ],
    [
      0.11285791546106339,
      0.9872373342514038,
      -0.1123635545372963
    ],
    [
      -0.2049504965543747,
      0.13378386199474335,
      0.9695860743522644
    ]
  ],
  "position": [
    2.463383674621582,
    -1.9919154644012451,
    -0.3497064709663391
  ],
  "focal_length": 1530.7855224609375,
  "principal_point": [
    545.5936889648438,
    719.1764526367188
  ],
  "skew": 0.0,
  "pixel_aspect_ratio": 1.0118895769119263,
  "radial_distortion": [
    0.03853635489940643,
    -0.009977939538657665,
    0.0
  ],
  "tangential_distortion": [
    -0.043332938104867935,
    0.0012109986273571849
  ],
  "image_size": [
    1072,
    1920
  ]
}