{
  "orientation": [
    [
      0.9922379851341248,
      0.08449279516935349,
      0.09124023467302322
    ],
    [
      -0.07322381436824799,
      0.9900106191635132,
      -0.1204875186085701
    ],
    [
      -0.10050912946462631,
      0.11287133395671844,
      0.9885129928588867
    ]
  ],
  "position": [
    1.2325353622436523,
    3.464714288711548,
    1.01603364944458
  ],
  "focal_length": 1530.7855224609375,
  "principal_point": [
    545.5936889648438,
    719.1764526367188
  ],
  "skew": 0.0,
  "pixel_aspect_ratio": 1.0118895769119263,
  "radial_distortion": [
    0.03853635489940643,
    -0.009977939538657665,
    0.0
  ],
  "tangential_distortion": [
    -0.043332938104867935,
    0.0012109986273571849
  ],
  "image_size": [
    1072,
    1920
  ]
}