{
  "orientation": [
    [
      0.9442306160926819,
      -0.10005875676870346,
      0.31371453404426575
    ],
    [
      0.13453367352485657,
      0.9867962598800659,
      -0.09018774330615997
    ],
    [
      -0.300548255443573,
      0.1273632049560547,
      0.9452245235443115
    ]
  ],
  "position": [
    4.59932804107666,
    -0.9675230383872986,
    1.5319091081619263
  ],
  "focal_length": 1530.7855224609375,
  "principal_point": [
    545.5936889648438,
    719.1764526367188
  ],
  "skew": 0.0,
  "pixel_aspect_ratio": 1.0118895769119263,
  "radial_distortion": [
    0.03853635489940643,
    -0.009977939538657665,
    0.0
  ],
  "tangential_distortion": [
    -0.043332938104867935,
    0.0012109986273571849
  ],
  "image_size": [
    1072,
    1920
  ]
}