{
  "orientation": [
    [
      0.9961914420127869,
      0.06251109391450882,
      -0.06078663468360901
    ],
    [
      -0.06032570078969002,
      0.9974873065948486,
      0.03714757785201073
    ],
    [
      0.06295602768659592,
      -0.03333910182118416,
      0.9974592924118042
    ]
  ],
  "position": [
    -0.4852890074253082,
    1.36494779586792,
    -1.2032936811447144
  ],
  "focal_length": 1530.7855224609375,
  "principal_point": [
    545.5936889648438,
    719.1764526367188
  ],
  "skew": 0.0,
  "pixel_aspect_ratio": 1.0118895769119263,
  "radial_distortion": [
    0.03853635489940643,
    -0.009977939538657665,
    0.0
  ],
  "tangential_distortion": [
    -0.043332938104867935,
    0.0012109986273571849
  ],
  "image_size": [
    1072,
    1920
  ]
}