{
  "orientation": [
    [
      0.9693665504455566,
      -0.11148770898580551,
      0.2188582420349121
    ],
    [
      0.12494376301765442,
      0.990973174571991,
      -0.048593003302812576
    ],
    [
      -0.21146512031555176,
      0.07444940507411957,
      0.974545955657959
    ]
  ],
  "position": [
    3.4397096633911133,
    -1.4379777908325195,
    -0.7378591299057007
  ],
  "focal_length": 1530.7855224609375,
  "principal_point": [
    545.5936889648438,
    719.1764526367188
  ],
  "skew": 0.0,
  "pixel_aspect_ratio": 1.0118895769119263,
  "radial_distortion": [
    0.03853635489940643,
    -0.009977939538657665,
    0.0
  ],
  "tangential_distortion": [
    -0.043332938104867935,
    0.0012109986273571849
  ],
  "image_size": [
    1072,
    1920
  ]
}