{
  "orientation": [
    [
      0.964550256729126,
      -0.10145895928144455,
      0.24361616373062134
    ],
    [
      0.12458965182304382,
      0.9888589978218079,
      -0.08145756274461746
    ],
    [
      -0.2326374351978302,
      0.10892196744680405,
      0.9664449691772461
    ]
  ],
  "position": [
    3.381615161895752,
    -1.4858976602554321,
    -0.3469972312450409
  ],
  "focal_length": 1530.7855224609375,
  "principal_point": [
    545.5936889648438,
    719.1764526367188
  ],
  "skew": 0.0,
  "pixel_aspect_ratio": 1.0118895769119263,
  "radial_distortion": [
    0.03853635489940643,
    -0.009977939538657665,
    0.0
  ],
  "tangential_distortion": [
    -0.043332938104867935,
    0.0012109986273571849
  ],
  "image_size": [
    1072,
    1920
  ]
}