{
  "orientation": [
    [
      0.9510817527770996,
      -0.014976602047681808,
      0.3085760474205017
    ],
    [
      0.1024668961763382,
      0.9575772881507874,
      -0.26934412121772766
    ],
    [
      -0.2914515435695648,
      0.2877871096134186,
      0.9122689366340637
    ]
  ],
  "position": [
    3.815891742706299,
    -2.106720447540283,
    0.6573756337165833
  ],
  "focal_length": 1530.7855224609375,
  "principal_point": [
    545.5936889648438,
    719.1764526367188
  ],
  "skew": 0.0,
  "pixel_aspect_ratio": 1.0118895769119263,
  "radial_distortion": [
    0.03853635489940643,
    -0.009977939538657665,
    0.0
  ],
  "tangential_distortion": [
    -0.043332938104867935,
    0.0012109986273571849
  ],
  "image_size": [
    1072,
    1920
  ]
}