{
  "orientation": [
    [
      0.9989489912986755,
      0.03882117569446564,
      -0.024368885904550552
    ],
    [
      -0.03711234778165817,
      0.9970598220825195,
      0.0670401006937027
    ],
    [
      0.02689981274306774,
      -0.06606525182723999,
      0.9974526762962341
    ]
  ],
  "position": [
    -0.4995090067386627,
    1.4055393934249878,
    -1.8584073781967163
  ],
  "focal_length": 1530.7855224609375,
  "principal_point": [
    545.5936889648438,
    719.1764526367188
  ],
  "skew": 0.0,
  "pixel_aspect_ratio": 1.0118895769119263,
  "radial_distortion": [
    0.03853635489940643,
    -0.009977939538657665,
    0.0
  ],
  "tangential_distortion": [
    -0.043332938104867935,
    0.0012109986273571849
  ],
  "image_size": [
    1072,
    1920
  ]
}