{
  "orientation": [
    [
      0.94969642162323,
      -0.06231639161705971,
      0.30690932273864746
    ],
    [
      0.118334099650383,
      0.9787546992301941,
      -0.16744036972522736
    ],
    [
      -0.28995466232299805,
      0.19533537328243256,
      0.9368939995765686
    ]
  ],
  "position": [
    4.060097694396973,
    -1.6089850664138794,
    0.5271139740943909
  ],
  "focal_length": 1530.7855224609375,
  "principal_point": [
    545.5936889648438,
    719.1764526367188
  ],
  "skew": 0.0,
  "pixel_aspect_ratio": 1.0118895769119263,
  "radial_distortion": [
    0.03853635489940643,
    -0.009977939538657665,
    0.0
  ],
  "tangential_distortion": [
    -0.043332938104867935,
    0.0012109986273571849
  ],
  "image_size": [
    1072,
    1920
  ]
}