{
  "orientation": [
    [
      0.9415475130081177,
      -0.07788451761007309,
      0.32775336503982544
    ],
    [
      0.15849938988685608,
      0.9609145522117615,
      -0.22698266804218292
    ],
    [
      -0.29726454615592957,
      0.26566368341445923,
      0.9170913696289062
    ]
  ],
  "position": [
    4.716890335083008,
    1.201310157775879,
    2.9819681644439697
  ],
  "focal_length": 1530.7855224609375,
  "principal_point": [
    545.5936889648438,
    719.1764526367188
  ],
  "skew": 0.0,
  "pixel_aspect_ratio": 1.0118895769119263,
  "radial_distortion": [
    0.03853635489940643,
    -0.009977939538657665,
    0.0
  ],
  "tangential_distortion": [
    -0.043332938104867935,
    0.0012109986273571849
  ],
  "image_size": [
    1072,
    1920
  ]
}