{
  "orientation": [
    [
      0.993293046951294,
      0.07061993330717087,
      0.0915517583489418
    ],
    [
      -0.05239824205636978,
      0.9807641506195068,
      -0.18803229928016663
    ],
    [
      -0.10306950658559799,
      0.18197402358055115,
      0.9778865575790405
    ]
  ],
  "position": [
    0.09164153039455414,
    -1.1343289613723755,
    -0.1934877187013626
  ],
  "focal_length": 1530.7855224609375,
  "principal_point": [
    545.5936889648438,
    719.1764526367188
  ],
  "skew": 0.0,
  "pixel_aspect_ratio": 1.0118895769119263,
  "radial_distortion": [
    0.03853635489940643,
    -0.009977939538657665,
    0.0
  ],
  "tangential_distortion": [
    -0.043332938104867935,
    0.0012109986273571849
  ],
  "image_size": [
    1072,
    1920
  ]
}