{
  "orientation": [
    [
      0.9971750974655151,
      0.07494737952947617,
      -0.004967899061739445
    ],
    [
      -0.07491935044527054,
      0.9877093434333801,
      -0.13717614114284515
    ],
    [
      -0.005374152213335037,
      0.13716082274913788,
      0.9905341863632202
    ]
  ],
  "position": [
    -0.1799258142709732,
    -1.8388142585754395,
    -0.35736849904060364
  ],
  "focal_length": 1530.7855224609375,
  "principal_point": [
    545.5936889648438,
    719.1764526367188
  ],
  "skew": 0.0,
  "pixel_aspect_ratio": 1.0118895769119263,
  "radial_distortion": [
    0.03853635489940643,
    -0.009977939538657665,
    0.0
  ],
  "tangential_distortion": [
    -0.043332938104867935,
    0.0012109986273571849
  ],
  "image_size": [
    1072,
    1920
  ]
}