{
  "orientation": [
    [
      0.966968834400177,
      -0.12149247527122498,
      0.22407768666744232
    ],
    [
      0.1195768415927887,
      0.9925777912139893,
      0.022151479497551918
    ],
    [
      -0.22510577738285065,
      0.005374710541218519,
      0.9743195176124573
    ]
  ],
  "position": [
    4.276693820953369,
    1.4261637926101685,
    0.8152746558189392
  ],
  "focal_length": 1530.7855224609375,
  "principal_point": [
    545.5936889648438,
    719.1764526367188
  ],
  "skew": 0.0,
  "pixel_aspect_ratio": 1.0118895769119263,
  "radial_distortion": [
    0.03853635489940643,
    -0.009977939538657665,
    0.0
  ],
  "tangential_distortion": [
    -0.043332938104867935,
    0.0012109986273571849
  ],
  "image_size": [
    1072,
    1920
  ]
}