{
  "orientation": [
    [
      0.9951314330101013,
      0.05791503190994263,
      0.07974536716938019
    ],
    [
      -0.05858907103538513,
      0.9982632994651794,
      0.006136706564575434
    ],
    [
      -0.07925146818161011,
      -0.010779036208987236,
      0.9967963695526123
    ]
  ],
  "position": [
    -0.38224589824676514,
    2.2967348098754883,
    -0.3641901910305023
  ],
  "focal_length": 1530.7855224609375,
  "principal_point": [
    545.5936889648438,
    719.1764526367188
  ],
  "skew": 0.0,
  "pixel_aspect_ratio": 1.0118895769119263,
  "radial_distortion": [
    0.03853635489940643,
    -0.009977939538657665,
    0.0
  ],
  "tangential_distortion": [
    -0.043332938104867935,
    0.0012109986273571849
  ],
  "image_size": [
    1072,
    1920
  ]
}