{
  "orientation": [
    [
      0.9856066703796387,
      0.009487086907029152,
      0.1687881350517273
    ],
    [
      0.03288259357213974,
      0.9685965776443481,
      -0.24645373225212097
    ],
    [
      -0.1658257246017456,
      0.24845664203166962,
      0.954343318939209
    ]
  ],
  "position": [
    1.3492733240127563,
    -2.6480209827423096,
    0.10041334480047226
  ],
  "focal_length": 1530.7855224609375,
  "principal_point": [
    545.5936889648438,
    719.1764526367188
  ],
  "skew": 0.0,
  "pixel_aspect_ratio": 1.0118895769119263,
  "radial_distortion": [
    0.03853635489940643,
    -0.009977939538657665,
    0.0
  ],
  "tangential_distortion": [
    -0.043332938104867935,
    0.0012109986273571849
  ],
  "image_size": [
    1072,
    1920
  ]
}