{
  "orientation": [
    [
      0.9931902885437012,
      -0.029172517359256744,
      0.11279166489839554
    ],
    [
      0.021989496424794197,
      0.9976810812950134,
      0.06441181153059006
    ],
    [
      -0.11440917104482651,
      -0.061492953449487686,
      0.9915286898612976
    ]
  ],
  "position": [
    2.5073843002319336,
    2.370495080947876,
    -0.6916349530220032
  ],
  "focal_length": 1530.7855224609375,
  "principal_point": [
    545.5936889648438,
    719.1764526367188
  ],
  "skew": 0.0,
  "pixel_aspect_ratio": 1.0118895769119263,
  "radial_distortion": [
    0.03853635489940643,
    -0.009977939538657665,
    0.0
  ],
  "tangential_distortion": [
    -0.043332938104867935,
    0.0012109986273571849
  ],
  "image_size": [
    1072,
    1920
  ]
}