{
  "orientation": [
    [
      0.9911084771156311,
      0.11955129355192184,
      -0.05840819329023361
    ],
    [
      -0.1283656507730484,
      0.974647581577301,
      -0.18326030671596527
    ],
    [
      0.035018399357795715,
      0.18912844359874725,
      0.9813277721405029
    ]
  ],
  "position": [
    -0.14579744637012482,
    -0.14588434994220734,
    -0.8369191288948059
  ],
  "focal_length": 1530.7855224609375,
  "principal_point": [
    545.5936889648438,
    719.1764526367188
  ],
  "skew": 0.0,
  "pixel_aspect_ratio": 1.0118895769119263,
  "radial_distortion": [
    0.03853635489940643,
    -0.009977939538657665,
    0.0
  ],
  "tangential_distortion": [
    -0.043332938104867935,
    0.0012109986273571849
  ],
  "image_size": [
    1072,
    1920
  ]
}