{
  "orientation": [
    [
      0.9919255971908569,
      0.09852772206068039,
      0.07984955608844757
    ],
    [
      -0.08990583568811417,
      0.9903790354728699,
      -0.1051965057849884
    ],
    [
      -0.08944609761238098,
      0.09716816246509552,
      0.9912405014038086
    ]
  ],
  "position": [
    0.7896208763122559,
    3.085749626159668,
    0.7746242880821228
  ],
  "focal_length": 1530.7855224609375,
  "principal_point": [
    545.5936889648438,
    719.1764526367188
  ],
  "skew": 0.0,
  "pixel_aspect_ratio": 1.0118895769119263,
  "radial_distortion": [
    0.03853635489940643,
    -0.009977939538657665,
    0.0
  ],
  "tangential_distortion": [
    -0.043332938104867935,
    0.0012109986273571849
  ],
  "image_size": [
    1072,
    1920
  ]
}