{
  "orientation": [
    [
      0.9955946803092957,
      0.08344707638025284,
      0.04275314509868622
    ],
    [
      -0.06808052211999893,
      0.9569016695022583,
      -0.28231948614120483
    ],
    [
      -0.06446929275989532,
      0.2781651020050049,
      0.9583672881126404
    ]
  ],
  "position": [
    1.1180652379989624,
    -1.6705645322799683,
    -0.5860528349876404
  ],
  "focal_length": 1530.7855224609375,
  "principal_point": [
    545.5936889648438,
    719.1764526367188
  ],
  "skew": 0.0,
  "pixel_aspect_ratio": 1.0118895769119263,
  "radial_distortion": [
    0.03853635489940643,
    -0.009977939538657665,
    0.0
  ],
  "tangential_distortion": [
    -0.043332938104867935,
    0.0012109986273571849
  ],
  "image_size": [
    1072,
    1920
  ]
}