{
  "orientation": [
    [
      0.9031541347503662,
      -0.07154814898967743,
      0.4233124554157257
    ],
    [
      0.16496998071670532,
      0.9681504964828491,
      -0.18833358585834503
    ],
    [
      -0.3963552415370941,
      0.23992811143398285,
      0.8861924409866333
    ]
  ],
  "position": [
    5.014585494995117,
    -1.798497200012207,
    1.1520733833312988
  ],
  "focal_length": 1530.7855224609375,
  "principal_point": [
    545.5936889648438,
    719.1764526367188
  ],
  "skew": 0.0,
  "pixel_aspect_ratio": 1.0118895769119263,
  "radial_distortion": [
    0.03853635489940643,
    -0.009977939538657665,
    0.0
  ],
  "tangential_distortion": [
    -0.043332938104867935,
    0.0012109986273571849
  ],
  "image_size": [
    1072,
    1920
  ]
}