{
  "orientation": [
    [
      0.9922127723693848,
      0.017619064077734947,
      0.12330212444067001
    ],
    [
      0.012247681617736816,
      0.9713454842567444,
      -0.2373560518026352
    ],
    [
      -0.12395095825195312,
      0.23701785504817963,
      0.9635655879974365
    ]
  ],
  "position": [
    1.5718556642532349,
    -2.8437373638153076,
    0.998077929019928
  ],
  "focal_length": 1530.7855224609375,
  "principal_point": [
    545.5936889648438,
    719.1764526367188
  ],
  "skew": 0.0,
  "pixel_aspect_ratio": 1.0118895769119263,
  "radial_distortion": [
    0.03853635489940643,
    -0.009977939538657665,
    0.0
  ],
  "tangential_distortion": [
    -0.043332938104867935,
    0.0012109986273571849
  ],
  "image_size": [
    1072,
    1920
  ]
}