{
  "orientation": [
    [
      0.9931448101997375,
      0.07564658671617508,
      -0.08911242336034775
    ],
    [
      -0.0836096704006195,
      0.9924888610839844,
      -0.08930416405200958
    ],
    [
      0.08168753981590271,
      0.09614261984825134,
      0.9920099377632141
    ]
  ],
  "position": [
    -0.40831154584884644,
    -1.126635193824768,
    -1.0366748571395874
  ],
  "focal_length": 1530.7855224609375,
  "principal_point": [
    545.5936889648438,
    719.1764526367188
  ],
  "skew": 0.0,
  "pixel_aspect_ratio": 1.0118895769119263,
  "radial_distortion": [
    0.03853635489940643,
    -0.009977939538657665,
    0.0
  ],
  "tangential_distortion": [
    -0.043332938104867935,
    0.0012109986273571849
  ],
  "image_size": [
    1072,
    1920
  ]
}