{
  "orientation": [
    [
      0.9923884868621826,
      0.0925426185131073,
      0.08124610781669617
    ],
    [
      -0.08282583206892014,
      0.9898180365562439,
      -0.11575881391763687
    ],
    [
      -0.09113148599863052,
      0.10814844071865082,
      0.9899489879608154
    ]
  ],
  "position": [
    0.5142497420310974,
    2.3012096881866455,
    0.6029845476150513
  ],
  "focal_length": 1530.7855224609375,
  "principal_point": [
    545.5936889648438,
    719.1764526367188
  ],
  "skew": 0.0,
  "pixel_aspect_ratio": 1.0118895769119263,
  "radial_distortion": [
    0.03853635489940643,
    -0.009977939538657665,
    0.0
  ],
  "tangential_distortion": [
    -0.043332938104867935,
    0.0012109986273571849
  ],
  "image_size": [
    1072,
    1920
  ]
}