{
  "orientation": [
    [
      0.9990885257720947,
      0.038771264255046844,
      -0.01785752922296524
    ],
    [
      -0.038734447211027145,
      0.9992466568946838,
      0.0024032508954405785
    ],
    [
      0.017937252297997475,
      -0.001709358999505639,
      0.9998376369476318
    ]
  ],
  "position": [
    -0.156085804104805,
    1.1852182149887085,
    -0.1348554939031601
  ],
  "focal_length": 1530.7855224609375,
  "principal_point": [
    545.5936889648438,
    719.1764526367188
  ],
  "skew": 0.0,
  "pixel_aspect_ratio": 1.0118895769119263,
  "radial_distortion": [
    0.03853635489940643,
    -0.009977939538657665,
    0.0
  ],
  "tangential_distortion": [
    -0.043332938104867935,
    0.0012109986273571849
  ],
  "image_size": [
    1072,
    1920
  ]
}