{
  "orientation": [
    [
      0.9543002843856812,
      -0.07090115547180176,
      0.2903171479701996
    ],
    [
      0.1027054488658905,
      0.9900875091552734,
      -0.09580381959676743
    ],
    [
      -0.28064677119255066,
      0.12124276161193848,
      0.952122688293457
    ]
  ],
  "position": [
    4.562845230102539,
    -0.363847553730011,
    1.4944639205932617
  ],
  "focal_length": 1530.7855224609375,
  "principal_point": [
    545.5936889648438,
    719.1764526367188
  ],
  "skew": 0.0,
  "pixel_aspect_ratio": 1.0118895769119263,
  "radial_distortion": [
    0.03853635489940643,
    -0.009977939538657665,
    0.0
  ],
  "tangential_distortion": [
    -0.043332938104867935,
    0.0012109986273571849
  ],
  "image_size": [
    1072,
    1920
  ]
}