{
  "orientation": [
    [
      0.8969141244888306,
      -0.11032870411872864,
      0.42822036147117615
    ],
    [
      0.12769903242588043,
      0.9917409420013428,
      -0.011950773186981678
    ],
    [
      -0.42336514592170715,
      0.06540214270353317,
      0.9035953283309937
    ]
  ],
  "position": [
    6.278065204620361,
    2.0280771255493164,
    1.5432106256484985
  ],
  "focal_length": 1530.7855224609375,
  "principal_point": [
    545.5936889648438,
    719.1764526367188
  ],
  "skew": 0.0,
  "pixel_aspect_ratio": 1.0118895769119263,
  "radial_distortion": [
    0.03853635489940643,
    -0.009977939538657665,
    0.0
  ],
  "tangential_distortion": [
    -0.043332938104867935,
    0.0012109986273571849
  ],
  "image_size": [
    1072,
    1920
  ]
}