{
  "orientation": [
    [
      0.9941726922988892,
      0.012238887138664722,
      0.10710227489471436
    ],
    [
      -0.01827365905046463,
      0.9982888102531433,
      0.05554717406630516
    ],
    [
      -0.10623916983604431,
      -0.057180631905794144,
      0.992695152759552
    ]
  ],
  "position": [
    0.06677266210317612,
    2.968111753463745,
    -0.5624306201934814
  ],
  "focal_length": 1530.7855224609375,
  "principal_point": [
    545.5936889648438,
    719.1764526367188
  ],
  "skew": 0.0,
  "pixel_aspect_ratio": 1.0118895769119263,
  "radial_distortion": [
    0.03853635489940643,
    -0.009977939538657665,
    0.0
  ],
  "tangential_distortion": [
    -0.043332938104867935,
    0.0012109986273571849
  ],
  "image_size": [
    1072,
    1920
  ]
}