{
  "orientation": [
    [
      0.9430625438690186,
      -0.13613130152225494,
      0.30348190665245056
    ],
    [
      0.122614786028862,
      0.9904366135597229,
      0.06325257569551468
    ],
    [
      -0.3091902434825897,
      -0.02243976667523384,
      0.9507354497909546
    ]
  ],
  "position": [
    4.657986640930176,
    0.591310441493988,
    -0.36908435821533203
  ],
  "focal_length": 1530.7855224609375,
  "principal_point": [
    545.5936889648438,
    719.1764526367188
  ],
  "skew": 0.0,
  "pixel_aspect_ratio": 1.0118895769119263,
  "radial_distortion": [
    0.03853635489940643,
    -0.009977939538657665,
    0.0
  ],
  "tangential_distortion": [
    -0.043332938104867935,
    0.0012109986273571849
  ],
  "image_size": [
    1072,
    1920
  ]
}