{
  "orientation": [
    [
      0.8936491012573242,
      -0.1500338464975357,
      0.4229433834552765
    ],
    [
      0.19211144745349884,
      0.979633629322052,
      -0.058405034244060516
    ],
    [
      -0.40556684136390686,
      0.1334458738565445,
      0.9042719602584839
    ]
  ],
  "position": [
    3.621157169342041,
    0.21716979146003723,
    2.608522891998291
  ],
  "focal_length": 1530.7855224609375,
  "principal_point": [
    545.5936889648438,
    719.1764526367188
  ],
  "skew": 0.0,
  "pixel_aspect_ratio": 1.0118895769119263,
  "radial_distortion": [
    0.03853635489940643,
    -0.009977939538657665,
    0.0
  ],
  "tangential_distortion": [
    -0.043332938104867935,
    0.0012109986273571849
  ],
  "image_size": [
    1072,
    1920
  ]
}