{
  "orientation": [
    [
      0.975202202796936,
      -0.06078249588608742,
      0.21280537545681
    ],
    [
      0.0637669563293457,
      0.9979389905929565,
      -0.007182418834418058
    ],
    [
      -0.21193021535873413,
      0.020574262365698814,
      0.9770681858062744
    ]
  ],
  "position": [
    4.152228832244873,
    0.9494123458862305,
    0.6619938611984253
  ],
  "focal_length": 1530.7855224609375,
  "principal_point": [
    545.5936889648438,
    719.1764526367188
  ],
  "skew": 0.0,
  "pixel_aspect_ratio": 1.0118895769119263,
  "radial_distortion": [
    0.03853635489940643,
    -0.009977939538657665,
    0.0
  ],
  "tangential_distortion": [
    -0.043332938104867935,
    0.0012109986273571849
  ],
  "image_size": [
    1072,
    1920
  ]
}