{
  "orientation": [
    [
      0.9978896379470825,
      0.06397883594036102,
      0.011090351268649101
    ],
    [
      -0.06429384648799896,
      0.9974538087844849,
      0.03085854835808277
    ],
    [
      -0.00908781960606575,
      -0.03150646761059761,
      0.9994622468948364
    ]
  ],
  "position": [
    -0.2645404040813446,
    2.6838479042053223,
    -0.6485757827758789
  ],
  "focal_length": 1530.7855224609375,
  "principal_point": [
    545.5936889648438,
    719.1764526367188
  ],
  "skew": 0.0,
  "pixel_aspect_ratio": 1.0118895769119263,
  "radial_distortion": [
    0.03853635489940643,
    -0.009977939538657665,
    0.0
  ],
  "tangential_distortion": [
    -0.043332938104867935,
    0.0012109986273571849
  ],
  "image_size": [
    1072,
    1920
  ]
}