{
  "orientation": [
    [
      0.9828424453735352,
      -0.029863549396395683,
      0.18201331794261932
    ],
    [
      0.07291781902313232,
      0.9693282842636108,
      -0.2347034215927124
    ],
    [
      -0.16942156851291656,
      0.24394850432872772,
      0.954874575138092
    ]
  ],
  "position": [
    2.8260316848754883,
    -2.862924814224243,
    0.9611471891403198
  ],
  "focal_length": 1530.7855224609375,
  "principal_point": [
    545.5936889648438,
    719.1764526367188
  ],
  "skew": 0.0,
  "pixel_aspect_ratio": 1.0118895769119263,
  "radial_distortion": [
    0.03853635489940643,
    -0.009977939538657665,
    0.0
  ],
  "tangential_distortion": [
    -0.043332938104867935,
    0.0012109986273571849
  ],
  "image_size": [
    1072,
    1920
  ]
}