{
  "orientation": [
    [
      0.9764017462730408,
      -0.09534873813390732,
      0.19377374649047852
    ],
    [
      0.08947324752807617,
      0.9952304363250732,
      0.03887075185775757
    ],
    [
      -0.19655580818653107,
      -0.02061590366065502,
      0.9802758693695068
    ]
  ],
  "position": [
    3.8735673427581787,
    1.9788323640823364,
    0.8883209228515625
  ],
  "focal_length": 1530.7855224609375,
  "principal_point": [
    545.5936889648438,
    719.1764526367188
  ],
  "skew": 0.0,
  "pixel_aspect_ratio": 1.0118895769119263,
  "radial_distortion": [
    0.03853635489940643,
    -0.009977939538657665,
    0.0
  ],
  "tangential_distortion": [
    -0.043332938104867935,
    0.0012109986273571849
  ],
  "image_size": [
    1072,
    1920
  ]
}