{
  "orientation": [
    [
      0.9995086193084717,
      0.028729278594255447,
      -0.01253666914999485
    ],
    [
      -0.029908498749136925,
      0.9937980771064758,
      -0.10710185021162033
    ],
    [
      0.009381959214806557,
      0.10742416977882385,
      0.9941689968109131
    ]
  ],
  "position": [
    0.7225610613822937,
    -2.037221908569336,
    -0.3215368092060089
  ],
  "focal_length": 1530.7855224609375,
  "principal_point": [
    545.5936889648438,
    719.1764526367188
  ],
  "skew": 0.0,
  "pixel_aspect_ratio": 1.0118895769119263,
  "radial_distortion": [
    0.03853635489940643,
    -0.009977939538657665,
    0.0
  ],
  "tangential_distortion": [
    -0.043332938104867935,
    0.0012109986273571849
  ],
  "image_size": [
    1072,
    1920
  ]
}