{
  "orientation": [
    [
      0.8781880140304565,
      -0.09921805560588837,
      0.467911958694458
    ],
    [
      0.17625905573368073,
      0.9765354990959167,
      -0.12373831123113632
    ],
    [
      -0.44465556740760803,
      0.19113922119140625,
      0.8750698566436768
    ]
  ],
  "position": [
    5.840749263763428,
    -0.7281033992767334,
    1.5367833375930786
  ],
  "focal_length": 1530.7855224609375,
  "principal_point": [
    545.5936889648438,
    719.1764526367188
  ],
  "skew": 0.0,
  "pixel_aspect_ratio": 1.0118895769119263,
  "radial_distortion": [
    0.03853635489940643,
    -0.009977939538657665,
    0.0
  ],
  "tangential_distortion": [
    -0.043332938104867935,
    0.0012109986273571849
  ],
  "image_size": [
    1072,
    1920
  ]
}