{
  "orientation": [
    [
      0.9889519810676575,
      -0.017456425353884697,
      0.14720478653907776
    ],
    [
      0.05300241336226463,
      0.9690351486206055,
      -0.2411670982837677
    ],
    [
      -0.1384366899728775,
      0.24630488455295563,
      0.9592545032501221
    ]
  ],
  "position": [
    1.274086833000183,
    0.9727428555488586,
    1.0668509006500244
  ],
  "focal_length": 1530.7855224609375,
  "principal_point": [
    545.5936889648438,
    719.1764526367188
  ],
  "skew": 0.0,
  "pixel_aspect_ratio": 1.0118895769119263,
  "radial_distortion": [
    0.03853635489940643,
    -0.009977939538657665,
    0.0
  ],
  "tangential_distortion": [
    -0.043332938104867935,
    0.0012109986273571849
  ],
  "image_size": [
    1072,
    1920
  ]
}