{
  "orientation": [
    [
      0.9624961018562317,
      -0.1117427870631218,
      0.24721397459506989
    ],
    [
      0.12367869913578033,
      0.9917653799057007,
      -0.03324100002646446
    ],
    [
      -0.2414638251066208,
      0.06256943941116333,
      0.9683905839920044
    ]
  ],
  "position": [
    3.9329090118408203,
    -0.7692861557006836,
    -0.4327802360057831
  ],
  "focal_length": 1530.7855224609375,
  "principal_point": [
    545.5936889648438,
    719.1764526367188
  ],
  "skew": 0.0,
  "pixel_aspect_ratio": 1.0118895769119263,
  "radial_distortion": [
    0.03853635489940643,
    -0.009977939538657665,
    0.0
  ],
  "tangential_distortion": [
    -0.043332938104867935,
    0.0012109986273571849
  ],
  "image_size": [
    1072,
    1920
  ]
}