{
  "orientation": [
    [
      0.9831793904304504,
      -0.09198451042175293,
      0.15778836607933044
    ],
    [
      0.08922701328992844,
      0.9957102537155151,
      0.024486996233463287
    ],
    [
      -0.15936391055583954,
      -0.009996125474572182,
      0.9871693253517151
    ]
  ],
  "position": [
    2.7479968070983887,
    -0.06016356498003006,
    -1.8494586944580078
  ],
  "focal_length": 1530.7855224609375,
  "principal_point": [
    545.5936889648438,
    719.1764526367188
  ],
  "skew": 0.0,
  "pixel_aspect_ratio": 1.0118895769119263,
  "radial_distortion": [
    0.03853635489940643,
    -0.009977939538657665,
    0.0
  ],
  "tangential_distortion": [
    -0.043332938104867935,
    0.0012109986273571849
  ],
  "image_size": [
    1072,
    1920
  ]
}