{
  "orientation": [
    [
      0.9430825710296631,
      -0.08933581411838531,
      0.320334792137146
    ],
    [
      0.11863389611244202,
      0.9902433753013611,
      -0.07310277223587036
    ],
    [
      -0.31067872047424316,
      0.10694451630115509,
      0.9444795250892639
    ]
  ],
  "position": [
    4.904605865478516,
    0.7209120988845825,
    0.28278982639312744
  ],
  "focal_length": 1530.7855224609375,
  "principal_point": [
    545.5936889648438,
    719.1764526367188
  ],
  "skew": 0.0,
  "pixel_aspect_ratio": 1.0118895769119263,
  "radial_distortion": [
    0.03853635489940643,
    -0.009977939538657665,
    0.0
  ],
  "tangential_distortion": [
    -0.043332938104867935,
    0.0012109986273571849
  ],
  "image_size": [
    1072,
    1920
  ]
}