{
  "orientation": [
    [
      0.988724946975708,
      0.10582439601421356,
      -0.1059439405798912
    ],
    [
      -0.11189020425081253,
      0.9923043847084045,
      -0.053033944219350815
    ],
    [
      0.09951634705066681,
      0.06429007649421692,
      0.992956817150116
    ]
  ],
  "position": [
    -0.518041729927063,
    -0.34696975350379944,
    -1.039176344871521
  ],
  "focal_length": 1530.7855224609375,
  "principal_point": [
    545.5936889648438,
    719.1764526367188
  ],
  "skew": 0.0,
  "pixel_aspect_ratio": 1.0118895769119263,
  "radial_distortion": [
    0.03853635489940643,
    -0.009977939538657665,
    0.0
  ],
  "tangential_distortion": [
    -0.043332938104867935,
    0.0012109986273571849
  ],
  "image_size": [
    1072,
    1920
  ]
}