{
  "orientation": [
    [
      0.9743273854255676,
      -0.03848493471741676,
      0.22182200849056244
    ],
    [
      0.09520850330591202,
      0.9632754921913147,
      -0.25106915831565857
    ],
    [
      -0.20401331782341003,
      0.2657428979873657,
      0.942209780216217
    ]
  ],
  "position": [
    3.068260908126831,
    0.5823913812637329,
    1.6912332773208618
  ],
  "focal_length": 1530.7855224609375,
  "principal_point": [
    545.5936889648438,
    719.1764526367188
  ],
  "skew": 0.0,
  "pixel_aspect_ratio": 1.0118895769119263,
  "radial_distortion": [
    0.03853635489940643,
    -0.009977939538657665,
    0.0
  ],
  "tangential_distortion": [
    -0.043332938104867935,
    0.0012109986273571849
  ],
  "image_size": [
    1072,
    1920
  ]
}