{
  "orientation": [
    [
      0.9998792409896851,
      0.014024564065039158,
      -0.006695449817925692
    ],
    [
      -0.013552609831094742,
      0.9977291226387024,
      0.06597660481929779
    ],
    [
      0.007605538237839937,
      -0.06587789207696915,
      0.9977986812591553
    ]
  ],
  "position": [
    0.314047247171402,
    1.4551326036453247,
    -1.9336293935775757
  ],
  "focal_length": 1530.7855224609375,
  "principal_point": [
    545.5936889648438,
    719.1764526367188
  ],
  "skew": 0.0,
  "pixel_aspect_ratio": 1.0118895769119263,
  "radial_distortion": [
    0.03853635489940643,
    -0.009977939538657665,
    0.0
  ],
  "tangential_distortion": [
    -0.043332938104867935,
    0.0012109986273571849
  ],
  "image_size": [
    1072,
    1920
  ]
}