{
  "orientation": [
    [
      0.9919974207878113,
      0.06440450996160507,
      0.10859660804271698
    ],
    [
      -0.0293266661465168,
      0.9541260600090027,
      -0.29796552658081055
    ],
    [
      -0.12280517816543579,
      0.2923962473869324,
      0.9483793377876282
    ]
  ],
  "position": [
    1.741484522819519,
    -1.8216633796691895,
    -0.3736700415611267
  ],
  "focal_length": 1530.7855224609375,
  "principal_point": [
    545.5936889648438,
    719.1764526367188
  ],
  "skew": 0.0,
  "pixel_aspect_ratio": 1.0118895769119263,
  "radial_distortion": [
    0.03853635489940643,
    -0.009977939538657665,
    0.0
  ],
  "tangential_distortion": [
    -0.043332938104867935,
    0.0012109986273571849
  ],
  "image_size": [
    1072,
    1920
  ]
}