{
  "orientation": [
    [
      0.9355863332748413,
      -0.11076761782169342,
      0.3352741599082947
    ],
    [
      0.13321171700954437,
      0.9900823831558228,
      -0.04462612047791481
    ],
    [
      -0.32700592279434204,
      0.08641403168439865,
      0.9410631060600281
    ]
  ],
  "position": [
    4.690891742706299,
    -1.4284347295761108,
    0.8289175629615784
  ],
  "focal_length": 1530.7855224609375,
  "principal_point": [
    545.5936889648438,
    719.1764526367188
  ],
  "skew": 0.0,
  "pixel_aspect_ratio": 1.0118895769119263,
  "radial_distortion": [
    0.03853635489940643,
    -0.009977939538657665,
    0.0
  ],
  "tangential_distortion": [
    -0.043332938104867935,
    0.0012109986273571849
  ],
  "image_size": [
    1072,
    1920
  ]
}