{
  "orientation": [
    [
      0.9650804400444031,
      -0.052162352949380875,
      0.25670772790908813
    ],
    [
      0.1146073266863823,
      0.9652838110923767,
      -0.23471756279468536
    ],
    [
      -0.23555240035057068,
      0.25594189763069153,
      0.9375547170639038
    ]
  ],
  "position": [
    3.7002832889556885,
    0.7016551494598389,
    1.997080683708191
  ],
  "focal_length": 1530.7855224609375,
  "principal_point": [
    545.5936889648438,
    719.1764526367188
  ],
  "skew": 0.0,
  "pixel_aspect_ratio": 1.0118895769119263,
  "radial_distortion": [
    0.03853635489940643,
    -0.009977939538657665,
    0.0
  ],
  "tangential_distortion": [
    -0.043332938104867935,
    0.0012109986273571849
  ],
  "image_size": [
    1072,
    1920
  ]
}