{
  "orientation": [
    [
      0.9346774220466614,
      -0.09278743714094162,
      0.3431743383407593
    ],
    [
      0.13651646673679352,
      0.985004723072052,
      -0.10549388825893402
    ],
    [
      -0.3282398283481598,
      0.14545169472694397,
      0.9333286881446838
    ]
  ],
  "position": [
    5.1562604904174805,
    -0.12264646589756012,
    0.6771511435508728
  ],
  "focal_length": 1530.7855224609375,
  "principal_point": [
    545.5936889648438,
    719.1764526367188
  ],
  "skew": 0.0,
  "pixel_aspect_ratio": 1.0118895769119263,
  "radial_distortion": [
    0.03853635489940643,
    -0.009977939538657665,
    0.0
  ],
  "tangential_distortion": [
    -0.043332938104867935,
    0.0012109986273571849
  ],
  "image_size": [
    1072,
    1920
  ]
}