{
  "orientation": [
    [
      0.9568262100219727,
      -0.15588173270225525,
      0.24532528221607208
    ],
    [
      0.16272325813770294,
      0.9866414070129395,
      -0.007738748099654913
    ],
    [
      -0.24084174633026123,
      0.0473247654736042,
      0.9694099426269531
    ]
  ],
  "position": [
    4.54194974899292,
    -0.19829699397087097,
    0.15234535932540894
  ],
  "focal_length": 1530.7855224609375,
  "principal_point": [
    545.5936889648438,
    719.1764526367188
  ],
  "skew": 0.0,
  "pixel_aspect_ratio": 1.0118895769119263,
  "radial_distortion": [
    0.03853635489940643,
    -0.009977939538657665,
    0.0
  ],
  "tangential_distortion": [
    -0.043332938104867935,
    0.0012109986273571849
  ],
  "image_size": [
    1072,
    1920
  ]
}