{
  "orientation": [
    [
      0.9986608624458313,
      0.04443869739770889,
      -0.026488270610570908
    ],
    [
      -0.043671831488609314,
      0.9986290335655212,
      0.0288589745759964
    ],
    [
      0.027734410017728806,
      -0.027663538232445717,
      0.9992324709892273
    ]
  ],
  "position": [
    0.08967102319002151,
    1.5402666330337524,
    -1.165315866470337
  ],
  "focal_length": 1530.7855224609375,
  "principal_point": [
    545.5936889648438,
    719.1764526367188
  ],
  "skew": 0.0,
  "pixel_aspect_ratio": 1.0118895769119263,
  "radial_distortion": [
    0.03853635489940643,
    -0.009977939538657665,
    0.0
  ],
  "tangential_distortion": [
    -0.043332938104867935,
    0.0012109986273571849
  ],
  "image_size": [
    1072,
    1920
  ]
}