{
  "orientation": [
    [
      0.999646782875061,
      -0.010807964019477367,
      0.02428072690963745
    ],
    [
      0.00969480350613594,
      0.9989171028137207,
      0.04550446942448616
    ],
    [
      -0.0247462447732687,
      -0.04525299742817879,
      0.9986690282821655
    ]
  ],
  "position": [
    1.2669763565063477,
    1.2892721891403198,
    -1.8737084865570068
  ],
  "focal_length": 1530.7855224609375,
  "principal_point": [
    545.5936889648438,
    719.1764526367188
  ],
  "skew": 0.0,
  "pixel_aspect_ratio": 1.0118895769119263,
  "radial_distortion": [
    0.03853635489940643,
    -0.009977939538657665,
    0.0
  ],
  "tangential_distortion": [
    -0.043332938104867935,
    0.0012109986273571849
  ],
  "image_size": [
    1072,
    1920
  ]
}