{
  "orientation": [
    [
      0.9568508267402649,
      -0.07954112440347672,
      0.2794812023639679
    ],
    [
      0.07111700624227524,
      0.9966587424278259,
      0.04017083719372749
    ],
    [
      -0.2817426323890686,
      -0.018561631441116333,
      0.9593104720115662
    ]
  ],
  "position": [
    4.000394344329834,
    3.0976722240448,
    0.3711353540420532
  ],
  "focal_length": 1530.7855224609375,
  "principal_point": [
    545.5936889648438,
    719.1764526367188
  ],
  "skew": 0.0,
  "pixel_aspect_ratio": 1.0118895769119263,
  "radial_distortion": [
    0.03853635489940643,
    -0.009977939538657665,
    0.0
  ],
  "tangential_distortion": [
    -0.043332938104867935,
    0.0012109986273571849
  ],
  "image_size": [
    1072,
    1920
  ]
}