{
  "orientation": [
    [
      0.991902768611908,
      -0.007368914317339659,
      0.1267857700586319
    ],
    [
      -0.0010921981884166598,
      0.997783362865448,
      0.06653691828250885
    ],
    [
      -0.1269950419664383,
      -0.06613662838935852,
      0.9896960258483887
    ]
  ],
  "position": [
    0.5875574946403503,
    3.0646443367004395,
    -0.46542200446128845
  ],
  "focal_length": 1530.7855224609375,
  "principal_point": [
    545.5936889648438,
    719.1764526367188
  ],
  "skew": 0.0,
  "pixel_aspect_ratio": 1.0118895769119263,
  "radial_distortion": [
    0.03853635489940643,
    -0.009977939538657665,
    0.0
  ],
  "tangential_distortion": [
    -0.043332938104867935,
    0.0012109986273571849
  ],
  "image_size": [
    1072,
    1920
  ]
}