{
  "orientation": [
    [
      0.9857826232910156,
      -0.11298197507858276,
      0.12436940521001816
    ],
    [
      0.10647748410701752,
      0.9926348328590393,
      0.057781025767326355
    ],
    [
      -0.1299816220998764,
      -0.04371698945760727,
      0.9905521869659424
    ]
  ],
  "position": [
    2.4926364421844482,
    -0.2888196110725403,
    -1.7650448083877563
  ],
  "focal_length": 1530.7855224609375,
  "principal_point": [
    545.5936889648438,
    719.1764526367188
  ],
  "skew": 0.0,
  "pixel_aspect_ratio": 1.0118895769119263,
  "radial_distortion": [
    0.03853635489940643,
    -0.009977939538657665,
    0.0
  ],
  "tangential_distortion": [
    -0.043332938104867935,
    0.0012109986273571849
  ],
  "image_size": [
    1072,
    1920
  ]
}