{
  "orientation": [
    [
      0.9509150981903076,
      -0.1065405011177063,
      0.29053327441215515
    ],
    [
      0.10326684266328812,
      0.9942973256111145,
      0.026623211801052094
    ],
    [
      -0.2917129099369049,
      0.004686038475483656,
      0.9564944505691528
    ]
  ],
  "position": [
    4.361397743225098,
    0.11579536646604538,
    0.5543720126152039
  ],
  "focal_length": 1530.7855224609375,
  "principal_point": [
    545.5936889648438,
    719.1764526367188
  ],
  "skew": 0.0,
  "pixel_aspect_ratio": 1.0118895769119263,
  "radial_distortion": [
    0.03853635489940643,
    -0.009977939538657665,
    0.0
  ],
  "tangential_distortion": [
    -0.043332938104867935,
    0.0012109986273571849
  ],
  "image_size": [
    1072,
    1920
  ]
}