{
  "orientation": [
    [
      0.9790896773338318,
      -0.07452809810638428,
      0.18928544223308563
    ],
    [
      0.058536041527986526,
      0.994334876537323,
      0.08872237801551819
    ],
    [
      -0.1948254257440567,
      -0.07578714191913605,
      0.9779055714607239
    ]
  ],
  "position": [
    4.128774166107178,
    2.0083115100860596,
    -0.6311953663825989
  ],
  "focal_length": 1530.7855224609375,
  "principal_point": [
    545.5936889648438,
    719.1764526367188
  ],
  "skew": 0.0,
  "pixel_aspect_ratio": 1.0118895769119263,
  "radial_distortion": [
    0.03853635489940643,
    -0.009977939538657665,
    0.0
  ],
  "tangential_distortion": [
    -0.043332938104867935,
    0.0012109986273571849
  ],
  "image_size": [
    1072,
    1920
  ]
}