{
  "orientation": [
    [
      0.996982216835022,
      -0.03972434625029564,
      -0.0666966512799263
    ],
    [
      0.041306640952825546,
      0.9988928437232971,
      0.02251419425010681
    ],
    [
      0.06572844833135605,
      -0.02520126663148403,
      0.9975192546844482
    ]
  ],
  "position": [
    -1.041953682899475,
    3.035547971725464,
    1.0181461572647095
  ],
  "focal_length": 1530.7855224609375,
  "principal_point": [
    545.5936889648438,
    719.1764526367188
  ],
  "skew": 0.0,
  "pixel_aspect_ratio": 1.0118895769119263,
  "radial_distortion": [
    0.03853635489940643,
    -0.009977939538657665,
    0.0
  ],
  "tangential_distortion": [
    -0.043332938104867935,
    0.0012109986273571849
  ],
  "image_size": [
    1072,
    1920
  ]
}