{
  "orientation": [
    [
      0.9874052405357361,
      0.11523658782243729,
      -0.10840407013893127
    ],
    [
      -0.11582979559898376,
      0.9932687282562256,
      0.0008297997992485762
    ],
    [
      0.10776999592781067,
      0.011737072840332985,
      0.9941065907478333
    ]
  ],
  "position": [
    -0.5665796995162964,
    0.48007991909980774,
    -1.1274840831756592
  ],
  "focal_length": 1530.7855224609375,
  "principal_point": [
    545.5936889648438,
    719.1764526367188
  ],
  "skew": 0.0,
  "pixel_aspect_ratio": 1.0118895769119263,
  "radial_distortion": [
    0.03853635489940643,
    -0.009977939538657665,
    0.0
  ],
  "tangential_distortion": [
    -0.043332938104867935,
    0.0012109986273571849
  ],
  "image_size": [
    1072,
    1920
  ]
}