{
  "orientation": [
    [
      0.9804531335830688,
      -0.046146705746650696,
      0.19126468896865845
    ],
    [
      0.03530946001410484,
      0.9975923299789429,
      0.05968865379691124
    ],
    [
      -0.19355861842632294,
      -0.0517684742808342,
      0.9797219634056091
    ]
  ],
  "position": [
    2.14021635055542,
    3.287651538848877,
    -0.12127910554409027
  ],
  "focal_length": 1530.7855224609375,
  "principal_point": [
    545.5936889648438,
    719.1764526367188
  ],
  "skew": 0.0,
  "pixel_aspect_ratio": 1.0118895769119263,
  "radial_distortion": [
    0.03853635489940643,
    -0.009977939538657665,
    0.0
  ],
  "tangential_distortion": [
    -0.043332938104867935,
    0.0012109986273571849
  ],
  "image_size": [
    1072,
    1920
  ]
}