{
  "orientation": [
    [
      0.997107982635498,
      0.0747336894273758,
      -0.01380513608455658
    ],
    [
      -0.07554639130830765,
      0.9944667220115662,
      -0.07299765944480896
    ],
    [
      0.00827336497604847,
      0.07382947951555252,
      0.9972365498542786
    ]
  ],
  "position": [
    -1.1306698322296143,
    0.13911770284175873,
    -0.39074528217315674
  ],
  "focal_length": 1530.7855224609375,
  "principal_point": [
    545.5936889648438,
    719.1764526367188
  ],
  "skew": 0.0,
  "pixel_aspect_ratio": 1.0118895769119263,
  "radial_distortion": [
    0.03853635489940643,
    -0.009977939538657665,
    0.0
  ],
  "tangential_distortion": [
    -0.043332938104867935,
    0.0012109986273571849
  ],
  "image_size": [
    1072,
    1920
  ]
}