{
  "orientation": [
    [
      0.8915097117424011,
      -0.1641993224620819,
      0.42219552397727966
    ],
    [
      0.186189204454422,
      0.9824516177177429,
      -0.011065005324780941
    ],
    [
      -0.41296979784965515,
      0.08847281336784363,
      0.9064372777938843
    ]
  ],
  "position": [
    3.609236478805542,
    0.9147899746894836,
    2.621433734893799
  ],
  "focal_length": 1530.7855224609375,
  "principal_point": [
    545.5936889648438,
    719.1764526367188
  ],
  "skew": 0.0,
  "pixel_aspect_ratio": 1.0118895769119263,
  "radial_distortion": [
    0.03853635489940643,
    -0.009977939538657665,
    0.0
  ],
  "tangential_distortion": [
    -0.043332938104867935,
    0.0012109986273571849
  ],
  "image_size": [
    1072,
    1920
  ]
}