{
  "orientation": [
    [
      0.998075544834137,
      0.001854368718340993,
      0.06198185682296753
    ],
    [
      -0.0036447036545723677,
      0.9995790123939514,
      0.02878425642848015
    ],
    [
      -0.06190238520503044,
      -0.028954768553376198,
      0.9976621270179749
    ]
  ],
  "position": [
    1.9728256464004517,
    1.164739727973938,
    -1.4850620031356812
  ],
  "focal_length": 1530.7855224609375,
  "principal_point": [
    545.5936889648438,
    719.1764526367188
  ],
  "skew": 0.0,
  "pixel_aspect_ratio": 1.0118895769119263,
  "radial_distortion": [
    0.03853635489940643,
    -0.009977939538657665,
    0.0
  ],
  "tangential_distortion": [
    -0.043332938104867935,
    0.0012109986273571849
  ],
  "image_size": [
    1072,
    1920
  ]
}