{
  "orientation": [
    [
      0.9968737959861755,
      0.06208626180887222,
      -0.048865873366594315
    ],
    [
      -0.06713961064815521,
      0.9916985034942627,
      -0.10966484993696213
    ],
    [
      0.04165153205394745,
      0.1126028522849083,
      0.9927667379379272
    ]
  ],
  "position": [
    -0.8469746112823486,
    -0.0009040249860845506,
    1.524032473564148
  ],
  "focal_length": 1530.7855224609375,
  "principal_point": [
    545.5936889648438,
    719.1764526367188
  ],
  "skew": 0.0,
  "pixel_aspect_ratio": 1.0118895769119263,
  "radial_distortion": [
    0.03853635489940643,
    -0.009977939538657665,
    0.0
  ],
  "tangential_distortion": [
    -0.043332938104867935,
    0.0012109986273571849
  ],
  "image_size": [
    1072,
    1920
  ]
}