{
  "orientation": [
    [
      0.9330891966819763,
      -0.11368642002344131,
      0.3412037491798401
    ],
    [
      0.17686773836612701,
      0.9711245894432068,
      -0.16010871529579163
    ],
    [
      -0.31314918398857117,
      0.2097436487674713,
      0.9262533187866211
    ]
  ],
  "position": [
    2.717773199081421,
    -2.2691314220428467,
    1.0205121040344238
  ],
  "focal_length": 1530.7855224609375,
  "principal_point": [
    545.5936889648438,
    719.1764526367188
  ],
  "skew": 0.0,
  "pixel_aspect_ratio": 1.0118895769119263,
  "radial_distortion": [
    0.03853635489940643,
    -0.009977939538657665,
    0.0
  ],
  "tangential_distortion": [
    -0.043332938104867935,
    0.0012109986273571849
  ],
  "image_size": [
    1072,
    1920
  ]
}