{
  "orientation": [
    [
      0.9926085472106934,
      0.08629647642374039,
      0.08533013612031937
    ],
    [
      -0.07235848903656006,
      0.9853011965751648,
      -0.1547444462776184
    ],
    [
      -0.0974297821521759,
      0.1474262923002243,
      0.9842626452445984
    ]
  ],
  "position": [
    -0.08798815310001373,
    -0.2142105996608734,
    -0.1838482767343521
  ],
  "focal_length": 1530.7855224609375,
  "principal_point": [
    545.5936889648438,
    719.1764526367188
  ],
  "skew": 0.0,
  "pixel_aspect_ratio": 1.0118895769119263,
  "radial_distortion": [
    0.03853635489940643,
    -0.009977939538657665,
    0.0
  ],
  "tangential_distortion": [
    -0.043332938104867935,
    0.0012109986273571849
  ],
  "image_size": [
    1072,
    1920
  ]
}