{
  "orientation": [
    [
      0.9913102984428406,
      0.02065662480890751,
      0.12991224229335785
    ],
    [
      0.004068892914801836,
      0.9823059439659119,
      -0.1872391700744629
    ],
    [
      -0.13148128986358643,
      0.1861407309770584,
      0.9736859202384949
    ]
  ],
  "position": [
    0.7072706818580627,
    -0.4323153495788574,
    -0.00025448400992900133
  ],
  "focal_length": 1530.7855224609375,
  "principal_point": [
    545.5936889648438,
    719.1764526367188
  ],
  "skew": 0.0,
  "pixel_aspect_ratio": 1.0118895769119263,
  "radial_distortion": [
    0.03853635489940643,
    -0.009977939538657665,
    0.0
  ],
  "tangential_distortion": [
    -0.043332938104867935,
    0.0012109986273571849
  ],
  "image_size": [
    1072,
    1920
  ]
}