{
  "orientation": [
    [
      0.9637017846107483,
      -0.14629505574703217,
      0.22333082556724548
    ],
    [
      0.15788742899894714,
      0.9868414402008057,
      -0.03486473113298416
    ],
    [
      -0.2152915745973587,
      0.06886032968759537,
      0.9741190075874329
    ]
  ],
  "position": [
    4.339362144470215,
    -1.4427490234375,
    -0.3011414706707001
  ],
  "focal_length": 1530.7855224609375,
  "principal_point": [
    545.5936889648438,
    719.1764526367188
  ],
  "skew": 0.0,
  "pixel_aspect_ratio": 1.0118895769119263,
  "radial_distortion": [
    0.03853635489940643,
    -0.009977939538657665,
    0.0
  ],
  "tangential_distortion": [
    -0.043332938104867935,
    0.0012109986273571849
  ],
  "image_size": [
    1072,
    1920
  ]
}