{
  "orientation": [
    [
      0.9995377659797668,
      -0.030358074232935905,
      -0.0016194215277209878
    ],
    [
      0.030399728566408157,
      0.9985997676849365,
      0.04329438880085945
    ],
    [
      0.00030281965155154467,
      -0.04332360625267029,
      0.9990610480308533
    ]
  ],
  "position": [
    0.31589195132255554,
    3.150893211364746,
    0.017657550051808357
  ],
  "focal_length": 1530.7855224609375,
  "principal_point": [
    545.5936889648438,
    719.1764526367188
  ],
  "skew": 0.0,
  "pixel_aspect_ratio": 1.0118895769119263,
  "radial_distortion": [
    0.03853635489940643,
    -0.009977939538657665,
    0.0
  ],
  "tangential_distortion": [
    -0.043332938104867935,
    0.0012109986273571849
  ],
  "image_size": [
    1072,
    1920
  ]
}