{
  "orientation": [
    [
      0.9982755184173584,
      -0.011056102812290192,
      0.057651977986097336
    ],
    [
      0.01046435721218586,
      0.9998895525932312,
      0.010555921122431755
    ],
    [
      -0.05776231735944748,
      -0.00993442628532648,
      0.998280942440033
    ]
  ],
  "position": [
    2.4718575477600098,
    2.331570863723755,
    0.1349312961101532
  ],
  "focal_length": 1530.7855224609375,
  "principal_point": [
    545.5936889648438,
    719.1764526367188
  ],
  "skew": 0.0,
  "pixel_aspect_ratio": 1.0118895769119263,
  "radial_distortion": [
    0.03853635489940643,
    -0.009977939538657665,
    0.0
  ],
  "tangential_distortion": [
    -0.043332938104867935,
    0.0012109986273571849
  ],
  "image_size": [
    1072,
    1920
  ]
}