{
  "orientation": [
    [
      0.9777423739433289,
      -0.03646925836801529,
      0.20661510527133942
    ],
    [
      0.08557870239019394,
      0.9684544801712036,
      -0.2340347319841385
    ],
    [
      -0.1915622502565384,
      0.24650752544403076,
      0.9500199556350708
    ]
  ],
  "position": [
    1.8054226636886597,
    -2.6891684532165527,
    0.36372873187065125
  ],
  "focal_length": 1530.7855224609375,
  "principal_point": [
    545.5936889648438,
    719.1764526367188
  ],
  "skew": 0.0,
  "pixel_aspect_ratio": 1.0118895769119263,
  "radial_distortion": [
    0.03853635489940643,
    -0.009977939538657665,
    0.0
  ],
  "tangential_distortion": [
    -0.043332938104867935,
    0.0012109986273571849
  ],
  "image_size": [
    1072,
    1920
  ]
}