{
  "orientation": [
    [
      0.999111533164978,
      0.03767727315425873,
      0.018882887437939644
    ],
    [
      -0.03463905677199364,
      0.9893607497215271,
      -0.1412990838289261
    ],
    [
      -0.024005750194191933,
      0.14051945507526398,
      0.9897868633270264
    ]
  ],
  "position": [
    -1.2159148454666138,
    0.6479452848434448,
    1.8219250440597534
  ],
  "focal_length": 1530.7855224609375,
  "principal_point": [
    545.5936889648438,
    719.1764526367188
  ],
  "skew": 0.0,
  "pixel_aspect_ratio": 1.0118895769119263,
  "radial_distortion": [
    0.03853635489940643,
    -0.009977939538657665,
    0.0
  ],
  "tangential_distortion": [
    -0.043332938104867935,
    0.0012109986273571849
  ],
  "image_size": [
    1072,
    1920
  ]
}