{
  "orientation": [
    [
      0.9942962527275085,
      0.1065702810883522,
      -0.004211478400975466
    ],
    [
      -0.10431626439094543,
      0.963527500629425,
      -0.24644047021865845
    ],
    [
      -0.022205354645848274,
      0.24547415971755981,
      0.9691487550735474
    ]
  ],
  "position": [
    0.621523916721344,
    -1.259490966796875,
    -0.7710055112838745
  ],
  "focal_length": 1530.7855224609375,
  "principal_point": [
    545.5936889648438,
    719.1764526367188
  ],
  "skew": 0.0,
  "pixel_aspect_ratio": 1.0118895769119263,
  "radial_distortion": [
    0.03853635489940643,
    -0.009977939538657665,
    0.0
  ],
  "tangential_distortion": [
    -0.043332938104867935,
    0.0012109986273571849
  ],
  "image_size": [
    1072,
    1920
  ]
}