{
  "orientation": [
    [
      0.9997822642326355,
      0.01929754950106144,
      -0.007942051626741886
    ],
    [
      -0.019959095865488052,
      0.9953727722167969,
      -0.0939926952123642
    ],
    [
      0.006091473624110222,
      0.0941307470202446,
      0.9955412149429321
    ]
  ],
  "position": [
    -0.1954936981201172,
    -3.2831733226776123,
    -1.508648157119751
  ],
  "focal_length": 1530.7855224609375,
  "principal_point": [
    545.5936889648438,
    719.1764526367188
  ],
  "skew": 0.0,
  "pixel_aspect_ratio": 1.0118895769119263,
  "radial_distortion": [
    0.03853635489940643,
    -0.009977939538657665,
    0.0
  ],
  "tangential_distortion": [
    -0.043332938104867935,
    0.0012109986273571849
  ],
  "image_size": [
    1072,
    1920
  ]
}