{
  "orientation": [
    [
      0.9942423701286316,
      0.07744570076465607,
      0.07405582815408707
    ],
    [
      -0.060507483780384064,
      0.976151704788208,
      -0.2084866613149643
    ],
    [
      -0.08843611925840378,
      0.20280535519123077,
      0.9752174615859985
    ]
  ],
  "position": [
    0.520041286945343,
    -2.263355255126953,
    0.7233732342720032
  ],
  "focal_length": 1530.7855224609375,
  "principal_point": [
    545.5936889648438,
    719.1764526367188
  ],
  "skew": 0.0,
  "pixel_aspect_ratio": 1.0118895769119263,
  "radial_distortion": [
    0.03853635489940643,
    -0.009977939538657665,
    0.0
  ],
  "tangential_distortion": [
    -0.043332938104867935,
    0.0012109986273571849
  ],
  "image_size": [
    1072,
    1920
  ]
}