{
  "orientation": [
    [
      0.9080072045326233,
      -0.11329333484172821,
      0.4033454358577728
    ],
    [
      0.11691083759069443,
      0.9930177927017212,
      0.015734434127807617
    ],
    [
      -0.4023118019104004,
      0.03286847099661827,
      0.9149125218391418
    ]
  ],
  "position": [
    5.944296836853027,
    2.2634992599487305,
    1.2782732248306274
  ],
  "focal_length": 1530.7855224609375,
  "principal_point": [
    545.5936889648438,
    719.1764526367188
  ],
  "skew": 0.0,
  "pixel_aspect_ratio": 1.0118895769119263,
  "radial_distortion": [
    0.03853635489940643,
    -0.009977939538657665,
    0.0
  ],
  "tangential_distortion": [
    -0.043332938104867935,
    0.0012109986273571849
  ],
  "image_size": [
    1072,
    1920
  ]
}