{
  "orientation": [
    [
      0.9843448996543884,
      -0.005738122388720512,
      0.1761595457792282
    ],
    [
      0.04124750569462776,
      0.9792150259017944,
      -0.19858655333518982
    ],
    [
      -0.17135855555534363,
      0.202743798494339,
      0.9641219973564148
    ]
  ],
  "position": [
    1.264022946357727,
    -1.13153076171875,
    0.009697129018604755
  ],
  "focal_length": 1530.7855224609375,
  "principal_point": [
    545.5936889648438,
    719.1764526367188
  ],
  "skew": 0.0,
  "pixel_aspect_ratio": 1.0118895769119263,
  "radial_distortion": [
    0.03853635489940643,
    -0.009977939538657665,
    0.0
  ],
  "tangential_distortion": [
    -0.043332938104867935,
    0.0012109986273571849
  ],
  "image_size": [
    1072,
    1920
  ]
}