{
  "orientation": [
    [
      0.9991013407707214,
      0.02150094136595726,
      -0.0365266427397728
    ],
    [
      -0.020770955830812454,
      0.9995791912078857,
      0.020248349756002426
    ],
    [
      0.036946628242731094,
      -0.019471460953354836,
      0.9991275072097778
    ]
  ],
  "position": [
    -1.2178624868392944,
    1.8890894651412964,
    0.9178012013435364
  ],
  "focal_length": 1530.7855224609375,
  "principal_point": [
    545.5936889648438,
    719.1764526367188
  ],
  "skew": 0.0,
  "pixel_aspect_ratio": 1.0118895769119263,
  "radial_distortion": [
    0.03853635489940643,
    -0.009977939538657665,
    0.0
  ],
  "tangential_distortion": [
    -0.043332938104867935,
    0.0012109986273571849
  ],
  "image_size": [
    1072,
    1920
  ]
}