{
  "orientation": [
    [
      0.9903910160064697,
      0.11888065934181213,
      -0.07066173106431961
    ],
    [
      -0.1280834972858429,
      0.9811834096908569,
      -0.14447729289531708
    ],
    [
      0.052156560122966766,
      0.15213961899280548,
      0.9869818687438965
    ]
  ],
  "position": [
    -0.3899400532245636,
    0.4692867398262024,
    -0.8752586245536804
  ],
  "focal_length": 1530.7855224609375,
  "principal_point": [
    545.5936889648438,
    719.1764526367188
  ],
  "skew": 0.0,
  "pixel_aspect_ratio": 1.0118895769119263,
  "radial_distortion": [
    0.03853635489940643,
    -0.009977939538657665,
    0.0
  ],
  "tangential_distortion": [
    -0.043332938104867935,
    0.0012109986273571849
  ],
  "image_size": [
    1072,
    1920
  ]
}