{
  "orientation": [
    [
      0.9898872971534729,
      -0.056174684315919876,
      0.13025951385498047
    ],
    [
      0.07220156490802765,
      0.9899280071258545,
      -0.1217762902379036
    ],
    [
      -0.12210680544376373,
      0.12994974851608276,
      0.9839730858802795
    ]
  ],
  "position": [
    3.0883100032806396,
    -2.9085512161254883,
    -0.8496038913726807
  ],
  "focal_length": 1530.7855224609375,
  "principal_point": [
    545.5936889648438,
    719.1764526367188
  ],
  "skew": 0.0,
  "pixel_aspect_ratio": 1.0118895769119263,
  "radial_distortion": [
    0.03853635489940643,
    -0.009977939538657665,
    0.0
  ],
  "tangential_distortion": [
    -0.043332938104867935,
    0.0012109986273571849
  ],
  "image_size": [
    1072,
    1920
  ]
}