{
  "orientation": [
    [
      0.9984082579612732,
      0.020242542028427124,
      0.0526416189968586
    ],
    [
      -0.021097587421536446,
      0.9996535181999207,
      0.01573806069791317
    ],
    [
      -0.05230480059981346,
      -0.016823621466755867,
      0.9984894394874573
    ]
  ],
  "position": [
    1.5728501081466675,
    2.4348902702331543,
    -1.5491610765457153
  ],
  "focal_length": 1530.7855224609375,
  "principal_point": [
    545.5936889648438,
    719.1764526367188
  ],
  "skew": 0.0,
  "pixel_aspect_ratio": 1.0118895769119263,
  "radial_distortion": [
    0.03853635489940643,
    -0.009977939538657665,
    0.0
  ],
  "tangential_distortion": [
    -0.043332938104867935,
    0.0012109986273571849
  ],
  "image_size": [
    1072,
    1920
  ]
}