{
  "orientation": [
    [
      0.9946786165237427,
      0.068106509745121,
      0.07730448246002197
    ],
    [
      -0.05864692106842995,
      0.991202175617218,
      -0.11865396052598953
    ],
    [
      -0.08470547944307327,
      0.11348889023065567,
      0.9899218678474426
    ]
  ],
  "position": [
    -0.3771856725215912,
    0.2120467722415924,
    -0.12132995575666428
  ],
  "focal_length": 1530.7855224609375,
  "principal_point": [
    545.5936889648438,
    719.1764526367188
  ],
  "skew": 0.0,
  "pixel_aspect_ratio": 1.0118895769119263,
  "radial_distortion": [
    0.03853635489940643,
    -0.009977939538657665,
    0.0
  ],
  "tangential_distortion": [
    -0.043332938104867935,
    0.0012109986273571849
  ],
  "image_size": [
    1072,
    1920
  ]
}