{
  "orientation": [
    [
      0.9673464894294739,
      -0.11776331067085266,
      0.22443845868110657
    ],
    [
      0.13477292656898499,
      0.9889358878135681,
      -0.061984721571207047
    ],
    [
      -0.21465572714805603,
      0.09020893275737762,
      0.9725149273872375
    ]
  ],
  "position": [
    3.3550221920013428,
    -2.209775924682617,
    -0.7960634827613831
  ],
  "focal_length": 1530.7855224609375,
  "principal_point": [
    545.5936889648438,
    719.1764526367188
  ],
  "skew": 0.0,
  "pixel_aspect_ratio": 1.0118895769119263,
  "radial_distortion": [
    0.03853635489940643,
    -0.009977939538657665,
    0.0
  ],
  "tangential_distortion": [
    -0.043332938104867935,
    0.0012109986273571849
  ],
  "image_size": [
    1072,
    1920
  ]
}