{
  "orientation": [
    [
      0.9966577887535095,
      0.07685137540102005,
      0.027696780860424042
    ],
    [
      -0.06868874281644821,
      0.9719164967536926,
      -0.2250782698392868
    ],
    [
      -0.04421653226017952,
      0.22242355346679688,
      0.9739469289779663
    ]
  ],
  "position": [
    0.5529481768608093,
    -2.732224941253662,
    0.09123891592025757
  ],
  "focal_length": 1530.7855224609375,
  "principal_point": [
    545.5936889648438,
    719.1764526367188
  ],
  "skew": 0.0,
  "pixel_aspect_ratio": 1.0118895769119263,
  "radial_distortion": [
    0.03853635489940643,
    -0.009977939538657665,
    0.0
  ],
  "tangential_distortion": [
    -0.043332938104867935,
    0.0012109986273571849
  ],
  "image_size": [
    1072,
    1920
  ]
}