{
  "orientation": [
    [
      0.9673376083374023,
      -0.061406590044498444,
      0.2459413856267929
    ],
    [
      0.05100526288151741,
      0.9975225925445557,
      0.048447106033563614
    ],
    [
      -0.24830706417560577,
      -0.0343204028904438,
      0.9680731892585754
    ]
  ],
  "position": [
    3.1004369258880615,
    3.267164468765259,
    0.12371854484081268
  ],
  "focal_length": 1530.7855224609375,
  "principal_point": [
    545.5936889648438,
    719.1764526367188
  ],
  "skew": 0.0,
  "pixel_aspect_ratio": 1.0118895769119263,
  "radial_distortion": [
    0.03853635489940643,
    -0.009977939538657665,
    0.0
  ],
  "tangential_distortion": [
    -0.043332938104867935,
    0.0012109986273571849
  ],
  "image_size": [
    1072,
    1920
  ]
}