{
  "orientation": [
    [
      0.9965317249298096,
      0.0677657499909401,
      -0.048293594270944595
    ],
    [
      -0.06512957066297531,
      0.99640291929245,
      0.054216351360082626
    ],
    [
      0.051793888211250305,
      -0.0508829727768898,
      0.9973606467247009
    ]
  ],
  "position": [
    -0.9946548342704773,
    1.0118061304092407,
    -1.7622275352478027
  ],
  "focal_length": 1530.7855224609375,
  "principal_point": [
    545.5936889648438,
    719.1764526367188
  ],
  "skew": 0.0,
  "pixel_aspect_ratio": 1.0118895769119263,
  "radial_distortion": [
    0.03853635489940643,
    -0.009977939538657665,
    0.0
  ],
  "tangential_distortion": [
    -0.043332938104867935,
    0.0012109986273571849
  ],
  "image_size": [
    1072,
    1920
  ]
}