{
  "orientation": [
    [
      0.9227005839347839,
      -0.10581406950950623,
      0.3707115352153778
    ],
    [
      0.10390311479568481,
      0.994268536567688,
      0.02518436126410961
    ],
    [
      -0.3712516725063324,
      0.015280460007488728,
      0.9284065365791321
    ]
  ],
  "position": [
    5.476109027862549,
    2.585146427154541,
    1.0216468572616577
  ],
  "focal_length": 1530.7855224609375,
  "principal_point": [
    545.5936889648438,
    719.1764526367188
  ],
  "skew": 0.0,
  "pixel_aspect_ratio": 1.0118895769119263,
  "radial_distortion": [
    0.03853635489940643,
    -0.009977939538657665,
    0.0
  ],
  "tangential_distortion": [
    -0.043332938104867935,
    0.0012109986273571849
  ],
  "image_size": [
    1072,
    1920
  ]
}