{
  "orientation": [
    [
      0.9934592843055725,
      -0.05890592560172081,
      0.09782014787197113
    ],
    [
      0.055281952023506165,
      0.9976948499679565,
      0.03935561701655388
    ],
    [
      -0.09991293400526047,
      -0.03369051218032837,
      0.9944256544113159
    ]
  ],
  "position": [
    2.018542528152466,
    0.6716905832290649,
    -1.9266142845153809
  ],
  "focal_length": 1530.7855224609375,
  "principal_point": [
    545.5936889648438,
    719.1764526367188
  ],
  "skew": 0.0,
  "pixel_aspect_ratio": 1.0118895769119263,
  "radial_distortion": [
    0.03853635489940643,
    -0.009977939538657665,
    0.0
  ],
  "tangential_distortion": [
    -0.043332938104867935,
    0.0012109986273571849
  ],
  "image_size": [
    1072,
    1920
  ]
}