{
  "orientation": [
    [
      0.9982922673225403,
      0.021191047504544258,
      -0.05443841964006424
    ],
    [
      -0.01988876610994339,
      0.9995055198669434,
      0.024353574961423874
    ],
    [
      0.054927580058574677,
      -0.023229271173477173,
      0.9982200860977173
    ]
  ],
  "position": [
    -0.8938058614730835,
    2.9615237712860107,
    1.1878557205200195
  ],
  "focal_length": 1530.7855224609375,
  "principal_point": [
    545.5936889648438,
    719.1764526367188
  ],
  "skew": 0.0,
  "pixel_aspect_ratio": 1.0118895769119263,
  "radial_distortion": [
    0.03853635489940643,
    -0.009977939538657665,
    0.0
  ],
  "tangential_distortion": [
    -0.043332938104867935,
    0.0012109986273571849
  ],
  "image_size": [
    1072,
    1920
  ]
}