{
  "orientation": [
    [
      0.992505669593811,
      0.08741629123687744,
      0.08538668602705002
    ],
    [
      -0.07788340747356415,
      0.9909611344337463,
      -0.10922566056251526
    ],
    [
      -0.09416298568248749,
      0.10175688564777374,
      0.9903427958488464
    ]
  ],
  "position": [
    0.3304462432861328,
    1.6326237916946411,
    0.3248242139816284
  ],
  "focal_length": 1530.7855224609375,
  "principal_point": [
    545.5936889648438,
    719.1764526367188
  ],
  "skew": 0.0,
  "pixel_aspect_ratio": 1.0118895769119263,
  "radial_distortion": [
    0.03853635489940643,
    -0.009977939538657665,
    0.0
  ],
  "tangential_distortion": [
    -0.043332938104867935,
    0.0012109986273571849
  ],
  "image_size": [
    1072,
    1920
  ]
}