{
  "orientation": [
    [
      0.9995415210723877,
      -0.02288251370191574,
      -0.019827302545309067
    ],
    [
      0.023583784699440002,
      0.9990774989128113,
      0.03588831052184105
    ],
    [
      0.01898779720067978,
      -0.03633945807814598,
      0.9991590976715088
    ]
  ],
  "position": [
    -0.6864156126976013,
    3.2587692737579346,
    1.1454344987869263
  ],
  "focal_length": 1530.7855224609375,
  "principal_point": [
    545.5936889648438,
    719.1764526367188
  ],
  "skew": 0.0,
  "pixel_aspect_ratio": 1.0118895769119263,
  "radial_distortion": [
    0.03853635489940643,
    -0.009977939538657665,
    0.0
  ],
  "tangential_distortion": [
    -0.043332938104867935,
    0.0012109986273571849
  ],
  "image_size": [
    1072,
    1920
  ]
}