{
  "orientation": [
    [
      0.9990130662918091,
      0.01074250414967537,
      0.0430985651910305
    ],
    [
      -0.005836423486471176,
      0.9936476945877075,
      -0.11238427460193634
    ],
    [
      -0.044032078236341476,
      0.11202181875705719,
      0.9927297234535217
    ]
  ],
  "position": [
    -0.08089972287416458,
    -1.3659635782241821,
    0.30859866738319397
  ],
  "focal_length": 1530.7855224609375,
  "principal_point": [
    545.5936889648438,
    719.1764526367188
  ],
  "skew": 0.0,
  "pixel_aspect_ratio": 1.0118895769119263,
  "radial_distortion": [
    0.03853635489940643,
    -0.009977939538657665,
    0.0
  ],
  "tangential_distortion": [
    -0.043332938104867935,
    0.0012109986273571849
  ],
  "image_size": [
    1072,
    1920
  ]
}