{
  "orientation": [
    [
      0.9752912521362305,
      -0.08975847065448761,
      0.20186734199523926
    ],
    [
      0.10671918839216232,
      0.9914756417274475,
      -0.07474687695503235
    ],
    [
      -0.193437397480011,
      0.09444309026002884,
      0.9765564203262329
    ]
  ],
  "position": [
    3.1876907348632812,
    -2.736661195755005,
    -1.5475956201553345
  ],
  "focal_length": 1530.7855224609375,
  "principal_point": [
    545.5936889648438,
    719.1764526367188
  ],
  "skew": 0.0,
  "pixel_aspect_ratio": 1.0118895769119263,
  "radial_distortion": [
    0.03853635489940643,
    -0.009977939538657665,
    0.0
  ],
  "tangential_distortion": [
    -0.043332938104867935,
    0.0012109986273571849
  ],
  "image_size": [
    1072,
    1920
  ]
}