{
  "orientation": [
    [
      0.9968916177749634,
      0.040657367557287216,
      0.06748366355895996
    ],
    [
      -0.02313673309981823,
      0.9698658585548401,
      -0.24253834784030914
    ],
    [
      -0.0753110721707344,
      0.24022310972213745,
      0.9677918553352356
    ]
  ],
  "position": [
    1.2798166275024414,
    -3.168426752090454,
    0.29997724294662476
  ],
  "focal_length": 1530.7855224609375,
  "principal_point": [
    545.5936889648438,
    719.1764526367188
  ],
  "skew": 0.0,
  "pixel_aspect_ratio": 1.0118895769119263,
  "radial_distortion": [
    0.03853635489940643,
    -0.009977939538657665,
    0.0
  ],
  "tangential_distortion": [
    -0.043332938104867935,
    0.0012109986273571849
  ],
  "image_size": [
    1072,
    1920
  ]
}