{
  "orientation": [
    [
      0.9995694756507874,
      0.021925071254372597,
      -0.019496096298098564
    ],
    [
      -0.02178291417658329,
      0.9997347593307495,
      0.007474238984286785
    ],
    [
      0.01965479925274849,
      -0.007046339567750692,
      0.9997819662094116
    ]
  ],
  "position": [
    -1.0771336555480957,
    0.8306765556335449,
    0.5414036512374878
  ],
  "focal_length": 1530.7855224609375,
  "principal_point": [
    545.5936889648438,
    719.1764526367188
  ],
  "skew": 0.0,
  "pixel_aspect_ratio": 1.0118895769119263,
  "radial_distortion": [
    0.03853635489940643,
    -0.009977939538657665,
    0.0
  ],
  "tangential_distortion": [
    -0.043332938104867935,
    0.0012109986273571849
  ],
  "image_size": [
    1072,
    1920
  ]
}