{
  "orientation": [
    [
      0.9288222789764404,
      -0.1520337015390396,
      0.33789780735969543
    ],
    [
      0.14475449919700623,
      0.9883602857589722,
      0.04679780453443527
    ],
    [
      -0.34107962250709534,
      0.005445384420454502,
      0.9400186538696289
    ]
  ],
  "position": [
    4.3603901863098145,
    -0.7848582863807678,
    -0.8147083520889282
  ],
  "focal_length": 1530.7855224609375,
  "principal_point": [
    545.5936889648438,
    719.1764526367188
  ],
  "skew": 0.0,
  "pixel_aspect_ratio": 1.0118895769119263,
  "radial_distortion": [
    0.03853635489940643,
    -0.009977939538657665,
    0.0
  ],
  "tangential_distortion": [
    -0.043332938104867935,
    0.0012109986273571849
  ],
  "image_size": [
    1072,
    1920
  ]
}