{
  "orientation": [
    [
      0.9451662302017212,
      -0.0836038589477539,
      0.3157075047492981
    ],
    [
      0.12205775827169418,
      0.9870560169219971,
      -0.10403040796518326
    ],
    [
      -0.30292364954948425,
      0.13686057925224304,
      0.9431365132331848
    ]
  ],
  "position": [
    3.3514814376831055,
    -2.6832990646362305,
    -0.19303202629089355
  ],
  "focal_length": 1530.7855224609375,
  "principal_point": [
    545.5936889648438,
    719.1764526367188
  ],
  "skew": 0.0,
  "pixel_aspect_ratio": 1.0118895769119263,
  "radial_distortion": [
    0.03853635489940643,
    -0.009977939538657665,
    0.0
  ],
  "tangential_distortion": [
    -0.043332938104867935,
    0.0012109986273571849
  ],
  "image_size": [
    1072,
    1920
  ]
}