{
  "orientation": [
    [
      0.990953266620636,
      -0.043553855270147324,
      0.12694361805915833
    ],
    [
      0.04347996786236763,
      0.99904865026474,
      0.003354285378009081
    ],
    [
      -0.12696895003318787,
      0.002195564564317465,
      0.9919042587280273
    ]
  ],
  "position": [
    3.3660476207733154,
    1.6574490070343018,
    0.3647727966308594
  ],
  "focal_length": 1530.7855224609375,
  "principal_point": [
    545.5936889648438,
    719.1764526367188
  ],
  "skew": 0.0,
  "pixel_aspect_ratio": 1.0118895769119263,
  "radial_distortion": [
    0.03853635489940643,
    -0.009977939538657665,
    0.0
  ],
  "tangential_distortion": [
    -0.043332938104867935,
    0.0012109986273571849
  ],
  "image_size": [
    1072,
    1920
  ]
}