{
  "orientation": [
    [
      0.9979078769683838,
      0.020367838442325592,
      0.06135983392596245
    ],
    [
      -0.022975319996476173,
      0.9988494515419006,
      0.04209347441792488
    ],
    [
      -0.060431886464357376,
      -0.043415170162916183,
      0.9972277283668518
    ]
  ],
  "position": [
    1.7251490354537964,
    2.79746675491333,
    -0.8400792479515076
  ],
  "focal_length": 1530.7855224609375,
  "principal_point": [
    545.5936889648438,
    719.1764526367188
  ],
  "skew": 0.0,
  "pixel_aspect_ratio": 1.0118895769119263,
  "radial_distortion": [
    0.03853635489940643,
    -0.009977939538657665,
    0.0
  ],
  "tangential_distortion": [
    -0.043332938104867935,
    0.0012109986273571849
  ],
  "image_size": [
    1072,
    1920
  ]
}