{
  "orientation": [
    [
      0.9146603941917419,
      -0.13736921548843384,
      0.38016581535339355
    ],
    [
      0.19893567264080048,
      0.9716803431510925,
      -0.1275223195552826
    ],
    [
      -0.3518820106983185,
      0.19226814806461334,
      0.9160851836204529
    ]
  ],
  "position": [
    3.054111957550049,
    -1.5920581817626953,
    1.5960993766784668
  ],
  "focal_length": 1530.7855224609375,
  "principal_point": [
    545.5936889648438,
    719.1764526367188
  ],
  "skew": 0.0,
  "pixel_aspect_ratio": 1.0118895769119263,
  "radial_distortion": [
    0.03853635489940643,
    -0.009977939538657665,
    0.0
  ],
  "tangential_distortion": [
    -0.043332938104867935,
    0.0012109986273571849
  ],
  "image_size": [
    1072,
    1920
  ]
}