{
  "orientation": [
    [
      0.9693244695663452,
      -0.08783122897148132,
      0.22955544292926788
    ],
    [
      0.07265681773424149,
      0.9946260452270508,
      0.07375645637512207
    ],
    [
      -0.23479993641376495,
      -0.05481517314910889,
      0.9704969525337219
    ]
  ],
  "position": [
    3.922842264175415,
    0.9286987781524658,
    -0.02646568790078163
  ],
  "focal_length": 1530.7855224609375,
  "principal_point": [
    545.5936889648438,
    719.1764526367188
  ],
  "skew": 0.0,
  "pixel_aspect_ratio": 1.0118895769119263,
  "radial_distortion": [
    0.03853635489940643,
    -0.009977939538657665,
    0.0
  ],
  "tangential_distortion": [
    -0.043332938104867935,
    0.0012109986273571849
  ],
  "image_size": [
    1072,
    1920
  ]
}