{
  "orientation": [
    [
      0.9757438898086548,
      -0.09074043482542038,
      0.19922351837158203
    ],
    [
      0.1026582196354866,
      0.9934436678886414,
      -0.05030841380357742
    ],
    [
      -0.1933523416519165,
      0.06954006105661392,
      0.9786618947982788
    ]
  ],
  "position": [
    3.368492603302002,
    -1.8258414268493652,
    -1.529852271080017
  ],
  "focal_length": 1530.7855224609375,
  "principal_point": [
    545.5936889648438,
    719.1764526367188
  ],
  "skew": 0.0,
  "pixel_aspect_ratio": 1.0118895769119263,
  "radial_distortion": [
    0.03853635489940643,
    -0.009977939538657665,
    0.0
  ],
  "tangential_distortion": [
    -0.043332938104867935,
    0.0012109986273571849
  ],
  "image_size": [
    1072,
    1920
  ]
}