{
  "orientation": [
    [
      0.9937035441398621,
      -0.020225776359438896,
      0.11020065099000931
    ],
    [
      0.03914056345820427,
      0.9842682480812073,
      -0.17229051887989044
    ],
    [
      -0.10498228669166565,
      0.17551901936531067,
      0.9788625240325928
    ]
  ],
  "position": [
    2.0122475624084473,
    -3.5610756874084473,
    -1.4023488759994507
  ],
  "focal_length": 1530.7855224609375,
  "principal_point": [
    545.5936889648438,
    719.1764526367188
  ],
  "skew": 0.0,
  "pixel_aspect_ratio": 1.0118895769119263,
  "radial_distortion": [
    0.03853635489940643,
    -0.009977939538657665,
    0.0
  ],
  "tangential_distortion": [
    -0.043332938104867935,
    0.0012109986273571849
  ],
  "image_size": [
    1072,
    1920
  ]
}