{
  "orientation": [
    [
      0.8739578723907471,
      -0.09942710399627686,
      0.4757224917411804
    ],
    [
      0.16638346016407013,
      0.9809105396270752,
      -0.10065329074859619
    ],
    [
      -0.4566335380077362,
      0.1671190857887268,
      0.873817503452301
    ]
  ],
  "position": [
    6.1310553550720215,
    0.05038867145776749,
    1.638738751411438
  ],
  "focal_length": 1530.7855224609375,
  "principal_point": [
    545.5936889648438,
    719.1764526367188
  ],
  "skew": 0.0,
  "pixel_aspect_ratio": 1.0118895769119263,
  "radial_distortion": [
    0.03853635489940643,
    -0.009977939538657665,
    0.0
  ],
  "tangential_distortion": [
    -0.043332938104867935,
    0.0012109986273571849
  ],
  "image_size": [
    1072,
    1920
  ]
}