{
  "orientation": [
    [
      0.8717900514602661,
      -0.11574272811412811,
      0.47601017355918884
    ],
    [
      0.16872914135456085,
      0.9831766486167908,
      -0.06995823979377747
    ],
    [
      -0.4599049389362335,
      0.14130568504333496,
      0.8766528367996216
    ]
  ],
  "position": [
    6.217989444732666,
    0.8081768751144409,
    1.6646603345870972
  ],
  "focal_length": 1530.7855224609375,
  "principal_point": [
    545.5936889648438,
    719.1764526367188
  ],
  "skew": 0.0,
  "pixel_aspect_ratio": 1.0118895769119263,
  "radial_distortion": [
    0.03853635489940643,
    -0.009977939538657665,
    0.0
  ],
  "tangential_distortion": [
    -0.043332938104867935,
    0.0012109986273571849
  ],
  "image_size": [
    1072,
    1920
  ]
}