{
  "orientation": [
    [
      0.9933608770370483,
      -0.02643687091767788,
      -0.1119609996676445
    ],
    [
      0.023363623768091202,
      0.9993157386779785,
      -0.028673134744167328
    ],
    [
      0.11264241486787796,
      0.025866955518722534,
      0.9932988286018372
    ]
  ],
  "position": [
    -1.9284451007843018,
    2.332348585128784,
    1.6297210454940796
  ],
  "focal_length": 1530.7855224609375,
  "principal_point": [
    545.5936889648438,
    719.1764526367188
  ],
  "skew": 0.0,
  "pixel_aspect_ratio": 1.0118895769119263,
  "radial_distortion": [
    0.03853635489940643,
    -0.009977939538657665,
    0.0
  ],
  "tangential_distortion": [
    -0.043332938104867935,
    0.0012109986273571849
  ],
  "image_size": [
    1072,
    1920
  ]
}