{
  "orientation": [
    [
      0.9973931312561035,
      0.04694598168134689,
      -0.05480019375681877
    ],
    [
      -0.050515927374362946,
      0.9965606927871704,
      -0.06568804383277893
    ],
    [
      0.051527928560972214,
      0.06828508526086807,
      0.9963343143463135
    ]
  ],
  "position": [
    -0.6495985388755798,
    -2.5829007625579834,
    -1.5109626054763794
  ],
  "focal_length": 1530.7855224609375,
  "principal_point": [
    545.5936889648438,
    719.1764526367188
  ],
  "skew": 0.0,
  "pixel_aspect_ratio": 1.0118895769119263,
  "radial_distortion": [
    0.03853635489940643,
    -0.009977939538657665,
    0.0
  ],
  "tangential_distortion": [
    -0.043332938104867935,
    0.0012109986273571849
  ],
  "image_size": [
    1072,
    1920
  ]
}