{
  "orientation": [
    [
      0.9918217658996582,
      0.12304029613733292,
      -0.03392229974269867
    ],
    [
      -0.12748241424560547,
      0.967851459980011,
      -0.21682187914848328
    ],
    [
      0.006153917405754328,
      0.21937315165996552,
      0.9756216406822205
    ]
  ],
  "position": [
    0.23091314733028412,
    -0.7743075489997864,
    -0.8380914926528931
  ],
  "focal_length": 1530.7855224609375,
  "principal_point": [
    545.5936889648438,
    719.1764526367188
  ],
  "skew": 0.0,
  "pixel_aspect_ratio": 1.0118895769119263,
  "radial_distortion": [
    0.03853635489940643,
    -0.009977939538657665,
    0.0
  ],
  "tangential_distortion": [
    -0.043332938104867935,
    0.0012109986273571849
  ],
  "image_size": [
    1072,
    1920
  ]
}