{
  "orientation": [
    [
      0.9919224381446838,
      -0.0338902622461319,
      0.12223479151725769
    ],
    [
      0.030439898371696472,
      0.9990867376327515,
      0.029985686764121056
    ],
    [
      -0.12313937395811081,
      -0.026022661477327347,
      0.9920481443405151
    ]
  ],
  "position": [
    3.0887491703033447,
    0.9754366874694824,
    -1.2331382036209106
  ],
  "focal_length": 1530.7855224609375,
  "principal_point": [
    545.5936889648438,
    719.1764526367188
  ],
  "skew": 0.0,
  "pixel_aspect_ratio": 1.0118895769119263,
  "radial_distortion": [
    0.03853635489940643,
    -0.009977939538657665,
    0.0
  ],
  "tangential_distortion": [
    -0.043332938104867935,
    0.0012109986273571849
  ],
  "image_size": [
    1072,
    1920
  ]
}