{
  "orientation": [
    [
      0.9933267831802368,
      0.05690612271428108,
      0.10031746327877045
    ],
    [
      -0.03458457440137863,
      0.976740837097168,
      -0.2116156965494156
    ],
    [
      -0.11002638936042786,
      0.20673410594463348,
      0.9721909165382385
    ]
  ],
  "position": [
    0.43005985021591187,
    -1.7452528476715088,
    -0.2235264629125595
  ],
  "focal_length": 1530.7855224609375,
  "principal_point": [
    545.5936889648438,
    719.1764526367188
  ],
  "skew": 0.0,
  "pixel_aspect_ratio": 1.0118895769119263,
  "radial_distortion": [
    0.03853635489940643,
    -0.009977939538657665,
    0.0
  ],
  "tangential_distortion": [
    -0.043332938104867935,
    0.0012109986273571849
  ],
  "image_size": [
    1072,
    1920
  ]
}