{
  "orientation": [
    [
      0.9611786603927612,
      -0.0591452494263649,
      0.26951321959495544
    ],
    [
      0.07082691788673401,
      0.9969151616096497,
      -0.03381848335266113
    ],
    [
      -0.26668161153793335,
      0.05159439891576767,
      0.9624027013778687
    ]
  ],
  "position": [
    4.410643100738525,
    1.2046105861663818,
    -0.3600287437438965
  ],
  "focal_length": 1530.7855224609375,
  "principal_point": [
    545.5936889648438,
    719.1764526367188
  ],
  "skew": 0.0,
  "pixel_aspect_ratio": 1.0118895769119263,
  "radial_distortion": [
    0.03853635489940643,
    -0.009977939538657665,
    0.0
  ],
  "tangential_distortion": [
    -0.043332938104867935,
    0.0012109986273571849
  ],
  "image_size": [
    1072,
    1920
  ]
}