{
  "orientation": [
    [
      0.9380141496658325,
      -0.09290929138660431,
      0.3339121639728546
    ],
    [
      0.1788344830274582,
      0.9549939036369324,
      -0.23665346205234528
    ],
    [
      -0.2968967854976654,
      0.2816992998123169,
      0.9124131798744202
    ]
  ],
  "position": [
    4.199362277984619,
    -3.3636634349823,
    2.3827810287475586
  ],
  "focal_length": 1530.7855224609375,
  "principal_point": [
    545.5936889648438,
    719.1764526367188
  ],
  "skew": 0.0,
  "pixel_aspect_ratio": 1.0118895769119263,
  "radial_distortion": [
    0.03853635489940643,
    -0.009977939538657665,
    0.0
  ],
  "tangential_distortion": [
    -0.043332938104867935,
    0.0012109986273571849
  ],
  "image_size": [
    1072,
    1920
  ]
}