{
  "orientation": [
    [
      0.9920051693916321,
      0.11259490251541138,
      0.05699281767010689
    ],
    [
      -0.09787556529045105,
      0.9715304970741272,
      -0.21575197577476501
    ],
    [
      -0.07966282963752747,
      0.2084488719701767,
      0.9747835397720337
    ]
  ],
  "position": [
    0.2099693864583969,
    -1.557499647140503,
    1.1319704055786133
  ],
  "focal_length": 1530.7855224609375,
  "principal_point": [
    545.5936889648438,
    719.1764526367188
  ],
  "skew": 0.0,
  "pixel_aspect_ratio": 1.0118895769119263,
  "radial_distortion": [
    0.03853635489940643,
    -0.009977939538657665,
    0.0
  ],
  "tangential_distortion": [
    -0.043332938104867935,
    0.0012109986273571849
  ],
  "image_size": [
    1072,
    1920
  ]
}