{
  "orientation": [
    [
      0.9926629066467285,
      -0.03957150876522064,
      0.11425592005252838
    ],
    [
      0.05631503835320473,
      0.9874934554100037,
      -0.14725926518440247
    ],
    [
      -0.1069997027516365,
      0.15261313319206238,
      0.9824765920639038
    ]
  ],
  "position": [
    1.4532686471939087,
    -3.6118085384368896,
    -1.027337670326233
  ],
  "focal_length": 1530.7855224609375,
  "principal_point": [
    545.5936889648438,
    719.1764526367188
  ],
  "skew": 0.0,
  "pixel_aspect_ratio": 1.0118895769119263,
  "radial_distortion": [
    0.03853635489940643,
    -0.009977939538657665,
    0.0
  ],
  "tangential_distortion": [
    -0.043332938104867935,
    0.0012109986273571849
  ],
  "image_size": [
    1072,
    1920
  ]
}