{
  "orientation": [
    [
      0.9986416697502136,
      0.046258844435214996,
      0.023977728560566902
    ],
    [
      -0.04636507108807564,
      0.9989169836044312,
      0.003892996348440647
    ],
    [
      -0.023771675303578377,
      -0.004999437369406223,
      0.999704897403717
    ]
  ],
  "position": [
    1.0781376361846924,
    2.4516875743865967,
    -1.455875039100647
  ],
  "focal_length": 1530.7855224609375,
  "principal_point": [
    545.5936889648438,
    719.1764526367188
  ],
  "skew": 0.0,
  "pixel_aspect_ratio": 1.0118895769119263,
  "radial_distortion": [
    0.03853635489940643,
    -0.009977939538657665,
    0.0
  ],
  "tangential_distortion": [
    -0.043332938104867935,
    0.0012109986273571849
  ],
  "image_size": [
    1072,
    1920
  ]
}