{
  "orientation": [
    [
      0.9978578686714172,
      0.05094978213310242,
      -0.04103373736143112
    ],
    [
      -0.053310561925172806,
      0.996853768825531,
      -0.05865617096424103
    ],
    [
      0.037916116416454315,
      0.060718052089214325,
      0.9974345564842224
    ]
  ],
  "position": [
    -0.07688417285680771,
    -0.26244962215423584,
    -0.1419891119003296
  ],
  "focal_length": 1530.7855224609375,
  "principal_point": [
    545.5936889648438,
    719.1764526367188
  ],
  "skew": 0.0,
  "pixel_aspect_ratio": 1.0118895769119263,
  "radial_distortion": [
    0.03853635489940643,
    -0.009977939538657665,
    0.0
  ],
  "tangential_distortion": [
    -0.043332938104867935,
    0.0012109986273571849
  ],
  "image_size": [
    1072,
    1920
  ]
}