{
  "orientation": [
    [
      0.9971412420272827,
      0.06311672925949097,
      -0.04154030978679657
    ],
    [
      -0.06823822855949402,
      0.9883061647415161,
      -0.13636146485805511
    ],
    [
      0.03244785591959953,
      0.1388062834739685,
      0.9897878170013428
    ]
  ],
  "position": [
    0.1803828775882721,
    -2.0244107246398926,
    -0.8597511649131775
  ],
  "focal_length": 1530.7855224609375,
  "principal_point": [
    545.5936889648438,
    719.1764526367188
  ],
  "skew": 0.0,
  "pixel_aspect_ratio": 1.0118895769119263,
  "radial_distortion": [
    0.03853635489940643,
    -0.009977939538657665,
    0.0
  ],
  "tangential_distortion": [
    -0.043332938104867935,
    0.0012109986273571849
  ],
  "image_size": [
    1072,
    1920
  ]
}