{
  "orientation": [
    [
      0.9968011379241943,
      0.07992134243249893,
      -0.00029222428565844893
    ],
    [
      -0.07946609705686569,
      0.9907200336456299,
      -0.11026765406131744
    ],
    [
      -0.008523226715624332,
      0.10993814468383789,
      0.9939019083976746
    ]
  ],
  "position": [
    -0.6451050639152527,
    -0.5475611686706543,
    -0.3040529787540436
  ],
  "focal_length": 1530.7855224609375,
  "principal_point": [
    545.5936889648438,
    719.1764526367188
  ],
  "skew": 0.0,
  "pixel_aspect_ratio": 1.0118895769119263,
  "radial_distortion": [
    0.03853635489940643,
    -0.009977939538657665,
    0.0
  ],
  "tangential_distortion": [
    -0.043332938104867935,
    0.0012109986273571849
  ],
  "image_size": [
    1072,
    1920
  ]
}