{
  "orientation": [
    [
      0.9693080186843872,
      -0.10808400809764862,
      0.22081610560417175
    ],
    [
      0.11024133861064911,
      0.9939015507698059,
      0.002567952498793602
    ],
    [
      -0.21974702179431915,
      0.02185392752289772,
      0.9753120541572571
    ]
  ],
  "position": [
    3.9972071647644043,
    -0.017516613006591797,
    -0.6254010200500488
  ],
  "focal_length": 1530.7855224609375,
  "principal_point": [
    545.5936889648438,
    719.1764526367188
  ],
  "skew": 0.0,
  "pixel_aspect_ratio": 1.0118895769119263,
  "radial_distortion": [
    0.03853635489940643,
    -0.009977939538657665,
    0.0
  ],
  "tangential_distortion": [
    -0.043332938104867935,
    0.0012109986273571849
  ],
  "image_size": [
    1072,
    1920
  ]
}