{
  "orientation": [
    [
      0.9911313056945801,
      -0.05347716435790062,
      -0.12165087461471558
    ],
    [
      0.046341679990291595,
      0.9970767498016357,
      -0.06074881553649902
    ],
    [
      0.1245439350605011,
      0.05457254871726036,
      0.9907121658325195
    ]
  ],
  "position": [
    -0.8691831827163696,
    2.417034864425659,
    1.9525889158248901
  ],
  "focal_length": 1530.7855224609375,
  "principal_point": [
    545.5936889648438,
    719.1764526367188
  ],
  "skew": 0.0,
  "pixel_aspect_ratio": 1.0118895769119263,
  "radial_distortion": [
    0.03853635489940643,
    -0.009977939538657665,
    0.0
  ],
  "tangential_distortion": [
    -0.043332938104867935,
    0.0012109986273571849
  ],
  "image_size": [
    1072,
    1920
  ]
}