{
  "orientation": [
    [
      0.9811273217201233,
      -0.012041409499943256,
      0.19298744201660156
    ],
    [
      0.054803550243377686,
      0.9744502902030945,
      -0.21781472861766815
    ],
    [
      -0.18543386459350586,
      0.22428038716316223,
      0.956719696521759
    ]
  ],
  "position": [
    2.4702649116516113,
    -3.0922670364379883,
    0.8257978558540344
  ],
  "focal_length": 1530.7855224609375,
  "principal_point": [
    545.5936889648438,
    719.1764526367188
  ],
  "skew": 0.0,
  "pixel_aspect_ratio": 1.0118895769119263,
  "radial_distortion": [
    0.03853635489940643,
    -0.009977939538657665,
    0.0
  ],
  "tangential_distortion": [
    -0.043332938104867935,
    0.0012109986273571849
  ],
  "image_size": [
    1072,
    1920
  ]
}