{
  "orientation": [
    [
      0.9880686402320862,
      -0.023471089079976082,
      0.15221534669399261
    ],
    [
      0.01227495912462473,
      0.9971766471862793,
      0.07408136129379272
    ],
    [
      -0.15352436900138855,
      -0.0713290274143219,
      0.9855670928955078
    ]
  ],
  "position": [
    1.305866003036499,
    3.2180373668670654,
    -0.4024456739425659
  ],
  "focal_length": 1530.7855224609375,
  "principal_point": [
    545.5936889648438,
    719.1764526367188
  ],
  "skew": 0.0,
  "pixel_aspect_ratio": 1.0118895769119263,
  "radial_distortion": [
    0.03853635489940643,
    -0.009977939538657665,
    0.0
  ],
  "tangential_distortion": [
    -0.043332938104867935,
    0.0012109986273571849
  ],
  "image_size": [
    1072,
    1920
  ]
}