{
  "orientation": [
    [
      0.9998863339424133,
      -0.011610820889472961,
      -0.009619725868105888
    ],
    [
      0.011851772665977478,
      0.9996075630187988,
      0.025381283834576607
    ],
    [
      0.00932125374674797,
      -0.025492409244179726,
      0.9996315836906433
    ]
  ],
  "position": [
    0.045989565551280975,
    3.5412967205047607,
    1.3286850452423096
  ],
  "focal_length": 1530.7855224609375,
  "principal_point": [
    545.5936889648438,
    719.1764526367188
  ],
  "skew": 0.0,
  "pixel_aspect_ratio": 1.0118895769119263,
  "radial_distortion": [
    0.03853635489940643,
    -0.009977939538657665,
    0.0
  ],
  "tangential_distortion": [
    -0.043332938104867935,
    0.0012109986273571849
  ],
  "image_size": [
    1072,
    1920
  ]
}