{
  "orientation": [
    [
      0.9955945611000061,
      0.05091960355639458,
      0.07873159646987915
    ],
    [
      -0.04915327951312065,
      0.998497724533081,
      -0.02421354502439499
    ],
    [
      -0.07984626293182373,
      0.02023695781826973,
      0.9966017603874207
    ]
  ],
  "position": [
    -0.4923999011516571,
    1.707871437072754,
    -0.29545390605926514
  ],
  "focal_length": 1530.7855224609375,
  "principal_point": [
    545.5936889648438,
    719.1764526367188
  ],
  "skew": 0.0,
  "pixel_aspect_ratio": 1.0118895769119263,
  "radial_distortion": [
    0.03853635489940643,
    -0.009977939538657665,
    0.0
  ],
  "tangential_distortion": [
    -0.043332938104867935,
    0.0012109986273571849
  ],
  "image_size": [
    1072,
    1920
  ]
}