{
  "orientation": [
    [
      0.9903934597969055,
      0.058146461844444275,
      0.12545818090438843
    ],
    [
      -0.029005279764533043,
      0.9744637608528137,
      -0.22266367077827454
    ],
    [
      -0.135201558470726,
      0.21688570082187653,
      0.9667890667915344
    ]
  ],
  "position": [
    1.1844472885131836,
    -2.8116366863250732,
    0.5815553069114685
  ],
  "focal_length": 1530.7855224609375,
  "principal_point": [
    545.5936889648438,
    719.1764526367188
  ],
  "skew": 0.0,
  "pixel_aspect_ratio": 1.0118895769119263,
  "radial_distortion": [
    0.03853635489940643,
    -0.009977939538657665,
    0.0
  ],
  "tangential_distortion": [
    -0.043332938104867935,
    0.0012109986273571849
  ],
  "image_size": [
    1072,
    1920
  ]
}