{
  "orientation": [
    [
      0.9923039674758911,
      0.007403730880469084,
      0.12360424548387527
    ],
    [
      0.024402011185884476,
      0.9669436812400818,
      -0.2538197636604309
    ],
    [
      -0.12139756232500076,
      0.2548825740814209,
      0.9593213796615601
    ]
  ],
  "position": [
    2.0587902069091797,
    -3.1682350635528564,
    0.6665055751800537
  ],
  "focal_length": 1530.7855224609375,
  "principal_point": [
    545.5936889648438,
    719.1764526367188
  ],
  "skew": 0.0,
  "pixel_aspect_ratio": 1.0118895769119263,
  "radial_distortion": [
    0.03853635489940643,
    -0.009977939538657665,
    0.0
  ],
  "tangential_distortion": [
    -0.043332938104867935,
    0.0012109986273571849
  ],
  "image_size": [
    1072,
    1920
  ]
}