{
  "orientation": [
    [
      0.9688579440116882,
      0.011078703217208385,
      0.24736914038658142
    ],
    [
      0.06003451347351074,
      0.9586829543113708,
      -0.27806976437568665
    ],
    [
      -0.24022923409938812,
      0.2842608094215393,
      0.9281625747680664
    ]
  ],
  "position": [
    3.156334400177002,
    -2.1876704692840576,
    0.21088242530822754
  ],
  "focal_length": 1530.7855224609375,
  "principal_point": [
    545.5936889648438,
    719.1764526367188
  ],
  "skew": 0.0,
  "pixel_aspect_ratio": 1.0118895769119263,
  "radial_distortion": [
    0.03853635489940643,
    -0.009977939538657665,
    0.0
  ],
  "tangential_distortion": [
    -0.043332938104867935,
    0.0012109986273571849
  ],
  "image_size": [
    1072,
    1920
  ]
}