{
  "orientation": [
    [
      0.8822731971740723,
      -0.11102534085512161,
      0.45745745301246643
    ],
    [
      0.1482265144586563,
      0.9878775477409363,
      -0.04611758887767792
    ],
    [
      -0.44679173827171326,
      0.10849563777446747,
      0.8880348205566406
    ]
  ],
  "position": [
    6.3340373039245605,
    1.4318161010742188,
    1.6713285446166992
  ],
  "focal_length": 1530.7855224609375,
  "principal_point": [
    545.5936889648438,
    719.1764526367188
  ],
  "skew": 0.0,
  "pixel_aspect_ratio": 1.0118895769119263,
  "radial_distortion": [
    0.03853635489940643,
    -0.009977939538657665,
    0.0
  ],
  "tangential_distortion": [
    -0.043332938104867935,
    0.0012109986273571849
  ],
  "image_size": [
    1072,
    1920
  ]
}