{
  "orientation": [
    [
      0.9952470064163208,
      0.08659300953149796,
      -0.04455321282148361
    ],
    [
      -0.08792496472597122,
      0.9957090616226196,
      -0.028855720534920692
    ],
    [
      0.0418633371591568,
      0.03263590857386589,
      0.9985901713371277
    ]
  ],
  "position": [
    -0.38537418842315674,
    2.163604497909546,
    -1.1578032970428467
  ],
  "focal_length": 1530.7855224609375,
  "principal_point": [
    545.5936889648438,
    719.1764526367188
  ],
  "skew": 0.0,
  "pixel_aspect_ratio": 1.0118895769119263,
  "radial_distortion": [
    0.03853635489940643,
    -0.009977939538657665,
    0.0
  ],
  "tangential_distortion": [
    -0.043332938104867935,
    0.0012109986273571849
  ],
  "image_size": [
    1072,
    1920
  ]
}