{
  "orientation": [
    [
      0.960620105266571,
      -0.04386086016893387,
      0.27438148856163025
    ],
    [
      0.09446119517087936,
      0.9802004098892212,
      -0.17402374744415283
    ],
    [
      -0.2613160014152527,
      0.19308911263942719,
      0.9457433819770813
    ]
  ],
  "position": [
    3.1908867359161377,
    -1.7857025861740112,
    0.3032792806625366
  ],
  "focal_length": 1530.7855224609375,
  "principal_point": [
    545.5936889648438,
    719.1764526367188
  ],
  "skew": 0.0,
  "pixel_aspect_ratio": 1.0118895769119263,
  "radial_distortion": [
    0.03853635489940643,
    -0.009977939538657665,
    0.0
  ],
  "tangential_distortion": [
    -0.043332938104867935,
    0.0012109986273571849
  ],
  "image_size": [
    1072,
    1920
  ]
}