{
  "orientation": [
    [
      0.9811881184577942,
      -0.080027736723423,
      0.17568561434745789
    ],
    [
      0.07464023679494858,
      0.9965211749076843,
      0.03707314282655716
    ],
    [
      -0.17804130911827087,
      -0.023262513801455498,
      0.9837480187416077
    ]
  ],
  "position": [
    3.7038557529449463,
    0.5576655268669128,
    -0.9741549491882324
  ],
  "focal_length": 1530.7855224609375,
  "principal_point": [
    545.5936889648438,
    719.1764526367188
  ],
  "skew": 0.0,
  "pixel_aspect_ratio": 1.0118895769119263,
  "radial_distortion": [
    0.03853635489940643,
    -0.009977939538657665,
    0.0
  ],
  "tangential_distortion": [
    -0.043332938104867935,
    0.0012109986273571849
  ],
  "image_size": [
    1072,
    1920
  ]
}