{
  "orientation": [
    [
      0.9984142184257507,
      -0.002327428897842765,
      0.05624627321958542
    ],
    [
      0.010063732974231243,
      0.9904289841651917,
      -0.13765570521354675
    ],
    [
      -0.05538756027817726,
      0.13800346851348877,
      0.9888818264007568
    ]
  ],
  "position": [
    0.6208090782165527,
    -3.6069560050964355,
    -1.2225680351257324
  ],
  "focal_length": 1530.7855224609375,
  "principal_point": [
    545.5936889648438,
    719.1764526367188
  ],
  "skew": 0.0,
  "pixel_aspect_ratio": 1.0118895769119263,
  "radial_distortion": [
    0.03853635489940643,
    -0.009977939538657665,
    0.0
  ],
  "tangential_distortion": [
    -0.043332938104867935,
    0.0012109986273571849
  ],
  "image_size": [
    1072,
    1920
  ]
}