{
  "orientation": [
    [
      0.9894193410873413,
      0.12331871688365936,
      -0.07643171399831772
    ],
    [
      -0.13140837848186493,
      0.9849974513053894,
      -0.11185628175735474
    ],
    [
      0.06149107217788696,
      0.12071653455495834,
      0.9907807111740112
    ]
  ],
  "position": [
    -0.4661560356616974,
    1.221978783607483,
    -0.934901773929596
  ],
  "focal_length": 1530.7855224609375,
  "principal_point": [
    545.5936889648438,
    719.1764526367188
  ],
  "skew": 0.0,
  "pixel_aspect_ratio": 1.0118895769119263,
  "radial_distortion": [
    0.03853635489940643,
    -0.009977939538657665,
    0.0
  ],
  "tangential_distortion": [
    -0.043332938104867935,
    0.0012109986273571849
  ],
  "image_size": [
    1072,
    1920
  ]
}