{
  "orientation": [
    [
      0.9606692790985107,
      -0.05188512057065964,
      0.2728048264980316
    ],
    [
      0.09888370335102081,
      0.9819122552871704,
      -0.16146306693553925
    ],
    [
      -0.2594928741455078,
      0.18208855390548706,
      0.9484235644340515
    ]
  ],
  "position": [
    2.732329845428467,
    -3.077725648880005,
    0.05443752184510231
  ],
  "focal_length": 1530.7855224609375,
  "principal_point": [
    545.5936889648438,
    719.1764526367188
  ],
  "skew": 0.0,
  "pixel_aspect_ratio": 1.0118895769119263,
  "radial_distortion": [
    0.03853635489940643,
    -0.009977939538657665,
    0.0
  ],
  "tangential_distortion": [
    -0.043332938104867935,
    0.0012109986273571849
  ],
  "image_size": [
    1072,
    1920
  ]
}