{
  "orientation": [
    [
      0.9915267825126648,
      -0.00021111937530804425,
      0.12990227341651917
    ],
    [
      -0.0008136772084981203,
      0.999968945980072,
      0.007835856638848782
    ],
    [
      -0.12989990413188934,
      -0.007875160314142704,
      0.9914958477020264
    ]
  ],
  "position": [
    3.088188886642456,
    1.9309958219528198,
    -1.4081456661224365
  ],
  "focal_length": 1530.7855224609375,
  "principal_point": [
    545.5936889648438,
    719.1764526367188
  ],
  "skew": 0.0,
  "pixel_aspect_ratio": 1.0118895769119263,
  "radial_distortion": [
    0.03853635489940643,
    -0.009977939538657665,
    0.0
  ],
  "tangential_distortion": [
    -0.043332938104867935,
    0.0012109986273571849
  ],
  "image_size": [
    1072,
    1920
  ]
}