{
  "orientation": [
    [
      0.9293197989463806,
      -0.04525500535964966,
      0.366492360830307
    ],
    [
      0.139724463224411,
      0.9617679715156555,
      -0.23554080724716187
    ],
    [
      -0.34182119369506836,
      0.2701006829738617,
      0.9001132845878601
    ]
  ],
  "position": [
    4.450717449188232,
    -1.9476947784423828,
    0.8994004726409912
  ],
  "focal_length": 1530.7855224609375,
  "principal_point": [
    545.5936889648438,
    719.1764526367188
  ],
  "skew": 0.0,
  "pixel_aspect_ratio": 1.0118895769119263,
  "radial_distortion": [
    0.03853635489940643,
    -0.009977939538657665,
    0.0
  ],
  "tangential_distortion": [
    -0.043332938104867935,
    0.0012109986273571849
  ],
  "image_size": [
    1072,
    1920
  ]
}