{
  "orientation": [
    [
      0.9684814810752869,
      -0.03213321417570114,
      0.24700428545475006
    ],
    [
      0.08261257410049438,
      0.976952314376831,
      -0.19682301580905914
    ],
    [
      -0.23498685657978058,
      0.21102510392665863,
      0.9488148093223572
    ]
  ],
  "position": [
    3.424363613128662,
    -2.936933994293213,
    0.8359311819076538
  ],
  "focal_length": 1530.7855224609375,
  "principal_point": [
    545.5936889648438,
    719.1764526367188
  ],
  "skew": 0.0,
  "pixel_aspect_ratio": 1.0118895769119263,
  "radial_distortion": [
    0.03853635489940643,
    -0.009977939538657665,
    0.0
  ],
  "tangential_distortion": [
    -0.043332938104867935,
    0.0012109986273571849
  ],
  "image_size": [
    1072,
    1920
  ]
}