{
  "orientation": [
    [
      0.9597207307815552,
      -0.04873497411608696,
      0.27669671177864075
    ],
    [
      0.1253557652235031,
      0.9556553363800049,
      -0.26647472381591797
    ],
    [
      -0.25144004821777344,
      0.2904268503189087,
      0.9232714176177979
    ]
  ],
  "position": [
    3.8182859420776367,
    -3.4409019947052,
    2.001347064971924
  ],
  "focal_length": 1530.7855224609375,
  "principal_point": [
    545.5936889648438,
    719.1764526367188
  ],
  "skew": 0.0,
  "pixel_aspect_ratio": 1.0118895769119263,
  "radial_distortion": [
    0.03853635489940643,
    -0.009977939538657665,
    0.0
  ],
  "tangential_distortion": [
    -0.043332938104867935,
    0.0012109986273571849
  ],
  "image_size": [
    1072,
    1920
  ]
}