{
  "orientation": [
    [
      0.9318912625312805,
      -0.16091962158679962,
      0.32509005069732666
    ],
    [
      0.14807891845703125,
      0.9869000911712646,
      0.06403803825378418
    ],
    [
      -0.3311363756656647,
      -0.011537508107721806,
      0.9435123801231384
    ]
  ],
  "position": [
    4.399365425109863,
    -0.11634223908185959,
    -0.6472637057304382
  ],
  "focal_length": 1530.7855224609375,
  "principal_point": [
    545.5936889648438,
    719.1764526367188
  ],
  "skew": 0.0,
  "pixel_aspect_ratio": 1.0118895769119263,
  "radial_distortion": [
    0.03853635489940643,
    -0.009977939538657665,
    0.0
  ],
  "tangential_distortion": [
    -0.043332938104867935,
    0.0012109986273571849
  ],
  "image_size": [
    1072,
    1920
  ]
}