{
  "orientation": [
    [
      0.9805652499198914,
      -0.004056763369590044,
      0.1961512714624405
    ],
    [
      0.042457640171051025,
      0.9804822206497192,
      -0.19196869432926178
    ],
    [
      -0.1915440559387207,
      0.19656595587730408,
      0.9615990519523621
    ]
  ],
  "position": [
    1.838574767112732,
    -3.0037026405334473,
    0.14445753395557404
  ],
  "focal_length": 1530.7855224609375,
  "principal_point": [
    545.5936889648438,
    719.1764526367188
  ],
  "skew": 0.0,
  "pixel_aspect_ratio": 1.0118895769119263,
  "radial_distortion": [
    0.03853635489940643,
    -0.009977939538657665,
    0.0
  ],
  "tangential_distortion": [
    -0.043332938104867935,
    0.0012109986273571849
  ],
  "image_size": [
    1072,
    1920
  ]
}