{
  "orientation": [
    [
      0.9996908903121948,
      -0.02148047462105751,
      0.012520520016551018
    ],
    [
      0.0205110851675272,
      0.9971215724945068,
      0.07299218326807022
    ],
    [
      -0.014052387326955795,
      -0.07271280884742737,
      0.9972538948059082
    ]
  ],
  "position": [
    1.5406817197799683,
    3.4576263427734375,
    0.024500977247953415
  ],
  "focal_length": 1530.7855224609375,
  "principal_point": [
    545.5936889648438,
    719.1764526367188
  ],
  "skew": 0.0,
  "pixel_aspect_ratio": 1.0118895769119263,
  "radial_distortion": [
    0.03853635489940643,
    -0.009977939538657665,
    0.0
  ],
  "tangential_distortion": [
    -0.043332938104867935,
    0.0012109986273571849
  ],
  "image_size": [
    1072,
    1920
  ]
}