{
  "orientation": [
    [
      0.9369082450866699,
      -0.12206605076789856,
      0.3275711238384247
    ],
    [
      0.1301010400056839,
      0.9914972186088562,
      -0.002639393089339137
    ],
    [
      -0.32446369528770447,
      0.045090217143297195,
      0.9448228478431702
    ]
  ],
  "position": [
    4.561482906341553,
    -0.6411837935447693,
    0.7776122689247131
  ],
  "focal_length": 1530.7855224609375,
  "principal_point": [
    545.5936889648438,
    719.1764526367188
  ],
  "skew": 0.0,
  "pixel_aspect_ratio": 1.0118895769119263,
  "radial_distortion": [
    0.03853635489940643,
    -0.009977939538657665,
    0.0
  ],
  "tangential_distortion": [
    -0.043332938104867935,
    0.0012109986273571849
  ],
  "image_size": [
    1072,
    1920
  ]
}