{
  "orientation": [
    [
      0.9951267242431641,
      0.033757176250219345,
      -0.09264594316482544
    ],
    [
      -0.03876779228448868,
      0.9978508353233337,
      -0.05282733216881752
    ],
    [
      0.09066352993249893,
      0.05616156756877899,
      0.9942967295646667
    ]
  ],
  "position": [
    -1.4761594533920288,
    2.031433582305908,
    1.7184475660324097
  ],
  "focal_length": 1530.7855224609375,
  "principal_point": [
    545.5936889648438,
    719.1764526367188
  ],
  "skew": 0.0,
  "pixel_aspect_ratio": 1.0118895769119263,
  "radial_distortion": [
    0.03853635489940643,
    -0.009977939538657665,
    0.0
  ],
  "tangential_distortion": [
    -0.043332938104867935,
    0.0012109986273571849
  ],
  "image_size": [
    1072,
    1920
  ]
}