{
  "orientation": [
    [
      0.9840840697288513,
      0.033527735620737076,
      0.17451192438602448
    ],
    [
      0.01865788735449314,
      0.9571178555488586,
      -0.28909730911254883
    ],
    [
      -0.1767212599515915,
      0.28775206208229065,
      0.9412589073181152
    ]
  ],
  "position": [
    2.4614193439483643,
    -2.0810892581939697,
    -0.15483397245407104
  ],
  "focal_length": 1530.7855224609375,
  "principal_point": [
    545.5936889648438,
    719.1764526367188
  ],
  "skew": 0.0,
  "pixel_aspect_ratio": 1.0118895769119263,
  "radial_distortion": [
    0.03853635489940643,
    -0.009977939538657665,
    0.0
  ],
  "tangential_distortion": [
    -0.043332938104867935,
    0.0012109986273571849
  ],
  "image_size": [
    1072,
    1920
  ]
}